{"type":"FeatureCollection","srid":4326,"features":[{"type":"Feature","properties":{"nombre":"Cerro","departamento":"Montevideo"},"geometry":{"type":"MultiPolygon","coordinates":[[[[-56.265105,-34.889178],[-56.264989,-34.888766],[-56.265141,-34.888535],[-56.26496,-34.888498],[-56.264823,-34.887827],[-56.264517,-34.887164],[-56.264344,-34.886885],[-56.264181,-34.886862],[-56.267052,-34.872309],[-56.262926,-34.87408],[-56.26267,-34.873668],[-56.259355,-34.873156],[-56.259341,-34.873241],[-56.252909,-34.872407],[-56.253021,-34.87168],[-56.252874,-34.871665],[-56.252771,-34.872332],[-56.251747,-34.872281],[-56.247806,-34.871751],[-56.247291,-34.87143],[-56.246209,-34.871825],[-56.245613,-34.871881],[-56.244894,-34.872102],[-56.243931,-34.872684],[-56.24331,-34.873361],[-56.242224,-34.874023],[-56.241776,-34.874524],[-56.241629,-34.874992],[-56.241643,-34.875369],[-56.241812,-34.875977],[-56.242362,-34.87605],[-56.242587,-34.876304],[-56.242834,-34.876396],[-56.244224,-34.876088],[-56.244483,-34.876306],[-56.244557,-34.876649],[-56.24469,-34.876828],[-56.244985,-34.876858],[-56.245077,-34.876999],[-56.245294,-34.877037],[-56.245458,-34.877191],[-56.245683,-34.877132],[-56.246069,-34.877201],[-56.246405,-34.877051],[-56.246511,-34.877173],[-56.246647,-34.877111],[-56.246807,-34.877298],[-56.247005,-34.877317],[-56.247084,-34.877506],[-56.247257,-34.877606],[-56.247211,-34.878376],[-56.24736,-34.878508],[-56.247768,-34.87859],[-56.24735,-34.879218],[-56.247298,-34.879632],[-56.247498,-34.879836],[-56.247396,-34.879907],[-56.24739,-34.880248],[-56.247139,-34.88028],[-56.246517,-34.880978],[-56.246475,-34.881193],[-56.24667,-34.881258],[-56.246634,-34.881374],[-56.246799,-34.881447],[-56.246727,-34.881707],[-56.246444,-34.88192],[-56.246268,-34.881895],[-56.24604,-34.882082],[-56.246103,-34.882154],[-56.24574,-34.882363],[-56.244409,-34.882213],[-56.244335,-34.882339],[-56.244375,-34.882699],[-56.244265,-34.883006],[-56.244046,-34.883284],[-56.243733,-34.883268],[-56.243716,-34.883343],[-56.244246,-34.883535],[-56.244549,-34.883791],[-56.244868,-34.884224],[-56.245139,-34.885227],[-56.245081,-34.886019],[-56.245332,-34.886064],[-56.245349,-34.886136],[-56.245139,-34.886617],[-56.244993,-34.88669],[-56.244443,-34.886664],[-56.244391,-34.886753],[-56.244797,-34.886934],[-56.244774,-34.887399],[-56.24458,-34.887702],[-56.244681,-34.888028],[-56.244475,-34.888274],[-56.244873,-34.888341],[-56.244782,-34.888377],[-56.244759,-34.88881],[-56.244301,-34.888773],[-56.244293,-34.888897],[-56.244789,-34.888929],[-56.244674,-34.889174],[-56.244482,-34.889157],[-56.244254,-34.889727],[-56.244689,-34.890107],[-56.244747,-34.890556],[-56.244913,-34.890584],[-56.245035,-34.890955],[-56.245111,-34.891487],[-56.2451,-34.891605],[-56.244929,-34.89176],[-56.244572,-34.8919],[-56.24452,-34.892568],[-56.244627,-34.893491],[-56.244479,-34.894212],[-56.244166,-34.894511],[-56.244195,-34.894605],[-56.244588,-34.894864],[-56.24368,-34.895136],[-56.243765,-34.895392],[-56.244556,-34.895123],[-56.244696,-34.89543],[-56.244836,-34.8955],[-56.244712,-34.89609],[-56.245015,-34.896177],[-56.245302,-34.895713],[-56.245556,-34.895619],[-56.245978,-34.89575],[-56.246166,-34.895928],[-56.246664,-34.896022],[-56.246795,-34.896201],[-56.247451,-34.896253],[-56.247668,-34.896408],[-56.247877,-34.896353],[-56.247931,-34.896135],[-56.248041,-34.896222],[-56.248701,-34.896304],[-56.249329,-34.89623],[-56.249414,-34.896004],[-56.249516,-34.895952],[-56.250313,-34.89606],[-56.250904,-34.896292],[-56.251198,-34.896191],[-56.252073,-34.89627],[-56.253295,-34.896711],[-56.253671,-34.895512],[-56.254249,-34.892829],[-56.254645,-34.89288],[-56.254725,-34.892484],[-56.254917,-34.892492],[-56.254948,-34.892005],[-56.255373,-34.892086],[-56.256125,-34.892498],[-56.255983,-34.892718],[-56.255574,-34.893014],[-56.254897,-34.892939],[-56.25533,-34.893176],[-56.25537,-34.8939],[-56.255456,-34.894095],[-56.257334,-34.894731],[-56.259455,-34.894884],[-56.259933,-34.894815],[-56.260547,-34.894511],[-56.260978,-34.893899],[-56.261006,-34.892519],[-56.261245,-34.891848],[-56.261672,-34.891363],[-56.261935,-34.89126],[-56.262173,-34.891309],[-56.262945,-34.890843],[-56.263288,-34.890533],[-56.263508,-34.890242],[-56.263758,-34.889008],[-56.265164,-34.889248],[-56.265105,-34.889178]]]]}},{"type":"Feature","properties":{"nombre":"Villa García, Manga Rural","departamento":"Montevideo"},"geometry":{"type":"MultiPolygon","coordinates":[[[[-56.120135,-34.827306],[-56.119595,-34.828027],[-56.123516,-34.83048],[-56.126237,-34.825692],[-56.126833,-34.822937],[-56.12803,-34.819957],[-56.128195,-34.819879],[-56.128917,-34.819965],[-56.128916,-34.818553],[-56.129899,-34.817033],[-56.130494,-34.8152],[-56.131821,-34.815791],[-56.136567,-34.816535],[-56.132574,-34.81065],[-56.129378,-34.807248],[-56.12609,-34.802104],[-56.125593,-34.801734],[-56.120721,-34.799346],[-56.120199,-34.798967],[-56.117879,-34.794216],[-56.118166,-34.794059],[-56.118825,-34.794181],[-56.122795,-34.794547],[-56.122838,-34.794427],[-56.118839,-34.794094],[-56.117659,-34.793809],[-56.111495,-34.790766],[-56.110706,-34.790474],[-56.110673,-34.790343],[-56.109215,-34.789618],[-56.108633,-34.789469],[-56.107381,-34.789513],[-56.106353,-34.789269],[-56.105985,-34.788967],[-56.097444,-34.784738],[-56.091361,-34.781463],[-56.088608,-34.780223],[-56.088197,-34.779878],[-56.087927,-34.779134],[-56.086974,-34.779154],[-56.086434,-34.77892],[-56.086337,-34.778728],[-56.086038,-34.778595],[-56.085936,-34.778348],[-56.085496,-34.778181],[-56.084958,-34.778155],[-56.084652,-34.778014],[-56.084093,-34.778044],[-56.083064,-34.778391],[-56.082568,-34.778317],[-56.08237,-34.778142],[-56.082531,-34.77786],[-56.082539,-34.777622],[-56.082694,-34.777283],[-56.083121,-34.777273],[-56.083169,-34.777083],[-56.083059,-34.776818],[-56.082824,-34.776648],[-56.082354,-34.776597],[-56.081541,-34.776274],[-56.08059,-34.776096],[-56.079523,-34.775628],[-56.078337,-34.77535],[-56.0775,-34.774947],[-56.076631,-34.774296],[-56.076212,-34.773752],[-56.076168,-34.773557],[-56.076297,-34.773336],[-56.076263,-34.773174],[-56.076009,-34.772773],[-56.075771,-34.772162],[-56.075406,-34.771784],[-56.07491,-34.771767],[-56.074541,-34.771938],[-56.072985,-34.772279],[-56.072009,-34.772707],[-56.071535,-34.772658],[-56.0708,-34.772743],[-56.070359,-34.772553],[-56.069817,-34.772007],[-56.069773,-34.771282],[-56.069898,-34.770955],[-56.069884,-34.770644],[-56.069419,-34.769891],[-56.069019,-34.769607],[-56.068993,-34.7694],[-56.069202,-34.769285],[-56.06954,-34.768859],[-56.069347,-34.768402],[-56.069194,-34.768361],[-56.068914,-34.768434],[-56.068494,-34.768291],[-56.067755,-34.768302],[-56.067588,-34.767727],[-56.067728,-34.767602],[-56.06769,-34.767413],[-56.067307,-34.767188],[-56.067148,-34.766893],[-56.066398,-34.765988],[-56.065671,-34.766142],[-56.065102,-34.766433],[-56.064025,-34.767645],[-56.063917,-34.767986],[-56.06349,-34.76815],[-56.063236,-34.768363],[-56.062845,-34.768339],[-56.062773,-34.768558],[-56.062852,-34.768727],[-56.062798,-34.768868],[-56.062394,-34.769054],[-56.062161,-34.769312],[-56.06159,-34.769441],[-56.061224,-34.769351],[-56.060876,-34.769509],[-56.060701,-34.769437],[-56.060079,-34.769447],[-56.059897,-34.769611],[-56.059414,-34.769579],[-56.058998,-34.76935],[-56.058611,-34.768748],[-56.058609,-34.767577],[-56.058025,-34.766575],[-56.057817,-34.766428],[-56.057372,-34.76638],[-56.057132,-34.765728],[-56.056722,-34.765391],[-56.056658,-34.765078],[-56.056381,-34.764791],[-56.056332,-34.764494],[-56.056016,-34.764182],[-56.056134,-34.763891],[-56.056226,-34.76324],[-56.055875,-34.762953],[-56.055774,-34.762557],[-56.055335,-34.762267],[-56.055039,-34.76176],[-56.054825,-34.761557],[-56.054755,-34.761345],[-56.054844,-34.761047],[-56.054578,-34.760819],[-56.054587,-34.760303],[-56.054083,-34.760132],[-56.053882,-34.76015],[-56.053548,-34.76038],[-56.053457,-34.760538],[-56.0531,-34.760641],[-56.052828,-34.760837],[-56.052753,-34.761075],[-56.052066,-34.761178],[-56.051408,-34.761021],[-56.051231,-34.761055],[-56.051129,-34.761262],[-56.050874,-34.761445],[-56.050659,-34.761804],[-56.050582,-34.761807],[-56.050042,-34.761695],[-56.049607,-34.761396],[-56.049364,-34.761444],[-56.049122,-34.761164],[-56.048841,-34.761245],[-56.048221,-34.761245],[-56.048102,-34.76098],[-56.047792,-34.760867],[-56.047611,-34.760665],[-56.047194,-34.760634],[-56.046853,-34.760433],[-56.046491,-34.760358],[-56.046132,-34.760464],[-56.045804,-34.760697],[-56.045688,-34.761254],[-56.045524,-34.761583],[-56.045592,-34.762176],[-56.045456,-34.762377],[-56.045157,-34.762461],[-56.044802,-34.762925],[-56.044021,-34.762833],[-56.043871,-34.762871],[-56.043707,-34.763071],[-56.043522,-34.763106],[-56.043115,-34.763013],[-56.042308,-34.763375],[-56.041993,-34.763347],[-56.0417,-34.763422],[-56.041395,-34.763248],[-56.040888,-34.763505],[-56.040469,-34.763454],[-56.040065,-34.763639],[-56.039214,-34.763759],[-56.038615,-34.76399],[-56.038176,-34.76439],[-56.037822,-34.764441],[-56.037633,-34.764603],[-56.037479,-34.765206],[-56.037023,-34.765923],[-56.037067,-34.766091],[-56.036995,-34.766331],[-56.037106,-34.766956],[-56.036965,-34.767761],[-56.036447,-34.768265],[-56.035638,-34.768344],[-56.035122,-34.768806],[-56.034586,-34.769488],[-56.034444,-34.770053],[-56.034266,-34.770358],[-56.034264,-34.770604],[-56.034143,-34.770758],[-56.033889,-34.771594],[-56.033753,-34.77179],[-56.03388,-34.772878],[-56.033466,-34.773509],[-56.033196,-34.774293],[-56.033048,-34.774487],[-56.032802,-34.774627],[-56.032288,-34.774739],[-56.031634,-34.774724],[-56.030745,-34.775518],[-56.030547,-34.776175],[-56.030695,-34.77633],[-56.031208,-34.776592],[-56.030865,-34.777058],[-56.030256,-34.777182],[-56.029531,-34.777064],[-56.029299,-34.777149],[-56.029243,-34.777621],[-56.029538,-34.778432],[-56.029091,-34.779395],[-56.029143,-34.779749],[-56.029606,-34.780177],[-56.0297,-34.78045],[-56.029535,-34.780718],[-56.02925,-34.780931],[-56.029338,-34.781257],[-56.030245,-34.781748],[-56.031198,-34.782141],[-56.031653,-34.782169],[-56.032297,-34.781933],[-56.032933,-34.781914],[-56.033091,-34.781992],[-56.033053,-34.782516],[-56.032664,-34.782954],[-56.032263,-34.783896],[-56.032452,-34.78421],[-56.032801,-34.784414],[-56.033768,-34.784368],[-56.034361,-34.783979],[-56.035324,-34.783706],[-56.035827,-34.783854],[-56.036514,-34.783914],[-56.037005,-34.784158],[-56.037225,-34.784578],[-56.037083,-34.785331],[-56.037245,-34.786059],[-56.037228,-34.786893],[-56.037595,-34.787222],[-56.03805,-34.787413],[-56.038171,-34.78764],[-56.038739,-34.788101],[-56.038836,-34.788959],[-56.039142,-34.789016],[-56.039864,-34.789329],[-56.040072,-34.789791],[-56.040023,-34.790121],[-56.03943,-34.790825],[-56.039386,-34.791059],[-56.039722,-34.791087],[-56.040317,-34.790882],[-56.041197,-34.790851],[-56.041662,-34.790916],[-56.042233,-34.791225],[-56.043074,-34.792353],[-56.042997,-34.792557],[-56.042656,-34.792746],[-56.042024,-34.793393],[-56.041753,-34.793468],[-56.041356,-34.793836],[-56.041047,-34.794675],[-56.040805,-34.795061],[-56.040853,-34.795391],[-56.041209,-34.795544],[-56.041563,-34.795894],[-56.041514,-34.796249],[-56.040942,-34.796326],[-56.039721,-34.795886],[-56.038921,-34.795769],[-56.038782,-34.795878],[-56.038554,-34.796753],[-56.038786,-34.797208],[-56.039231,-34.7973],[-56.040295,-34.797212],[-56.040656,-34.797289],[-56.040861,-34.797597],[-56.041283,-34.797877],[-56.041563,-34.798235],[-56.041554,-34.798537],[-56.041318,-34.798718],[-56.041468,-34.799188],[-56.04103,-34.799688],[-56.041125,-34.799875],[-56.040803,-34.800269],[-56.040845,-34.800688],[-56.040274,-34.801164],[-56.040103,-34.801433],[-56.040297,-34.801926],[-56.040886,-34.802422],[-56.041565,-34.802689],[-56.041683,-34.802959],[-56.041697,-34.80328],[-56.041429,-34.80385],[-56.040613,-34.804146],[-56.04026,-34.80438],[-56.040117,-34.804615],[-56.040202,-34.805101],[-56.040353,-34.805341],[-56.040801,-34.805664],[-56.041131,-34.80578],[-56.042025,-34.805897],[-56.042907,-34.805785],[-56.043857,-34.805556],[-56.044637,-34.805645],[-56.045209,-34.80591],[-56.046235,-34.806871],[-56.046557,-34.807078],[-56.067235,-34.79506],[-56.067874,-34.794572],[-56.069236,-34.793319],[-56.069417,-34.792896],[-56.069459,-34.792395],[-56.069651,-34.792059],[-56.080184,-34.797812],[-56.075634,-34.803527],[-56.08701,-34.809417],[-56.087785,-34.80967],[-56.089058,-34.809835],[-56.091787,-34.811144],[-56.095643,-34.813069],[-56.095775,-34.813316],[-56.096165,-34.813306],[-56.106702,-34.818497],[-56.1175,-34.823947],[-56.117617,-34.824119],[-56.117702,-34.823997],[-56.118416,-34.824375],[-56.118686,-34.823971],[-56.121534,-34.825289],[-56.120135,-34.827306]]]]}},{"type":"Feature","properties":{"nombre":"Colón Centro y Noroeste","departamento":"Montevideo"},"geometry":{"type":"MultiPolygon","coordinates":[[[[-56.240782,-34.812824],[-56.24081,-34.812709],[-56.240635,-34.812321],[-56.240633,-34.811534],[-56.240257,-34.810959],[-56.240215,-34.81044],[-56.239729,-34.809858],[-56.239545,-34.809459],[-56.239659,-34.809049],[-56.23956,-34.808798],[-56.239329,-34.80849],[-56.238354,-34.807716],[-56.237696,-34.807423],[-56.237477,-34.807187],[-56.237562,-34.806577],[-56.23949,-34.806781],[-56.240331,-34.803008],[-56.2423,-34.801309],[-56.239526,-34.799102],[-56.239967,-34.798709],[-56.239963,-34.79853],[-56.239668,-34.798194],[-56.239537,-34.797849],[-56.239095,-34.797452],[-56.238647,-34.796228],[-56.238771,-34.795988],[-56.238672,-34.795701],[-56.238474,-34.79521],[-56.238101,-34.794721],[-56.238056,-34.794418],[-56.237908,-34.794159],[-56.237976,-34.793553],[-56.238123,-34.793119],[-56.2381,-34.792606],[-56.237958,-34.792363],[-56.237368,-34.79199],[-56.237058,-34.791241],[-56.237007,-34.790667],[-56.236526,-34.789702],[-56.23659,-34.789329],[-56.236543,-34.788839],[-56.236365,-34.788545],[-56.236393,-34.788281],[-56.236238,-34.787743],[-56.235825,-34.787091],[-56.235763,-34.786763],[-56.235857,-34.786417],[-56.235827,-34.785987],[-56.235662,-34.785303],[-56.235529,-34.785067],[-56.235454,-34.784555],[-56.235044,-34.784155],[-56.233897,-34.783604],[-56.233712,-34.783577],[-56.232969,-34.783953],[-56.232543,-34.78344],[-56.23295,-34.783227],[-56.231869,-34.782662],[-56.230897,-34.781997],[-56.230603,-34.781736],[-56.230296,-34.781296],[-56.230343,-34.78103],[-56.231969,-34.780152],[-56.233055,-34.779745],[-56.234007,-34.779607],[-56.233993,-34.779493],[-56.233823,-34.779232],[-56.232569,-34.778877],[-56.232563,-34.778801],[-56.231036,-34.778225],[-56.230491,-34.778274],[-56.230059,-34.778014],[-56.229865,-34.777691],[-56.224404,-34.780608],[-56.223916,-34.782851],[-56.223967,-34.784101],[-56.22378,-34.78433],[-56.223945,-34.784554],[-56.224,-34.784801],[-56.224027,-34.786499],[-56.223784,-34.786044],[-56.222511,-34.78669],[-56.222042,-34.791674],[-56.221753,-34.791672],[-56.221446,-34.795211],[-56.221824,-34.795054],[-56.2215,-34.798885],[-56.221042,-34.799077],[-56.220962,-34.800103],[-56.220988,-34.800937],[-56.220831,-34.802444],[-56.221017,-34.802344],[-56.220813,-34.804508],[-56.221174,-34.804302],[-56.221029,-34.806396],[-56.220891,-34.807475],[-56.220285,-34.807845],[-56.21984,-34.812853],[-56.220727,-34.812307],[-56.220084,-34.819673],[-56.230459,-34.813475],[-56.233557,-34.816794],[-56.240782,-34.812824]]]]}},{"type":"Feature","properties":{"nombre":"Colón Sureste, Abayubá","departamento":"Montevideo"},"geometry":{"type":"MultiPolygon","coordinates":[[[[-56.220985,-34.80643],[-56.221174,-34.804302],[-56.220813,-34.804508],[-56.221017,-34.802344],[-56.220831,-34.802444],[-56.220988,-34.800937],[-56.220962,-34.800103],[-56.221042,-34.799077],[-56.2215,-34.798885],[-56.221824,-34.795054],[-56.221446,-34.795211],[-56.221753,-34.791672],[-56.222042,-34.791674],[-56.222511,-34.78669],[-56.223784,-34.786044],[-56.224027,-34.786499],[-56.224,-34.784801],[-56.223945,-34.784554],[-56.22378,-34.78433],[-56.223967,-34.784101],[-56.223916,-34.782851],[-56.224465,-34.780378],[-56.225703,-34.776594],[-56.226895,-34.771417],[-56.227694,-34.768455],[-56.227751,-34.767774],[-56.226783,-34.767679],[-56.2263,-34.76747],[-56.225953,-34.767155],[-56.225847,-34.766794],[-56.225017,-34.766157],[-56.223727,-34.765904],[-56.223163,-34.765587],[-56.221754,-34.7655],[-56.221183,-34.76533],[-56.221006,-34.765132],[-56.22097,-34.764838],[-56.221296,-34.763875],[-56.221122,-34.763375],[-56.221124,-34.76275],[-56.220967,-34.762312],[-56.220508,-34.761867],[-56.220163,-34.761799],[-56.219978,-34.761655],[-56.219741,-34.760834],[-56.218062,-34.759859],[-56.218012,-34.759755],[-56.218062,-34.759485],[-56.218329,-34.759172],[-56.218517,-34.758609],[-56.219051,-34.757963],[-56.218971,-34.757346],[-56.219459,-34.756935],[-56.219484,-34.756826],[-56.219334,-34.756627],[-56.218803,-34.756279],[-56.218581,-34.755596],[-56.217576,-34.755032],[-56.216667,-34.753617],[-56.216432,-34.752531],[-56.21603,-34.751612],[-56.214865,-34.750294],[-56.214708,-34.749688],[-56.214391,-34.749322],[-56.214663,-34.748723],[-56.214462,-34.74835],[-56.214091,-34.748141],[-56.213607,-34.74819],[-56.213378,-34.74811],[-56.212711,-34.747174],[-56.21244,-34.747007],[-56.212068,-34.746595],[-56.212014,-34.746285],[-56.21234,-34.745946],[-56.212378,-34.745808],[-56.212157,-34.744875],[-56.212194,-34.744276],[-56.212136,-34.743932],[-56.212201,-34.743801],[-56.212134,-34.74334],[-56.211988,-34.74319],[-56.211609,-34.743019],[-56.211316,-34.742722],[-56.211211,-34.742398],[-56.210976,-34.742213],[-56.209836,-34.741777],[-56.209163,-34.741294],[-56.208544,-34.741194],[-56.208239,-34.741004],[-56.20814,-34.7406],[-56.207876,-34.740176],[-56.207862,-34.73969],[-56.207593,-34.73919],[-56.207546,-34.738616],[-56.207365,-34.73802],[-56.206824,-34.737613],[-56.206936,-34.737452],[-56.206827,-34.737321],[-56.206406,-34.737057],[-56.205984,-34.737006],[-56.205489,-34.736275],[-56.20547,-34.736014],[-56.205294,-34.73571],[-56.205119,-34.735627],[-56.20472,-34.735203],[-56.204636,-34.73499],[-56.204867,-34.7347],[-56.204809,-34.734268],[-56.205041,-34.734059],[-56.204975,-34.733914],[-56.204809,-34.73382],[-56.204768,-34.733578],[-56.204336,-34.733351],[-56.204326,-34.733146],[-56.20414,-34.732866],[-56.20435,-34.732339],[-56.204003,-34.732031],[-56.203754,-34.731598],[-56.2036,-34.731004],[-56.203138,-34.730397],[-56.202042,-34.729888],[-56.201697,-34.729588],[-56.201081,-34.729222],[-56.200627,-34.728595],[-56.200344,-34.728344],[-56.199412,-34.727902],[-56.198963,-34.72782],[-56.19871,-34.727388],[-56.197799,-34.727227],[-56.197494,-34.727041],[-56.19661,-34.726894],[-56.196098,-34.726661],[-56.195852,-34.726644],[-56.195608,-34.72628],[-56.194853,-34.725866],[-56.194504,-34.725538],[-56.194457,-34.725382],[-56.193953,-34.725255],[-56.1939,-34.725109],[-56.1935,-34.725078],[-56.193319,-34.724987],[-56.193229,-34.724564],[-56.193308,-34.724152],[-56.193014,-34.723788],[-56.19315,-34.723257],[-56.192961,-34.723003],[-56.192903,-34.722523],[-56.192318,-34.721832],[-56.191658,-34.721415],[-56.191362,-34.721477],[-56.190806,-34.721852],[-56.19031,-34.721863],[-56.189536,-34.722205],[-56.188158,-34.722464],[-56.187837,-34.722453],[-56.187468,-34.722146],[-56.186707,-34.721923],[-56.186167,-34.722017],[-56.185682,-34.721985],[-56.18515,-34.722256],[-56.184571,-34.722239],[-56.184324,-34.722117],[-56.183968,-34.7221],[-56.18389,-34.721877],[-56.183462,-34.721868],[-56.183249,-34.721671],[-56.182342,-34.72157],[-56.181916,-34.721679],[-56.181294,-34.721679],[-56.179233,-34.721061],[-56.179178,-34.720926],[-56.178384,-34.72031],[-56.178126,-34.719886],[-56.177369,-34.719773],[-56.177079,-34.719593],[-56.175214,-34.719514],[-56.174864,-34.719623],[-56.173943,-34.720306],[-56.173942,-34.720522],[-56.173716,-34.721013],[-56.173895,-34.721285],[-56.174126,-34.722153],[-56.174014,-34.722296],[-56.17418,-34.722576],[-56.173588,-34.723813],[-56.172788,-34.724351],[-56.172453,-34.725086],[-56.172817,-34.726801],[-56.171339,-34.728802],[-56.170313,-34.729355],[-56.17068,-34.729991],[-56.169104,-34.730842],[-56.167033,-34.730971],[-56.167145,-34.732166],[-56.167094,-34.732618],[-56.166404,-34.733612],[-56.165843,-34.735688],[-56.16796,-34.736524],[-56.16786,-34.736667],[-56.168492,-34.739303],[-56.168763,-34.739593],[-56.168982,-34.740314],[-56.168714,-34.741453],[-56.16949,-34.742368],[-56.169639,-34.742687],[-56.169897,-34.742869],[-56.169998,-34.743088],[-56.170175,-34.743225],[-56.170225,-34.743362],[-56.170097,-34.743614],[-56.170198,-34.743864],[-56.170547,-34.744019],[-56.17056,-34.744249],[-56.170763,-34.744428],[-56.170813,-34.744623],[-56.171248,-34.744845],[-56.171567,-34.745356],[-56.171499,-34.745659],[-56.171261,-34.745822],[-56.171227,-34.747037],[-56.171316,-34.74774],[-56.171188,-34.748006],[-56.171165,-34.748309],[-56.17143,-34.748783],[-56.171739,-34.748988],[-56.171698,-34.749211],[-56.171824,-34.749327],[-56.171821,-34.749549],[-56.172037,-34.749808],[-56.172038,-34.749938],[-56.172525,-34.750003],[-56.172541,-34.75042],[-56.172815,-34.750574],[-56.17285,-34.750746],[-56.173123,-34.750836],[-56.173345,-34.751124],[-56.174185,-34.75111],[-56.174576,-34.750987],[-56.174627,-34.7512],[-56.175248,-34.751552],[-56.175243,-34.751709],[-56.175366,-34.751764],[-56.175408,-34.751928],[-56.175335,-34.752108],[-56.175411,-34.75229],[-56.17565,-34.752411],[-56.175855,-34.752724],[-56.175944,-34.753132],[-56.176248,-34.753388],[-56.176353,-34.753645],[-56.176953,-34.754099],[-56.176957,-34.754502],[-56.176719,-34.754611],[-56.176598,-34.754918],[-56.17666,-34.75538],[-56.17732,-34.755615],[-56.177795,-34.755998],[-56.178078,-34.755806],[-56.178366,-34.755785],[-56.178723,-34.756069],[-56.179298,-34.756319],[-56.179257,-34.756909],[-56.179573,-34.75708],[-56.179547,-34.757408],[-56.179688,-34.757673],[-56.179698,-34.75792],[-56.179434,-34.758044],[-56.178932,-34.758622],[-56.178774,-34.758983],[-56.17828,-34.759684],[-56.178223,-34.759919],[-56.178399,-34.760692],[-56.178539,-34.760787],[-56.178551,-34.760943],[-56.178779,-34.761223],[-56.178757,-34.761441],[-56.178391,-34.761627],[-56.17824,-34.761961],[-56.178431,-34.762297],[-56.178619,-34.76242],[-56.17872,-34.762718],[-56.179069,-34.76294],[-56.181265,-34.763192],[-56.181645,-34.76313],[-56.18194,-34.762894],[-56.182253,-34.762982],[-56.18274,-34.762941],[-56.183971,-34.76324],[-56.184275,-34.763625],[-56.184663,-34.763787],[-56.184871,-34.764076],[-56.186537,-34.76432],[-56.187597,-34.764233],[-56.188779,-34.763269],[-56.189035,-34.763164],[-56.189428,-34.763126],[-56.190366,-34.763346],[-56.19079,-34.763711],[-56.191294,-34.764467],[-56.191739,-34.764918],[-56.191875,-34.766017],[-56.192,-34.766344],[-56.192097,-34.766423],[-56.192718,-34.766447],[-56.193308,-34.766616],[-56.193825,-34.767215],[-56.193887,-34.76761],[-56.19384,-34.76778],[-56.193367,-34.768352],[-56.192831,-34.768698],[-56.19268,-34.769094],[-56.191424,-34.769723],[-56.190588,-34.770565],[-56.189658,-34.770872],[-56.189496,-34.771104],[-56.189476,-34.771584],[-56.189383,-34.771754],[-56.18881,-34.772169],[-56.18838,-34.772285],[-56.188267,-34.772394],[-56.188291,-34.772993],[-56.18839,-34.773184],[-56.188049,-34.77396],[-56.188085,-34.774186],[-56.188563,-34.774571],[-56.189408,-34.774792],[-56.189395,-34.775688],[-56.189608,-34.77577],[-56.189726,-34.77605],[-56.190574,-34.776149],[-56.190862,-34.776703],[-56.190736,-34.776959],[-56.190657,-34.777467],[-56.190984,-34.777789],[-56.191135,-34.778182],[-56.190765,-34.778643],[-56.190838,-34.779015],[-56.190766,-34.779397],[-56.190802,-34.779479],[-56.191203,-34.779543],[-56.19118,-34.779714],[-56.191004,-34.779941],[-56.190953,-34.780393],[-56.191079,-34.780938],[-56.191324,-34.781225],[-56.19133,-34.781394],[-56.191122,-34.781829],[-56.191281,-34.782286],[-56.1911,-34.782599],[-56.191039,-34.783074],[-56.190341,-34.784063],[-56.19039,-34.784202],[-56.190701,-34.78445],[-56.190663,-34.784649],[-56.190754,-34.784809],[-56.190743,-34.785007],[-56.191078,-34.785251],[-56.191061,-34.78552],[-56.191313,-34.785842],[-56.19125,-34.786067],[-56.190694,-34.786964],[-56.190591,-34.787265],[-56.190646,-34.787452],[-56.190501,-34.78767],[-56.190593,-34.78786],[-56.190782,-34.787985],[-56.190839,-34.788164],[-56.191309,-34.788374],[-56.191337,-34.788788],[-56.191581,-34.789097],[-56.191588,-34.789245],[-56.191267,-34.789735],[-56.190955,-34.790505],[-56.190491,-34.790655],[-56.190093,-34.790959],[-56.190169,-34.791184],[-56.190109,-34.791452],[-56.189497,-34.791948],[-56.189374,-34.792353],[-56.189121,-34.792566],[-56.188414,-34.792801],[-56.188328,-34.793027],[-56.187741,-34.793357],[-56.187695,-34.793673],[-56.187426,-34.794148],[-56.186504,-34.794567],[-56.18624,-34.794879],[-56.185785,-34.794971],[-56.185535,-34.795157],[-56.184929,-34.795862],[-56.18482,-34.79618],[-56.184459,-34.796647],[-56.184755,-34.79696],[-56.184882,-34.797423],[-56.184869,-34.797838],[-56.185288,-34.798312],[-56.185993,-34.798788],[-56.185781,-34.799521],[-56.185811,-34.799706],[-56.186328,-34.800078],[-56.186627,-34.800549],[-56.186577,-34.801005],[-56.186272,-34.801867],[-56.185712,-34.802325],[-56.184999,-34.803218],[-56.184113,-34.803487],[-56.183962,-34.803764],[-56.184472,-34.804295],[-56.184567,-34.804543],[-56.184531,-34.804658],[-56.184664,-34.804664],[-56.186684,-34.803832],[-56.186817,-34.803678],[-56.190256,-34.802188],[-56.191765,-34.800951],[-56.193137,-34.799657],[-56.195106,-34.796711],[-56.195428,-34.795931],[-56.199458,-34.796308],[-56.199445,-34.796475],[-56.199542,-34.796542],[-56.200446,-34.796685],[-56.200667,-34.796786],[-56.201346,-34.797864],[-56.200927,-34.798273],[-56.200464,-34.799225],[-56.201046,-34.799388],[-56.201272,-34.799537],[-56.199871,-34.800224],[-56.202135,-34.803362],[-56.1985,-34.8049],[-56.198178,-34.805117],[-56.19965,-34.806238],[-56.20093,-34.807596],[-56.196121,-34.809877],[-56.192437,-34.811513],[-56.194753,-34.814711],[-56.196262,-34.816549],[-56.209182,-34.809157],[-56.209635,-34.810833],[-56.210545,-34.813349],[-56.21301,-34.817068],[-56.21984,-34.812853],[-56.220285,-34.807845],[-56.220891,-34.807475],[-56.220985,-34.80643]]]]}},{"type":"Feature","properties":{"nombre":"Punta de Rieles, Bella Italia","departamento":"Montevideo"},"geometry":{"type":"MultiPolygon","coordinates":[[[[-56.122772,-34.83427],[-56.123292,-34.833657],[-56.123516,-34.83048],[-56.119595,-34.828027],[-56.121534,-34.825289],[-56.118686,-34.823971],[-56.118416,-34.824375],[-56.117702,-34.823997],[-56.117617,-34.824119],[-56.1175,-34.823947],[-56.107203,-34.818745],[-56.096165,-34.813306],[-56.095775,-34.813316],[-56.095643,-34.813069],[-56.089058,-34.809835],[-56.087446,-34.809587],[-56.087385,-34.809893],[-56.087493,-34.81019],[-56.088127,-34.810861],[-56.088287,-34.811136],[-56.088262,-34.811474],[-56.087921,-34.812189],[-56.087201,-34.812594],[-56.085879,-34.812906],[-56.085428,-34.813216],[-56.084908,-34.813895],[-56.084286,-34.814423],[-56.081465,-34.815654],[-56.080132,-34.817107],[-56.079266,-34.8173],[-56.078504,-34.817762],[-56.077044,-34.818017],[-56.074663,-34.81876],[-56.080888,-34.821272],[-56.081481,-34.821627],[-56.085774,-34.823188],[-56.092702,-34.825985],[-56.093955,-34.826264],[-56.097199,-34.82807],[-56.098349,-34.827283],[-56.0988,-34.827072],[-56.104724,-34.830412],[-56.103793,-34.831118],[-56.103664,-34.831321],[-56.103135,-34.831577],[-56.103153,-34.831883],[-56.103345,-34.831993],[-56.103341,-34.832484],[-56.103201,-34.832561],[-56.104099,-34.832757],[-56.104295,-34.832954],[-56.104953,-34.832856],[-56.105401,-34.833092],[-56.105653,-34.833493],[-56.105755,-34.833914],[-56.106365,-34.834503],[-56.106994,-34.835486],[-56.111774,-34.834055],[-56.112154,-34.834478],[-56.11285,-34.834927],[-56.112913,-34.834963],[-56.112983,-34.834888],[-56.119174,-34.838474],[-56.122772,-34.83427]]]]}},{"type":"Feature","properties":{"nombre":"Cordón","departamento":"Montevideo"},"geometry":{"type":"MultiPolygon","coordinates":[[[[-56.184534,-34.906392],[-56.184607,-34.905602],[-56.184999,-34.905552],[-56.185104,-34.90539],[-56.185876,-34.901725],[-56.185964,-34.90114],[-56.18586,-34.901053],[-56.186977,-34.898542],[-56.182695,-34.896288],[-56.181965,-34.897376],[-56.180345,-34.89674],[-56.179609,-34.896071],[-56.180753,-34.895242],[-56.179625,-34.894606],[-56.179236,-34.894921],[-56.178452,-34.894847],[-56.17846,-34.894736],[-56.172949,-34.894319],[-56.173047,-34.893391],[-56.171552,-34.89328],[-56.171096,-34.89728],[-56.169317,-34.900382],[-56.169118,-34.902184],[-56.165216,-34.901949],[-56.164039,-34.902269],[-56.163446,-34.907687],[-56.168433,-34.908054],[-56.168543,-34.907098],[-56.17317,-34.90742],[-56.173154,-34.907633],[-56.17401,-34.907486],[-56.176183,-34.907638],[-56.17625,-34.906885],[-56.177439,-34.906654],[-56.177364,-34.90773],[-56.184331,-34.908243],[-56.184534,-34.906392]]]]}},{"type":"Feature","properties":{"nombre":"Bañados de Carrasco","departamento":"Montevideo"},"geometry":{"type":"MultiPolygon","coordinates":[[[[-56.113885,-34.853571],[-56.113675,-34.851513],[-56.115192,-34.851055],[-56.114315,-34.848506],[-56.113581,-34.84605],[-56.112454,-34.846396],[-56.111946,-34.845351],[-56.122154,-34.842246],[-56.123722,-34.842019],[-56.124178,-34.841474],[-56.114224,-34.835592],[-56.112983,-34.834888],[-56.112913,-34.834963],[-56.11285,-34.834927],[-56.112154,-34.834478],[-56.111774,-34.834055],[-56.106994,-34.835486],[-56.106365,-34.834503],[-56.105755,-34.833914],[-56.105653,-34.833493],[-56.105401,-34.833092],[-56.104953,-34.832856],[-56.104295,-34.832954],[-56.104099,-34.832757],[-56.103201,-34.832561],[-56.103341,-34.832484],[-56.103345,-34.831993],[-56.103153,-34.831883],[-56.103135,-34.831577],[-56.103664,-34.831321],[-56.103793,-34.831118],[-56.104724,-34.830412],[-56.0988,-34.827072],[-56.098349,-34.827283],[-56.097199,-34.82807],[-56.093955,-34.826264],[-56.092702,-34.825985],[-56.085774,-34.823188],[-56.081481,-34.821627],[-56.080888,-34.821272],[-56.074663,-34.81876],[-56.077044,-34.818017],[-56.078504,-34.817762],[-56.079266,-34.8173],[-56.080075,-34.81714],[-56.080343,-34.816947],[-56.080797,-34.816345],[-56.081465,-34.815654],[-56.084286,-34.814423],[-56.084908,-34.813895],[-56.085428,-34.813216],[-56.085879,-34.812906],[-56.087143,-34.812614],[-56.087858,-34.812237],[-56.088096,-34.811919],[-56.088304,-34.811331],[-56.088178,-34.810928],[-56.087493,-34.81019],[-56.087385,-34.809893],[-56.087446,-34.809587],[-56.083199,-34.807489],[-56.075634,-34.803527],[-56.080184,-34.797812],[-56.069651,-34.792059],[-56.069459,-34.792395],[-56.069417,-34.792896],[-56.069236,-34.793319],[-56.067874,-34.794572],[-56.067235,-34.79506],[-56.046557,-34.807078],[-56.047663,-34.808012],[-56.049181,-34.809827],[-56.049602,-34.810498],[-56.050058,-34.812264],[-56.052584,-34.815654],[-56.053055,-34.816632],[-56.052561,-34.818146],[-56.052397,-34.819083],[-56.052146,-34.8198],[-56.051939,-34.820899],[-56.05197,-34.8216],[-56.05303,-34.823239],[-56.053329,-34.823566],[-56.054027,-34.824734],[-56.054582,-34.825381],[-56.05462,-34.82584],[-56.054923,-34.826026],[-56.055048,-34.826481],[-56.054969,-34.826765],[-56.055048,-34.827155],[-56.054832,-34.82999],[-56.054669,-34.833876],[-56.054685,-34.835131],[-56.054366,-34.841208],[-56.054367,-34.842974],[-56.054216,-34.844845],[-56.054315,-34.845954],[-56.054195,-34.847172],[-56.054124,-34.8507],[-56.054244,-34.851343],[-56.05419,-34.85186],[-56.054263,-34.852147],[-56.055161,-34.85378],[-56.056227,-34.855971],[-56.056266,-34.856244],[-56.056189,-34.856573],[-56.056264,-34.856823],[-56.056111,-34.859146],[-56.056212,-34.859902],[-56.056871,-34.860856],[-56.060048,-34.863759],[-56.060363,-34.864266],[-56.060759,-34.865259],[-56.060846,-34.865656],[-56.060794,-34.865936],[-56.059905,-34.866651],[-56.06089,-34.867213],[-56.0614,-34.867416],[-56.06889,-34.869876],[-56.069845,-34.870087],[-56.070946,-34.870176],[-56.079606,-34.869983],[-56.080845,-34.870013],[-56.092727,-34.872089],[-56.094351,-34.872274],[-56.09233,-34.866746],[-56.093084,-34.866538],[-56.093345,-34.867168],[-56.095818,-34.866468],[-56.096311,-34.867619],[-56.098628,-34.866934],[-56.093893,-34.856125],[-56.094638,-34.855405],[-56.095097,-34.855794],[-56.095595,-34.855847],[-56.098323,-34.856991],[-56.099509,-34.857347],[-56.100309,-34.857472],[-56.101831,-34.857484],[-56.10218,-34.857556],[-56.103575,-34.857512],[-56.103776,-34.857996],[-56.104403,-34.858199],[-56.104893,-34.858545],[-56.105557,-34.858751],[-56.106195,-34.858734],[-56.106455,-34.858992],[-56.106683,-34.859019],[-56.108103,-34.858554],[-56.108473,-34.858638],[-56.109504,-34.858616],[-56.110251,-34.858326],[-56.110396,-34.858206],[-56.110683,-34.857699],[-56.110658,-34.857447],[-56.110924,-34.85707],[-56.110999,-34.856748],[-56.11146,-34.856092],[-56.111732,-34.85601],[-56.112276,-34.856026],[-56.11275,-34.855844],[-56.113014,-34.856391],[-56.114092,-34.855986],[-56.113885,-34.853571]]]]}},{"type":"Feature","properties":{"nombre":"Pocitos","departamento":"Montevideo"},"geometry":{"type":"MultiPolygon","coordinates":[[[[-56.162929,-34.912382],[-56.164039,-34.902269],[-56.162514,-34.902652],[-56.160409,-34.903005],[-56.159123,-34.903106],[-56.154324,-34.903137],[-56.149851,-34.903041],[-56.14494,-34.902749],[-56.14224,-34.902223],[-56.139915,-34.901653],[-56.138556,-34.90123],[-56.135097,-34.910954],[-56.134328,-34.910776],[-56.134521,-34.911239],[-56.134403,-34.911277],[-56.134519,-34.911519],[-56.135705,-34.911407],[-56.136227,-34.911451],[-56.13694,-34.911653],[-56.137634,-34.912015],[-56.138139,-34.912103],[-56.138765,-34.912011],[-56.13928,-34.911722],[-56.13944,-34.911532],[-56.139949,-34.910467],[-56.140246,-34.910318],[-56.140963,-34.910302],[-56.141749,-34.910453],[-56.142696,-34.910784],[-56.143624,-34.911258],[-56.144812,-34.912001],[-56.146057,-34.912949],[-56.146873,-34.913733],[-56.147424,-34.914436],[-56.147854,-34.915196],[-56.148249,-34.916226],[-56.148441,-34.917381],[-56.14838,-34.918032],[-56.148255,-34.918457],[-56.148562,-34.918525],[-56.148852,-34.917564],[-56.148969,-34.917538],[-56.148718,-34.918389],[-56.154866,-34.917005],[-56.156003,-34.916605],[-56.156269,-34.914267],[-56.162665,-34.914746],[-56.162929,-34.912382]]]]}},{"type":"Feature","properties":{"nombre":"Manga, Toledo Chico","departamento":"Montevideo"},"geometry":{"type":"MultiPolygon","coordinates":[[[[-56.183431,-34.827455],[-56.184434,-34.827132],[-56.184744,-34.826798],[-56.184822,-34.826444],[-56.185188,-34.825726],[-56.185219,-34.825344],[-56.185142,-34.824822],[-56.185423,-34.824326],[-56.185289,-34.823288],[-56.185488,-34.8231],[-56.186708,-34.82255],[-56.187231,-34.822185],[-56.187755,-34.821608],[-56.187875,-34.821202],[-56.187807,-34.821015],[-56.187603,-34.820837],[-56.1875,-34.820351],[-56.187559,-34.819863],[-56.18777,-34.819487],[-56.187774,-34.819009],[-56.187245,-34.818401],[-56.187001,-34.817434],[-56.186752,-34.816948],[-56.185859,-34.816128],[-56.185628,-34.815561],[-56.185431,-34.813913],[-56.185508,-34.813599],[-56.185774,-34.81327],[-56.185806,-34.812929],[-56.185384,-34.812426],[-56.18479,-34.812307],[-56.183763,-34.811665],[-56.183531,-34.811446],[-56.183462,-34.81117],[-56.183711,-34.810682],[-56.183748,-34.810406],[-56.183677,-34.810081],[-56.183801,-34.809854],[-56.184295,-34.8095],[-56.185419,-34.809222],[-56.185792,-34.808881],[-56.185799,-34.808591],[-56.185467,-34.808312],[-56.185036,-34.807674],[-56.18471,-34.807563],[-56.184168,-34.806964],[-56.183436,-34.80663],[-56.182809,-34.805922],[-56.182738,-34.805426],[-56.183162,-34.80519],[-56.183584,-34.805177],[-56.184511,-34.804686],[-56.184567,-34.804543],[-56.184472,-34.804295],[-56.183962,-34.803764],[-56.183957,-34.803679],[-56.184171,-34.803457],[-56.184999,-34.803218],[-56.185712,-34.802325],[-56.186272,-34.801867],[-56.186577,-34.801005],[-56.186627,-34.800549],[-56.186328,-34.800078],[-56.185811,-34.799706],[-56.185781,-34.799521],[-56.185993,-34.798788],[-56.185288,-34.798312],[-56.184869,-34.797838],[-56.184882,-34.797423],[-56.184755,-34.79696],[-56.184459,-34.796647],[-56.18482,-34.79618],[-56.184929,-34.795862],[-56.185535,-34.795157],[-56.185785,-34.794971],[-56.18624,-34.794879],[-56.186504,-34.794567],[-56.187426,-34.794148],[-56.187695,-34.793673],[-56.187741,-34.793357],[-56.188328,-34.793027],[-56.188414,-34.792801],[-56.189121,-34.792566],[-56.189374,-34.792353],[-56.189497,-34.791948],[-56.190109,-34.791452],[-56.190169,-34.791184],[-56.190093,-34.790959],[-56.190491,-34.790655],[-56.190955,-34.790505],[-56.191267,-34.789735],[-56.191588,-34.789245],[-56.191581,-34.789097],[-56.191337,-34.788788],[-56.191309,-34.788374],[-56.190839,-34.788164],[-56.190782,-34.787985],[-56.190593,-34.78786],[-56.190501,-34.78767],[-56.190646,-34.787452],[-56.190591,-34.787265],[-56.190694,-34.786964],[-56.19125,-34.786067],[-56.191313,-34.785842],[-56.191061,-34.78552],[-56.191078,-34.785251],[-56.190743,-34.785007],[-56.190754,-34.784809],[-56.190663,-34.784649],[-56.190701,-34.78445],[-56.19039,-34.784202],[-56.190341,-34.784063],[-56.191039,-34.783074],[-56.1911,-34.782599],[-56.191281,-34.782286],[-56.191122,-34.781829],[-56.19133,-34.781394],[-56.191324,-34.781225],[-56.191079,-34.780938],[-56.190953,-34.780393],[-56.191004,-34.779941],[-56.19118,-34.779714],[-56.191203,-34.779543],[-56.190802,-34.779479],[-56.190766,-34.779397],[-56.190838,-34.779015],[-56.190765,-34.778643],[-56.191135,-34.778182],[-56.190984,-34.777789],[-56.190657,-34.777467],[-56.190736,-34.776959],[-56.190862,-34.776703],[-56.190574,-34.776149],[-56.189726,-34.77605],[-56.189608,-34.77577],[-56.189395,-34.775688],[-56.189408,-34.774792],[-56.188563,-34.774571],[-56.188085,-34.774186],[-56.188049,-34.77396],[-56.18839,-34.773184],[-56.188291,-34.772993],[-56.188258,-34.772446],[-56.188318,-34.772314],[-56.18881,-34.772169],[-56.189383,-34.771754],[-56.189476,-34.771584],[-56.189496,-34.771104],[-56.189658,-34.770872],[-56.190588,-34.770565],[-56.191424,-34.769723],[-56.19268,-34.769094],[-56.192831,-34.768698],[-56.193367,-34.768352],[-56.19384,-34.76778],[-56.193891,-34.767652],[-56.193825,-34.767215],[-56.19327,-34.76659],[-56.192718,-34.766447],[-56.192097,-34.766423],[-56.192,-34.766344],[-56.191875,-34.766017],[-56.191739,-34.764918],[-56.191294,-34.764467],[-56.19079,-34.763711],[-56.190366,-34.763346],[-56.189428,-34.763126],[-56.189035,-34.763164],[-56.188779,-34.763269],[-56.187597,-34.764233],[-56.186537,-34.76432],[-56.184871,-34.764076],[-56.184663,-34.763787],[-56.184275,-34.763625],[-56.183971,-34.76324],[-56.18274,-34.762941],[-56.182253,-34.762982],[-56.18194,-34.762894],[-56.181645,-34.76313],[-56.181265,-34.763192],[-56.179069,-34.76294],[-56.17872,-34.762718],[-56.178619,-34.76242],[-56.178431,-34.762297],[-56.17824,-34.761961],[-56.178391,-34.761627],[-56.178757,-34.761441],[-56.178779,-34.761223],[-56.178551,-34.760943],[-56.178539,-34.760787],[-56.178399,-34.760692],[-56.178223,-34.759919],[-56.17828,-34.759684],[-56.178774,-34.758983],[-56.178932,-34.758622],[-56.179434,-34.758044],[-56.179698,-34.75792],[-56.179688,-34.757673],[-56.179547,-34.757408],[-56.179573,-34.75708],[-56.179257,-34.756909],[-56.179298,-34.756319],[-56.178723,-34.756069],[-56.178366,-34.755785],[-56.178078,-34.755806],[-56.177795,-34.755998],[-56.17732,-34.755615],[-56.17666,-34.75538],[-56.176598,-34.754918],[-56.176719,-34.754611],[-56.176957,-34.754502],[-56.176953,-34.754099],[-56.176353,-34.753645],[-56.176248,-34.753388],[-56.175944,-34.753132],[-56.175855,-34.752724],[-56.17565,-34.752411],[-56.175411,-34.75229],[-56.175335,-34.752108],[-56.175408,-34.751928],[-56.175366,-34.751764],[-56.175243,-34.751709],[-56.175248,-34.751552],[-56.174627,-34.7512],[-56.174576,-34.750987],[-56.174185,-34.75111],[-56.173303,-34.751098],[-56.173123,-34.750836],[-56.17285,-34.750746],[-56.172815,-34.750574],[-56.172541,-34.75042],[-56.172525,-34.750003],[-56.172038,-34.749938],[-56.172037,-34.749808],[-56.171821,-34.749549],[-56.171824,-34.749327],[-56.171698,-34.749211],[-56.171739,-34.748988],[-56.171289,-34.748592],[-56.171165,-34.748309],[-56.171188,-34.748006],[-56.171316,-34.74774],[-56.171227,-34.747037],[-56.171261,-34.745822],[-56.171499,-34.745659],[-56.171567,-34.745356],[-56.171248,-34.744845],[-56.170813,-34.744623],[-56.170763,-34.744428],[-56.17056,-34.744249],[-56.170547,-34.744019],[-56.170198,-34.743864],[-56.170097,-34.743614],[-56.170225,-34.743362],[-56.170175,-34.743225],[-56.169998,-34.743088],[-56.169897,-34.742869],[-56.169639,-34.742687],[-56.16949,-34.742368],[-56.168714,-34.741453],[-56.168982,-34.740314],[-56.168763,-34.739593],[-56.168492,-34.739303],[-56.16786,-34.736667],[-56.16796,-34.736524],[-56.165843,-34.735688],[-56.166404,-34.733612],[-56.167041,-34.732743],[-56.16713,-34.732459],[-56.167085,-34.731441],[-56.16693,-34.730588],[-56.16596,-34.728724],[-56.162174,-34.72207],[-56.161669,-34.721339],[-56.161096,-34.720843],[-56.160441,-34.720491],[-56.159887,-34.720306],[-56.155119,-34.719846],[-56.15442,-34.719711],[-56.153924,-34.719459],[-56.151599,-34.717945],[-56.148456,-34.71612],[-56.145352,-34.715105],[-56.144657,-34.71468],[-56.144299,-34.714299],[-56.143649,-34.714534],[-56.143414,-34.714948],[-56.142444,-34.714162],[-56.141788,-34.714057],[-56.140585,-34.714285],[-56.138975,-34.714118],[-56.138081,-34.714838],[-56.137806,-34.715329],[-56.137069,-34.716203],[-56.136541,-34.716295],[-56.135137,-34.716216],[-56.134634,-34.716421],[-56.134034,-34.716421],[-56.133614,-34.716282],[-56.132997,-34.716404],[-56.132887,-34.71636],[-56.132818,-34.716183],[-56.132665,-34.716158],[-56.1322,-34.71634],[-56.131996,-34.716023],[-56.131309,-34.716194],[-56.130292,-34.716211],[-56.128962,-34.716534],[-56.12842,-34.716509],[-56.126778,-34.717473],[-56.125646,-34.71782],[-56.125314,-34.718337],[-56.124622,-34.718681],[-56.124497,-34.718823],[-56.124457,-34.719023],[-56.124677,-34.720103],[-56.124179,-34.720566],[-56.124078,-34.72098],[-56.124369,-34.721799],[-56.124457,-34.722296],[-56.124403,-34.722621],[-56.124077,-34.723336],[-56.124013,-34.723656],[-56.124131,-34.724787],[-56.123847,-34.725273],[-56.123577,-34.726202],[-56.12301,-34.726816],[-56.122912,-34.727317],[-56.123098,-34.727848],[-56.123082,-34.728441],[-56.123418,-34.728783],[-56.123549,-34.729482],[-56.123945,-34.730122],[-56.125074,-34.730623],[-56.125282,-34.730832],[-56.12564,-34.731744],[-56.125853,-34.731896],[-56.126197,-34.731946],[-56.126321,-34.732102],[-56.126179,-34.732853],[-56.1266,-34.733147],[-56.126754,-34.73337],[-56.126885,-34.733743],[-56.127004,-34.735156],[-56.1269,-34.736438],[-56.126614,-34.736906],[-56.126444,-34.737385],[-56.125212,-34.737965],[-56.124519,-34.738081],[-56.122579,-34.738104],[-56.122254,-34.738227],[-56.121914,-34.73886],[-56.121835,-34.73931],[-56.121275,-34.740068],[-56.120383,-34.740944],[-56.120135,-34.741639],[-56.119948,-34.744283],[-56.120028,-34.744588],[-56.12049,-34.745346],[-56.120548,-34.745724],[-56.12005,-34.746099],[-56.119923,-34.746667],[-56.120053,-34.747131],[-56.119639,-34.747649],[-56.119564,-34.748289],[-56.119393,-34.74848],[-56.119141,-34.748556],[-56.118409,-34.74856],[-56.11814,-34.748805],[-56.11782,-34.748926],[-56.116352,-34.748441],[-56.115517,-34.748443],[-56.114525,-34.749097],[-56.114041,-34.749281],[-56.113609,-34.749574],[-56.113017,-34.750061],[-56.113014,-34.750301],[-56.112827,-34.75059],[-56.112438,-34.750827],[-56.112276,-34.750859],[-56.112018,-34.75078],[-56.111814,-34.750569],[-56.111587,-34.750473],[-56.110811,-34.75041],[-56.110503,-34.750491],[-56.109943,-34.750833],[-56.109663,-34.751215],[-56.109518,-34.751297],[-56.109296,-34.751243],[-56.108255,-34.751283],[-56.107503,-34.751527],[-56.106908,-34.751427],[-56.10639,-34.751093],[-56.10591,-34.750667],[-56.105295,-34.749892],[-56.104854,-34.74978],[-56.104774,-34.749954],[-56.104054,-34.750199],[-56.103513,-34.750663],[-56.102162,-34.750995],[-56.101736,-34.751182],[-56.101466,-34.751462],[-56.101235,-34.751995],[-56.100894,-34.752441],[-56.100371,-34.752813],[-56.099951,-34.752926],[-56.099753,-34.753081],[-56.099696,-34.753331],[-56.099828,-34.753907],[-56.099746,-34.75518],[-56.099294,-34.755595],[-56.099211,-34.756139],[-56.099011,-34.756194],[-56.098207,-34.755772],[-56.097957,-34.755745],[-56.097583,-34.7559],[-56.097209,-34.755899],[-56.096992,-34.755657],[-56.096638,-34.755492],[-56.096274,-34.755502],[-56.095982,-34.755377],[-56.09545,-34.75544],[-56.095382,-34.755614],[-56.095471,-34.755938],[-56.095251,-34.756256],[-56.095527,-34.756767],[-56.095023,-34.756929],[-56.094908,-34.757495],[-56.094806,-34.757596],[-56.094525,-34.75766],[-56.094456,-34.757906],[-56.094071,-34.758366],[-56.094068,-34.758648],[-56.093871,-34.759028],[-56.093957,-34.759546],[-56.093875,-34.759617],[-56.093595,-34.759608],[-56.093259,-34.759716],[-56.093168,-34.760014],[-56.09347,-34.760549],[-56.093563,-34.761194],[-56.093887,-34.761496],[-56.094184,-34.761733],[-56.094505,-34.761858],[-56.095075,-34.761963],[-56.095258,-34.762076],[-56.095503,-34.762046],[-56.095757,-34.762133],[-56.095862,-34.762268],[-56.095843,-34.762445],[-56.095573,-34.762633],[-56.095694,-34.763039],[-56.095862,-34.763208],[-56.095936,-34.763688],[-56.095588,-34.764111],[-56.095387,-34.76418],[-56.095357,-34.764263],[-56.095524,-34.764378],[-56.095493,-34.764681],[-56.095873,-34.765723],[-56.096218,-34.76608],[-56.09675,-34.766194],[-56.097099,-34.766415],[-56.097259,-34.766658],[-56.097283,-34.766762],[-56.097098,-34.766901],[-56.097098,-34.767007],[-56.09742,-34.767214],[-56.097465,-34.767356],[-56.097195,-34.767571],[-56.097224,-34.767805],[-56.097413,-34.768025],[-56.098029,-34.768211],[-56.098252,-34.768452],[-56.098779,-34.768449],[-56.099189,-34.768651],[-56.099306,-34.768827],[-56.099872,-34.76898],[-56.100037,-34.769146],[-56.100006,-34.769431],[-56.099728,-34.769725],[-56.09939,-34.769763],[-56.099181,-34.769934],[-56.098487,-34.77021],[-56.098369,-34.770344],[-56.098284,-34.770973],[-56.098501,-34.771056],[-56.099117,-34.771536],[-56.099009,-34.771973],[-56.098463,-34.772255],[-56.098282,-34.772599],[-56.09775,-34.772861],[-56.097664,-34.773048],[-56.097695,-34.773218],[-56.097912,-34.773474],[-56.098251,-34.773509],[-56.098345,-34.773636],[-56.09835,-34.774028],[-56.098022,-34.77454],[-56.098333,-34.775236],[-56.098142,-34.775633],[-56.097873,-34.775922],[-56.097448,-34.775991],[-56.097046,-34.776363],[-56.096722,-34.776399],[-56.096319,-34.776636],[-56.095989,-34.776565],[-56.095597,-34.776627],[-56.09518,-34.776447],[-56.095004,-34.776236],[-56.094884,-34.775515],[-56.094663,-34.775428],[-56.094419,-34.775486],[-56.094331,-34.775578],[-56.094312,-34.775919],[-56.093949,-34.776363],[-56.093458,-34.776751],[-56.093266,-34.777204],[-56.09329,-34.777435],[-56.093104,-34.777805],[-56.093084,-34.778212],[-56.092755,-34.778483],[-56.092571,-34.778827],[-56.092233,-34.779016],[-56.091912,-34.779403],[-56.091571,-34.779515],[-56.091183,-34.779857],[-56.090475,-34.780204],[-56.08976,-34.780342],[-56.088898,-34.779992],[-56.08841,-34.779594],[-56.088286,-34.779242],[-56.088007,-34.779217],[-56.087927,-34.779134],[-56.088169,-34.779834],[-56.088376,-34.780075],[-56.08871,-34.780277],[-56.091361,-34.781463],[-56.097444,-34.784738],[-56.105985,-34.788967],[-56.106353,-34.789269],[-56.107381,-34.789513],[-56.108633,-34.789469],[-56.109215,-34.789618],[-56.110673,-34.790343],[-56.110706,-34.790474],[-56.111495,-34.790766],[-56.117835,-34.793877],[-56.118839,-34.794094],[-56.122838,-34.794427],[-56.122795,-34.794547],[-56.118825,-34.794181],[-56.118166,-34.794059],[-56.117879,-34.794216],[-56.120244,-34.799017],[-56.120721,-34.799346],[-56.125098,-34.801485],[-56.127386,-34.79864],[-56.129644,-34.798771],[-56.143937,-34.800873],[-56.143281,-34.803652],[-56.148297,-34.804316],[-56.1476,-34.806675],[-56.164509,-34.808882],[-56.183431,-34.827455]]]]}},{"type":"Feature","properties":{"nombre":"Peñarol, Lavalleja","departamento":"Montevideo"},"geometry":{"type":"MultiPolygon","coordinates":[[[[-56.217676,-34.829004],[-56.217974,-34.828834],[-56.217924,-34.828751],[-56.217448,-34.828132],[-56.216774,-34.827547],[-56.215774,-34.827036],[-56.214697,-34.826765],[-56.218855,-34.824357],[-56.218729,-34.824174],[-56.219052,-34.820301],[-56.220084,-34.819673],[-56.220727,-34.812307],[-56.21301,-34.817068],[-56.210545,-34.813349],[-56.209635,-34.810833],[-56.209182,-34.809157],[-56.196262,-34.816549],[-56.194753,-34.814711],[-56.192437,-34.811513],[-56.196121,-34.809877],[-56.20093,-34.807596],[-56.19965,-34.806238],[-56.198178,-34.805117],[-56.1985,-34.8049],[-56.202135,-34.803362],[-56.199871,-34.800224],[-56.201272,-34.799537],[-56.201046,-34.799388],[-56.200464,-34.799225],[-56.200927,-34.798273],[-56.201346,-34.797864],[-56.200644,-34.796762],[-56.199542,-34.796542],[-56.199445,-34.796475],[-56.199458,-34.796308],[-56.195428,-34.795931],[-56.195106,-34.796711],[-56.193137,-34.799657],[-56.191765,-34.800951],[-56.190309,-34.80215],[-56.186817,-34.803678],[-56.186684,-34.803832],[-56.185814,-34.804217],[-56.184531,-34.804658],[-56.183584,-34.805177],[-56.183162,-34.80519],[-56.182754,-34.805384],[-56.182752,-34.8058],[-56.18307,-34.806251],[-56.183469,-34.806662],[-56.184217,-34.807003],[-56.184762,-34.807603],[-56.185036,-34.807674],[-56.185467,-34.808312],[-56.185799,-34.808591],[-56.185792,-34.808881],[-56.185419,-34.809222],[-56.184295,-34.8095],[-56.183801,-34.809854],[-56.183677,-34.810081],[-56.183748,-34.810406],[-56.183711,-34.810682],[-56.183462,-34.81117],[-56.183531,-34.811446],[-56.183763,-34.811665],[-56.18479,-34.812307],[-56.185384,-34.812426],[-56.185806,-34.812929],[-56.185774,-34.81327],[-56.185508,-34.813599],[-56.185431,-34.813913],[-56.185628,-34.815561],[-56.185859,-34.816128],[-56.186752,-34.816948],[-56.187001,-34.817434],[-56.187245,-34.818401],[-56.187774,-34.819009],[-56.18777,-34.819487],[-56.187559,-34.819863],[-56.1875,-34.820351],[-56.187603,-34.820837],[-56.187807,-34.821015],[-56.187875,-34.821202],[-56.187755,-34.821608],[-56.187231,-34.822185],[-56.186708,-34.82255],[-56.185488,-34.8231],[-56.185289,-34.823288],[-56.185423,-34.824326],[-56.185142,-34.824822],[-56.185219,-34.825344],[-56.185188,-34.825726],[-56.184822,-34.826444],[-56.184744,-34.826798],[-56.184434,-34.827132],[-56.183689,-34.827328],[-56.18324,-34.827563],[-56.18298,-34.82781],[-56.182819,-34.828051],[-56.182747,-34.828618],[-56.182451,-34.82914],[-56.18204,-34.829582],[-56.181937,-34.829949],[-56.182035,-34.830085],[-56.182503,-34.830353],[-56.182561,-34.830568],[-56.182479,-34.831042],[-56.182514,-34.831421],[-56.182789,-34.831821],[-56.183489,-34.833377],[-56.183301,-34.833536],[-56.183294,-34.833679],[-56.182727,-34.834494],[-56.182391,-34.834835],[-56.181824,-34.835886],[-56.181402,-34.836355],[-56.181354,-34.837047],[-56.181499,-34.837891],[-56.181803,-34.838235],[-56.181945,-34.83827],[-56.182287,-34.838055],[-56.18246,-34.838072],[-56.183072,-34.83832],[-56.183328,-34.838542],[-56.183273,-34.838934],[-56.182799,-34.839608],[-56.182765,-34.839884],[-56.183014,-34.840139],[-56.183576,-34.840403],[-56.183919,-34.840741],[-56.184828,-34.841361],[-56.185619,-34.84226],[-56.186034,-34.842954],[-56.186166,-34.843378],[-56.186175,-34.843993],[-56.186029,-34.844698],[-56.186108,-34.845088],[-56.187873,-34.846745],[-56.188677,-34.847273],[-56.188373,-34.847568],[-56.188471,-34.847626],[-56.188756,-34.847332],[-56.18909,-34.847442],[-56.189513,-34.847465],[-56.190979,-34.846669],[-56.191791,-34.846495],[-56.192241,-34.846514],[-56.192912,-34.846699],[-56.193541,-34.847106],[-56.193741,-34.847398],[-56.19463,-34.847003],[-56.194409,-34.84677],[-56.198603,-34.844054],[-56.196201,-34.841697],[-56.201053,-34.838791],[-56.200878,-34.834963],[-56.210147,-34.829397],[-56.214175,-34.831071],[-56.217676,-34.829004]]]]}},{"type":"Feature","properties":{"nombre":"Malvín","departamento":"Montevideo"},"geometry":{"type":"MultiPolygon","coordinates":[[[[-56.110518,-34.897154],[-56.11224,-34.897401],[-56.11285,-34.897766],[-56.112973,-34.897946],[-56.113268,-34.897853],[-56.113518,-34.89841],[-56.113752,-34.898419],[-56.113815,-34.898279],[-56.113931,-34.898244],[-56.114346,-34.898352],[-56.11429,-34.898697],[-56.114391,-34.898355],[-56.114581,-34.898332],[-56.11478,-34.898176],[-56.115116,-34.898181],[-56.115401,-34.898329],[-56.115472,-34.898179],[-56.11555,-34.898175],[-56.115723,-34.898247],[-56.115692,-34.898421],[-56.116821,-34.898522],[-56.117357,-34.897081],[-56.116872,-34.89633],[-56.119279,-34.892595],[-56.117368,-34.891724],[-56.11688,-34.891831],[-56.116626,-34.891644],[-56.118515,-34.888738],[-56.120078,-34.888792],[-56.120048,-34.887264],[-56.118844,-34.884418],[-56.114368,-34.884692],[-56.112712,-34.884126],[-56.111521,-34.88383],[-56.11117,-34.883655],[-56.111185,-34.88359],[-56.11052,-34.883537],[-56.110004,-34.882974],[-56.108616,-34.882382],[-56.108119,-34.882358],[-56.10751,-34.882489],[-56.106829,-34.88281],[-56.106495,-34.883076],[-56.106184,-34.882845],[-56.106305,-34.882707],[-56.104536,-34.881717],[-56.103695,-34.88276],[-56.103905,-34.883193],[-56.103922,-34.883667],[-56.102341,-34.883696],[-56.1006,-34.885782],[-56.09942,-34.885714],[-56.095782,-34.884958],[-56.091679,-34.89003],[-56.091459,-34.890402],[-56.091384,-34.890708],[-56.091934,-34.890844],[-56.092837,-34.890901],[-56.091919,-34.892],[-56.091205,-34.892384],[-56.090942,-34.892686],[-56.092563,-34.893581],[-56.091725,-34.894611],[-56.091629,-34.894585],[-56.0909,-34.89558],[-56.092529,-34.895782],[-56.094413,-34.89631],[-56.095184,-34.896693],[-56.095179,-34.896831],[-56.09503,-34.896968],[-56.095061,-34.89706],[-56.095283,-34.897155],[-56.095412,-34.897089],[-56.095398,-34.897229],[-56.095564,-34.897212],[-56.095749,-34.89743],[-56.097091,-34.897352],[-56.097307,-34.897177],[-56.098631,-34.897575],[-56.099312,-34.897953],[-56.099684,-34.89829],[-56.099811,-34.898834],[-56.099478,-34.898868],[-56.099834,-34.899412],[-56.099887,-34.899657],[-56.100017,-34.899756],[-56.100354,-34.89975],[-56.100503,-34.899928],[-56.100824,-34.899973],[-56.101377,-34.899746],[-56.10164,-34.899747],[-56.101446,-34.899564],[-56.101442,-34.899414],[-56.101598,-34.899494],[-56.101818,-34.899392],[-56.101586,-34.899463],[-56.101432,-34.899388],[-56.101318,-34.899063],[-56.101104,-34.89894],[-56.101185,-34.898548],[-56.101669,-34.898102],[-56.102201,-34.897786],[-56.103592,-34.897359],[-56.104578,-34.897189],[-56.105785,-34.897126],[-56.110518,-34.897154]]]]}},{"type":"Feature","properties":{"nombre":"Buceo","departamento":"Montevideo"},"geometry":{"type":"MultiPolygon","coordinates":[[[[-56.137317,-34.904725],[-56.138556,-34.90123],[-56.139915,-34.901653],[-56.140781,-34.899269],[-56.141896,-34.899536],[-56.143345,-34.895578],[-56.13904,-34.894394],[-56.136573,-34.894037],[-56.137168,-34.89312],[-56.132516,-34.890985],[-56.13658,-34.887763],[-56.136238,-34.887659],[-56.129058,-34.887908],[-56.128854,-34.887784],[-56.13025,-34.886659],[-56.128905,-34.886696],[-56.128289,-34.881805],[-56.126713,-34.881644],[-56.125563,-34.881823],[-56.125489,-34.88185],[-56.125603,-34.882259],[-56.124574,-34.882544],[-56.12275,-34.883436],[-56.121179,-34.883963],[-56.118844,-34.884418],[-56.120048,-34.887264],[-56.120078,-34.888792],[-56.118515,-34.888738],[-56.116626,-34.891644],[-56.11688,-34.891831],[-56.117368,-34.891724],[-56.119279,-34.892595],[-56.116872,-34.89633],[-56.117357,-34.897081],[-56.116821,-34.898522],[-56.117843,-34.898625],[-56.119082,-34.899093],[-56.120766,-34.900088],[-56.122181,-34.901161],[-56.122702,-34.901749],[-56.122787,-34.902047],[-56.122776,-34.902467],[-56.122967,-34.902545],[-56.12281,-34.902769],[-56.122358,-34.902956],[-56.122457,-34.903039],[-56.122403,-34.903096],[-56.122787,-34.903376],[-56.122584,-34.903712],[-56.122312,-34.903809],[-56.1229,-34.904081],[-56.122853,-34.904159],[-56.123037,-34.904288],[-56.122907,-34.90435],[-56.123209,-34.904465],[-56.123252,-34.904587],[-56.123043,-34.904582],[-56.122959,-34.904679],[-56.123726,-34.904879],[-56.123688,-34.904945],[-56.123361,-34.904958],[-56.123402,-34.905065],[-56.124173,-34.905319],[-56.1243,-34.905524],[-56.124472,-34.905552],[-56.124468,-34.905672],[-56.124681,-34.905663],[-56.124853,-34.905841],[-56.125342,-34.906005],[-56.125803,-34.906018],[-56.126254,-34.906136],[-56.126283,-34.906001],[-56.126614,-34.906242],[-56.126733,-34.906155],[-56.127087,-34.90616],[-56.127383,-34.906261],[-56.127339,-34.905998],[-56.127552,-34.906209],[-56.12777,-34.906226],[-56.127898,-34.906391],[-56.127918,-34.906296],[-56.128125,-34.906358],[-56.128129,-34.906232],[-56.128444,-34.906327],[-56.12892,-34.906212],[-56.129182,-34.905922],[-56.129415,-34.905864],[-56.129465,-34.905739],[-56.129864,-34.905627],[-56.129903,-34.9055],[-56.129971,-34.905624],[-56.130333,-34.905566],[-56.130512,-34.905493],[-56.130618,-34.905335],[-56.130759,-34.90533],[-56.130802,-34.905206],[-56.130987,-34.905084],[-56.131444,-34.905288],[-56.131734,-34.905583],[-56.131637,-34.905946],[-56.131963,-34.906525],[-56.13221,-34.906821],[-56.1325,-34.906971],[-56.13247,-34.90714],[-56.132329,-34.90718],[-56.132564,-34.907586],[-56.132321,-34.907671],[-56.132742,-34.907896],[-56.132484,-34.908151],[-56.132641,-34.908282],[-56.132804,-34.908294],[-56.132642,-34.908391],[-56.133012,-34.908474],[-56.133078,-34.908575],[-56.132966,-34.909058],[-56.132298,-34.909184],[-56.132091,-34.909374],[-56.132334,-34.909555],[-56.132252,-34.909776],[-56.132049,-34.909894],[-56.131982,-34.909772],[-56.131791,-34.909795],[-56.131738,-34.909693],[-56.131562,-34.9097],[-56.131522,-34.909569],[-56.131048,-34.909551],[-56.130647,-34.908436],[-56.130995,-34.90955],[-56.130497,-34.909528],[-56.130082,-34.908457],[-56.13045,-34.909531],[-56.129971,-34.909475],[-56.129596,-34.908541],[-56.129954,-34.909498],[-56.130179,-34.909508],[-56.130063,-34.909559],[-56.129853,-34.909916],[-56.129071,-34.909609],[-56.129132,-34.909512],[-56.129001,-34.90946],[-56.128968,-34.909528],[-56.128604,-34.909381],[-56.128663,-34.909282],[-56.128264,-34.909122],[-56.128202,-34.909229],[-56.12779,-34.909025],[-56.127625,-34.909115],[-56.127709,-34.909228],[-56.129848,-34.910049],[-56.129979,-34.910425],[-56.130067,-34.911098],[-56.130042,-34.911224],[-56.129809,-34.911334],[-56.129843,-34.911382],[-56.130095,-34.911279],[-56.131092,-34.911524],[-56.131149,-34.911622],[-56.131608,-34.911743],[-56.131977,-34.912351],[-56.132211,-34.912337],[-56.132536,-34.912151],[-56.133211,-34.912026],[-56.134011,-34.911637],[-56.134519,-34.911519],[-56.134403,-34.911277],[-56.134521,-34.911239],[-56.134328,-34.910776],[-56.135097,-34.910954],[-56.137317,-34.904725]]]]}},{"type":"Feature","properties":{"nombre":"Punta Carretas","departamento":"Montevideo"},"geometry":{"type":"MultiPolygon","coordinates":[[[[-56.163207,-34.929004],[-56.164279,-34.928453],[-56.164381,-34.928096],[-56.16458,-34.927888],[-56.165511,-34.92756],[-56.165969,-34.926933],[-56.166185,-34.926787],[-56.167168,-34.92648],[-56.16735,-34.92635],[-56.167626,-34.926386],[-56.167684,-34.926167],[-56.167851,-34.926128],[-56.168179,-34.926382],[-56.16863,-34.926512],[-56.168199,-34.926363],[-56.167889,-34.92612],[-56.168074,-34.926074],[-56.168648,-34.926174],[-56.168808,-34.926157],[-56.169073,-34.925972],[-56.169566,-34.925994],[-56.169561,-34.925928],[-56.169295,-34.925798],[-56.170089,-34.925531],[-56.170749,-34.925468],[-56.170749,-34.925657],[-56.170648,-34.925703],[-56.170939,-34.925711],[-56.170985,-34.925668],[-56.170766,-34.925658],[-56.170773,-34.925467],[-56.171094,-34.925405],[-56.171382,-34.925455],[-56.171473,-34.925286],[-56.171803,-34.925294],[-56.17165,-34.925155],[-56.171796,-34.925082],[-56.171602,-34.925],[-56.171656,-34.924909],[-56.171862,-34.924915],[-56.171909,-34.924762],[-56.172522,-34.924887],[-56.17257,-34.925003],[-56.172453,-34.925145],[-56.17263,-34.925213],[-56.172743,-34.925195],[-56.17251,-34.925127],[-56.172627,-34.925013],[-56.172977,-34.925058],[-56.172985,-34.925006],[-56.172607,-34.924969],[-56.172639,-34.924845],[-56.172891,-34.92487],[-56.172878,-34.924818],[-56.172523,-34.924843],[-56.171917,-34.92473],[-56.171948,-34.924598],[-56.172321,-34.924395],[-56.172333,-34.924223],[-56.172261,-34.924174],[-56.172439,-34.924127],[-56.172241,-34.924145],[-56.171966,-34.923935],[-56.171849,-34.923656],[-56.171958,-34.923498],[-56.17183,-34.923231],[-56.171874,-34.922985],[-56.171413,-34.922714],[-56.171418,-34.922558],[-56.171296,-34.922553],[-56.171137,-34.921496],[-56.171231,-34.921349],[-56.171837,-34.92092],[-56.172128,-34.921354],[-56.172357,-34.921398],[-56.172451,-34.921335],[-56.172206,-34.921339],[-56.171854,-34.920909],[-56.172265,-34.920703],[-56.172456,-34.920453],[-56.172927,-34.920416],[-56.173055,-34.919974],[-56.173016,-34.919805],[-56.172816,-34.919498],[-56.172457,-34.919219],[-56.171929,-34.918986],[-56.170929,-34.918769],[-56.170633,-34.918598],[-56.170754,-34.918284],[-56.170583,-34.918614],[-56.170458,-34.918627],[-56.170185,-34.918424],[-56.169983,-34.918147],[-56.169905,-34.917557],[-56.170078,-34.916586],[-56.170364,-34.916022],[-56.17088,-34.915326],[-56.170428,-34.914694],[-56.170818,-34.914575],[-56.170501,-34.914536],[-56.17025,-34.914296],[-56.170061,-34.913213],[-56.170173,-34.912975],[-56.169594,-34.912649],[-56.169162,-34.912215],[-56.169222,-34.911587],[-56.166019,-34.911359],[-56.165778,-34.914223],[-56.165847,-34.917766],[-56.165736,-34.919869],[-56.162319,-34.921507],[-56.162119,-34.921526],[-56.162885,-34.91476],[-56.156269,-34.914267],[-56.156003,-34.916605],[-56.154866,-34.917005],[-56.148718,-34.918389],[-56.148969,-34.917538],[-56.148852,-34.917564],[-56.148562,-34.918525],[-56.148255,-34.918457],[-56.148026,-34.9189],[-56.147854,-34.918997],[-56.14743,-34.918874],[-56.146865,-34.918842],[-56.146406,-34.918986],[-56.146255,-34.91889],[-56.145699,-34.918781],[-56.145183,-34.918837],[-56.145118,-34.918913],[-56.145249,-34.919138],[-56.145413,-34.919204],[-56.145341,-34.919265],[-56.145438,-34.919359],[-56.145447,-34.919547],[-56.145368,-34.919635],[-56.145896,-34.920152],[-56.146934,-34.920593],[-56.147489,-34.920674],[-56.14876,-34.92158],[-56.148995,-34.921536],[-56.149599,-34.921791],[-56.149948,-34.922146],[-56.150354,-34.922404],[-56.150787,-34.9225],[-56.151325,-34.922825],[-56.151727,-34.923235],[-56.151517,-34.923369],[-56.151652,-34.923506],[-56.151532,-34.923711],[-56.151384,-34.923735],[-56.150963,-34.923585],[-56.151421,-34.923774],[-56.151285,-34.924012],[-56.151463,-34.924269],[-56.151381,-34.92441],[-56.150941,-34.924679],[-56.151054,-34.924818],[-56.151908,-34.924988],[-56.152091,-34.925116],[-56.153126,-34.925183],[-56.153205,-34.925294],[-56.153187,-34.925631],[-56.153276,-34.925748],[-56.153673,-34.925846],[-56.154037,-34.92609],[-56.154484,-34.926209],[-56.154624,-34.926372],[-56.154905,-34.926508],[-56.155259,-34.926552],[-56.155452,-34.926721],[-56.155443,-34.926991],[-56.155848,-34.927039],[-56.156055,-34.927255],[-56.156141,-34.927473],[-56.156404,-34.927538],[-56.156893,-34.927345],[-56.157151,-34.927323],[-56.157794,-34.927749],[-56.157641,-34.92789],[-56.157853,-34.927847],[-56.157949,-34.927944],[-56.157975,-34.928128],[-56.157853,-34.928416],[-56.15798,-34.928515],[-56.156301,-34.928414],[-56.157981,-34.928545],[-56.158028,-34.928793],[-56.158284,-34.928819],[-56.158393,-34.928932],[-56.158524,-34.930183],[-56.158493,-34.93043],[-56.158364,-34.930656],[-56.158596,-34.931338],[-56.158487,-34.931411],[-56.158729,-34.931547],[-56.158882,-34.931889],[-56.158708,-34.933397],[-56.159064,-34.934505],[-56.159569,-34.935201],[-56.159786,-34.935739],[-56.159809,-34.937793],[-56.159877,-34.937884],[-56.160252,-34.937808],[-56.160341,-34.938031],[-56.160544,-34.937998],[-56.160602,-34.936003],[-56.160773,-34.935903],[-56.16091,-34.935654],[-56.16131,-34.935534],[-56.161036,-34.93541],[-56.160991,-34.935119],[-56.161368,-34.934577],[-56.16165,-34.934443],[-56.162053,-34.93364],[-56.163445,-34.93353],[-56.163726,-34.933378],[-56.163925,-34.932497],[-56.163919,-34.932319],[-56.163827,-34.932212],[-56.163665,-34.93227],[-56.163642,-34.932748],[-56.163429,-34.933207],[-56.163274,-34.933327],[-56.16298,-34.933364],[-56.162329,-34.933242],[-56.162265,-34.932788],[-56.162429,-34.93267],[-56.16229,-34.932662],[-56.162019,-34.932474],[-56.161899,-34.932472],[-56.161679,-34.932878],[-56.161562,-34.932828],[-56.161493,-34.9329],[-56.161337,-34.93289],[-56.160599,-34.93256],[-56.160387,-34.932291],[-56.160497,-34.931228],[-56.160718,-34.93112],[-56.161437,-34.931034],[-56.161586,-34.930606],[-56.162226,-34.93041],[-56.162256,-34.930286],[-56.16191,-34.93014],[-56.161982,-34.929874],[-56.162499,-34.929753],[-56.162582,-34.92951],[-56.162864,-34.929257],[-56.163171,-34.929109],[-56.163207,-34.929004]]]]}},{"type":"Feature","properties":{"nombre":"La Paloma, Tomkinson","departamento":"Montevideo"},"geometry":{"type":"MultiPolygon","coordinates":[[[[-56.290361,-34.852363],[-56.290451,-34.852074],[-56.290346,-34.851961],[-56.29043,-34.851816],[-56.289986,-34.851378],[-56.290056,-34.851252],[-56.289997,-34.851156],[-56.289758,-34.851179],[-56.272468,-34.836291],[-56.270943,-34.836807],[-56.265136,-34.838145],[-56.265641,-34.839737],[-56.265792,-34.840821],[-56.26591,-34.841123],[-56.265714,-34.842018],[-56.265839,-34.842501],[-56.265759,-34.842679],[-56.265245,-34.84308],[-56.263335,-34.843977],[-56.261908,-34.845406],[-56.261324,-34.845832],[-56.260702,-34.846726],[-56.260221,-34.847053],[-56.25984,-34.847915],[-56.259021,-34.849194],[-56.258672,-34.849612],[-56.258279,-34.849849],[-56.258001,-34.850289],[-56.257978,-34.850432],[-56.258206,-34.850859],[-56.258081,-34.851067],[-56.258058,-34.851351],[-56.257891,-34.851504],[-56.258021,-34.851732],[-56.258,-34.852002],[-56.257558,-34.852915],[-56.257311,-34.853076],[-56.256205,-34.853161],[-56.255835,-34.853401],[-56.255655,-34.853696],[-56.255813,-34.854144],[-56.255959,-34.854281],[-56.255802,-34.85457],[-56.255287,-34.854843],[-56.254755,-34.854957],[-56.254369,-34.854843],[-56.253005,-34.855031],[-56.250343,-34.855097],[-56.249174,-34.855054],[-56.248691,-34.855249],[-56.248291,-34.855795],[-56.248249,-34.856195],[-56.248367,-34.856298],[-56.248557,-34.85632],[-56.248747,-34.856099],[-56.249013,-34.856011],[-56.249459,-34.856152],[-56.249647,-34.856792],[-56.249315,-34.857426],[-56.248763,-34.858042],[-56.248383,-34.858309],[-56.247614,-34.858451],[-56.246968,-34.858468],[-56.246583,-34.858613],[-56.246381,-34.85884],[-56.246438,-34.859382],[-56.246984,-34.86],[-56.247767,-34.861384],[-56.247803,-34.861762],[-56.247599,-34.861889],[-56.246936,-34.861653],[-56.246541,-34.861621],[-56.24571,-34.861879],[-56.244959,-34.861998],[-56.243767,-34.86204],[-56.243405,-34.862276],[-56.243045,-34.862703],[-56.242931,-34.862981],[-56.242979,-34.863416],[-56.243506,-34.864061],[-56.24327,-34.864717],[-56.243116,-34.866088],[-56.243207,-34.866306],[-56.243926,-34.867005],[-56.244075,-34.867257],[-56.244195,-34.867713],[-56.245543,-34.869436],[-56.246217,-34.869772],[-56.247308,-34.870134],[-56.24776,-34.870476],[-56.247843,-34.870666],[-56.24774,-34.871049],[-56.247291,-34.87143],[-56.247806,-34.871751],[-56.251747,-34.872281],[-56.252771,-34.872332],[-56.252874,-34.871665],[-56.253021,-34.87168],[-56.252909,-34.872407],[-56.259341,-34.873241],[-56.259355,-34.873156],[-56.26267,-34.873668],[-56.262926,-34.87408],[-56.267052,-34.872309],[-56.285805,-34.874855],[-56.290361,-34.852363]]]]}},{"type":"Feature","properties":{"nombre":"Larrañaga","departamento":"Montevideo"},"geometry":{"type":"MultiPolygon","coordinates":[[[[-56.166139,-34.88473],[-56.167009,-34.883932],[-56.164909,-34.882454],[-56.164986,-34.88163],[-56.166396,-34.881726],[-56.167621,-34.870313],[-56.167396,-34.869886],[-56.167164,-34.86988],[-56.166708,-34.869596],[-56.162961,-34.871945],[-56.160122,-34.873431],[-56.159235,-34.874074],[-56.158705,-34.874647],[-56.154915,-34.879776],[-56.154107,-34.880575],[-56.153342,-34.88114],[-56.152481,-34.882005],[-56.155509,-34.883827],[-56.160241,-34.889487],[-56.163787,-34.886255],[-56.166139,-34.88473]]]]}},{"type":"Feature","properties":{"nombre":"Nuevo París","departamento":"Montevideo"},"geometry":{"type":"MultiPolygon","coordinates":[[[[-56.255768,-34.85459],[-56.255962,-34.854307],[-56.255813,-34.854144],[-56.255655,-34.853696],[-56.255835,-34.853401],[-56.256205,-34.853161],[-56.257311,-34.853076],[-56.257558,-34.852915],[-56.258,-34.852002],[-56.258021,-34.851732],[-56.257891,-34.851504],[-56.258058,-34.851351],[-56.258081,-34.851067],[-56.258206,-34.850859],[-56.257978,-34.850432],[-56.258001,-34.850289],[-56.258279,-34.849849],[-56.258672,-34.849612],[-56.259021,-34.849194],[-56.25984,-34.847915],[-56.260221,-34.847053],[-56.260702,-34.846726],[-56.261324,-34.845832],[-56.261908,-34.845406],[-56.263335,-34.843977],[-56.265323,-34.843036],[-56.265826,-34.842574],[-56.265714,-34.842018],[-56.26591,-34.841123],[-56.265792,-34.840821],[-56.265641,-34.839737],[-56.265136,-34.838145],[-56.263979,-34.838334],[-56.263481,-34.838062],[-56.255433,-34.835872],[-56.253807,-34.835976],[-56.253778,-34.834988],[-56.253657,-34.834104],[-56.253426,-34.833221],[-56.252989,-34.832144],[-56.253008,-34.832491],[-56.252897,-34.832646],[-56.252548,-34.832024],[-56.248581,-34.828657],[-56.246596,-34.826404],[-56.245284,-34.826292],[-56.244385,-34.82645],[-56.246011,-34.8258],[-56.245026,-34.824686],[-56.240716,-34.827213],[-56.24052,-34.82724],[-56.240656,-34.8274],[-56.240416,-34.827422],[-56.240426,-34.827537],[-56.240047,-34.827608],[-56.221726,-34.838448],[-56.221763,-34.841725],[-56.22397,-34.840495],[-56.224703,-34.841439],[-56.227205,-34.840027],[-56.228138,-34.841189],[-56.227851,-34.841362],[-56.22865,-34.842274],[-56.231927,-34.84038],[-56.231353,-34.842697],[-56.231494,-34.84263],[-56.233489,-34.845509],[-56.230717,-34.847048],[-56.232209,-34.848802],[-56.232566,-34.848688],[-56.232899,-34.849107],[-56.232629,-34.849299],[-56.233025,-34.849769],[-56.233898,-34.849306],[-56.234537,-34.850892],[-56.235355,-34.850441],[-56.236739,-34.852178],[-56.237672,-34.852982],[-56.240187,-34.851712],[-56.249711,-34.846337],[-56.250142,-34.846824],[-56.250263,-34.847186],[-56.25018,-34.848041],[-56.250356,-34.848239],[-56.250363,-34.848491],[-56.250563,-34.848619],[-56.250749,-34.848901],[-56.250644,-34.849569],[-56.25068,-34.849772],[-56.250868,-34.849965],[-56.250708,-34.850444],[-56.250805,-34.850983],[-56.250623,-34.851171],[-56.250556,-34.85143],[-56.250767,-34.851705],[-56.250852,-34.85217],[-56.251022,-34.852315],[-56.251179,-34.852307],[-56.251244,-34.852453],[-56.250983,-34.852798],[-56.250777,-34.853326],[-56.250988,-34.853671],[-56.250773,-34.85381],[-56.250327,-34.853923],[-56.250121,-34.854091],[-56.249798,-34.854103],[-56.249249,-34.854302],[-56.248918,-34.854617],[-56.248691,-34.855249],[-56.249174,-34.855054],[-56.250343,-34.855097],[-56.253005,-34.855031],[-56.254369,-34.854843],[-56.254755,-34.854957],[-56.255287,-34.854843],[-56.255768,-34.85459]]]]}},{"type":"Feature","properties":{"nombre":"Carrasco","departamento":"Montevideo"},"geometry":{"type":"MultiPolygon","coordinates":[[[[-56.071025,-34.891437],[-56.07343,-34.890617],[-56.076264,-34.889521],[-56.078563,-34.888403],[-56.08043,-34.88717],[-56.081408,-34.88645],[-56.08243,-34.88533],[-56.083284,-34.883114],[-56.070897,-34.878808],[-56.069873,-34.878517],[-56.068686,-34.880882],[-56.06561,-34.879848],[-56.06457,-34.879756],[-56.06343,-34.879902],[-56.063331,-34.879791],[-56.063148,-34.879791],[-56.062153,-34.877696],[-56.062837,-34.877754],[-56.062958,-34.877534],[-56.05791,-34.877084],[-56.058066,-34.875882],[-56.051492,-34.875367],[-56.051363,-34.876498],[-56.045025,-34.875932],[-56.044723,-34.875832],[-56.043854,-34.875808],[-56.043974,-34.874783],[-56.038392,-34.87431],[-56.0383,-34.874222],[-56.038383,-34.873897],[-56.038689,-34.87353],[-56.039289,-34.873072],[-56.039731,-34.872384],[-56.039943,-34.872292],[-56.040261,-34.872345],[-56.040521,-34.872236],[-56.040585,-34.872119],[-56.040698,-34.87183],[-56.040681,-34.871475],[-56.040523,-34.871185],[-56.04024,-34.870906],[-56.039192,-34.871546],[-56.037286,-34.871957],[-56.036579,-34.872379],[-56.036401,-34.872711],[-56.036203,-34.873858],[-56.035683,-34.87597],[-56.035297,-34.876689],[-56.034993,-34.87776],[-56.034762,-34.87808],[-56.034252,-34.878441],[-56.03394,-34.878504],[-56.032339,-34.878519],[-56.031762,-34.878685],[-56.030829,-34.879459],[-56.030993,-34.879569],[-56.030948,-34.879621],[-56.030493,-34.879862],[-56.030145,-34.879856],[-56.029253,-34.879576],[-56.028197,-34.878943],[-56.027954,-34.878915],[-56.02733,-34.878452],[-56.027413,-34.878521],[-56.025521,-34.87777],[-56.024075,-34.876905],[-56.022545,-34.876471],[-56.020328,-34.875689],[-56.018258,-34.875188],[-56.017915,-34.875184],[-56.018841,-34.875557],[-56.020191,-34.876274],[-56.022725,-34.877441],[-56.028158,-34.879736],[-56.039367,-34.885076],[-56.051589,-34.890446],[-56.053644,-34.89151],[-56.055715,-34.892721],[-56.057556,-34.893951],[-56.059567,-34.895432],[-56.071025,-34.891437]]]]}},{"type":"Feature","properties":{"nombre":"Punta Gorda","departamento":"Montevideo"},"geometry":{"type":"MultiPolygon","coordinates":[[[[-56.091725,-34.894611],[-56.092563,-34.893581],[-56.090942,-34.892686],[-56.091205,-34.892384],[-56.091919,-34.892],[-56.092837,-34.890901],[-56.091934,-34.890844],[-56.091384,-34.890708],[-56.091524,-34.890245],[-56.095782,-34.884958],[-56.096965,-34.883273],[-56.091055,-34.875755],[-56.085999,-34.878924],[-56.085503,-34.879321],[-56.084275,-34.880724],[-56.083912,-34.881284],[-56.083118,-34.883672],[-56.08243,-34.88533],[-56.081901,-34.885978],[-56.081177,-34.886651],[-56.078641,-34.888358],[-56.076106,-34.889592],[-56.07343,-34.890617],[-56.059567,-34.895432],[-56.061353,-34.8969],[-56.062408,-34.897947],[-56.062758,-34.898393],[-56.062956,-34.898451],[-56.062965,-34.898534],[-56.063194,-34.898556],[-56.063275,-34.898682],[-56.063148,-34.898803],[-56.063174,-34.898941],[-56.063585,-34.898882],[-56.063808,-34.899124],[-56.064132,-34.899155],[-56.064019,-34.899235],[-56.064408,-34.899252],[-56.064377,-34.899326],[-56.064604,-34.899699],[-56.064788,-34.899612],[-56.065058,-34.899642],[-56.065093,-34.899576],[-56.065196,-34.899663],[-56.065891,-34.899605],[-56.06594,-34.89987],[-56.066049,-34.899875],[-56.066097,-34.899598],[-56.066208,-34.899577],[-56.066426,-34.899642],[-56.066207,-34.899755],[-56.066244,-34.89985],[-56.066479,-34.899821],[-56.066582,-34.89964],[-56.067077,-34.899671],[-56.067278,-34.899854],[-56.067832,-34.899801],[-56.067862,-34.899648],[-56.067953,-34.899596],[-56.067934,-34.899482],[-56.068136,-34.899335],[-56.068595,-34.899119],[-56.069028,-34.899055],[-56.069498,-34.899148],[-56.069645,-34.899552],[-56.070091,-34.899721],[-56.070506,-34.899654],[-56.070702,-34.899732],[-56.071001,-34.89966],[-56.071215,-34.89971],[-56.071591,-34.89995],[-56.071865,-34.899963],[-56.072071,-34.899782],[-56.072056,-34.899539],[-56.072293,-34.899431],[-56.072865,-34.89962],[-56.072321,-34.899393],[-56.072781,-34.898869],[-56.073519,-34.898427],[-56.074892,-34.8981],[-56.076465,-34.898041],[-56.077495,-34.898156],[-56.078042,-34.898365],[-56.078168,-34.898562],[-56.07818,-34.898752],[-56.078375,-34.898656],[-56.078563,-34.898715],[-56.079017,-34.898962],[-56.07891,-34.899016],[-56.0793,-34.899093],[-56.080165,-34.899634],[-56.080466,-34.899939],[-56.08057,-34.900235],[-56.080482,-34.900337],[-56.08064,-34.900422],[-56.081181,-34.900483],[-56.081225,-34.900419],[-56.081079,-34.900308],[-56.081352,-34.900227],[-56.082218,-34.900523],[-56.082433,-34.900479],[-56.082339,-34.900344],[-56.082583,-34.900121],[-56.082498,-34.900029],[-56.082639,-34.899687],[-56.082635,-34.899468],[-56.082761,-34.899306],[-56.082688,-34.899172],[-56.082761,-34.898593],[-56.082942,-34.898441],[-56.083187,-34.89799],[-56.083289,-34.897964],[-56.08357,-34.897458],[-56.083782,-34.897324],[-56.083787,-34.897181],[-56.083904,-34.897072],[-56.083894,-34.896917],[-56.084451,-34.896797],[-56.084692,-34.896517],[-56.085126,-34.896544],[-56.085023,-34.896407],[-56.085014,-34.896233],[-56.084792,-34.896149],[-56.084889,-34.895939],[-56.085109,-34.895771],[-56.085624,-34.895582],[-56.086133,-34.895807],[-56.086376,-34.896136],[-56.086633,-34.895923],[-56.086805,-34.896056],[-56.086913,-34.896028],[-56.086928,-34.895921],[-56.087117,-34.895879],[-56.087348,-34.895976],[-56.087744,-34.895987],[-56.087983,-34.895821],[-56.088462,-34.895765],[-56.088716,-34.895977],[-56.088828,-34.896411],[-56.088752,-34.895985],[-56.089128,-34.895987],[-56.089162,-34.895825],[-56.0898,-34.895679],[-56.0909,-34.89558],[-56.091629,-34.894585],[-56.091725,-34.894611]]]]}},{"type":"Feature","properties":{"nombre":"La Teja","departamento":"Montevideo"},"geometry":{"type":"MultiPolygon","coordinates":[[[[-56.238926,-34.876662],[-56.239287,-34.87662],[-56.239665,-34.876411],[-56.240036,-34.87636],[-56.240283,-34.876236],[-56.240426,-34.876267],[-56.240559,-34.876426],[-56.240707,-34.876437],[-56.241376,-34.876075],[-56.241812,-34.875977],[-56.241643,-34.875369],[-56.241629,-34.874992],[-56.241776,-34.874524],[-56.242224,-34.874023],[-56.24331,-34.873361],[-56.24386,-34.872769],[-56.241139,-34.870218],[-56.224197,-34.856418],[-56.218771,-34.859699],[-56.219522,-34.86053],[-56.217939,-34.861501],[-56.218009,-34.861669],[-56.217257,-34.862136],[-56.217088,-34.862026],[-56.216144,-34.86259],[-56.215958,-34.862437],[-56.21499,-34.863216],[-56.215935,-34.863818],[-56.216445,-34.864334],[-56.216566,-34.864665],[-56.216293,-34.865631],[-56.216411,-34.866132],[-56.217158,-34.867017],[-56.21771,-34.867835],[-56.218221,-34.868361],[-56.218703,-34.86863],[-56.219092,-34.868741],[-56.220751,-34.868891],[-56.223077,-34.869404],[-56.223847,-34.869749],[-56.224441,-34.870293],[-56.225002,-34.871235],[-56.225092,-34.871716],[-56.225461,-34.872098],[-56.225532,-34.872552],[-56.225664,-34.872752],[-56.226022,-34.872817],[-56.226335,-34.873314],[-56.227035,-34.874778],[-56.22695,-34.875243],[-56.22707,-34.87575],[-56.228176,-34.87785],[-56.22838,-34.87793],[-56.228719,-34.877836],[-56.228835,-34.877935],[-56.229869,-34.879722],[-56.230523,-34.879533],[-56.230778,-34.879606],[-56.230864,-34.879743],[-56.23181,-34.879381],[-56.231737,-34.879251],[-56.231834,-34.879051],[-56.232824,-34.878691],[-56.233746,-34.880357],[-56.236113,-34.879429],[-56.237406,-34.877619],[-56.238099,-34.877029],[-56.238926,-34.876662]]]]}},{"type":"Feature","properties":{"nombre":"Cerrito","departamento":"Montevideo"},"geometry":{"type":"MultiPolygon","coordinates":[[[[-56.1794,-34.855169],[-56.179591,-34.855723],[-56.182915,-34.854591],[-56.179501,-34.850747],[-56.17588,-34.847825],[-56.175157,-34.846671],[-56.170076,-34.848148],[-56.160635,-34.850187],[-56.161689,-34.853724],[-56.161465,-34.853773],[-56.166005,-34.859238],[-56.166474,-34.859966],[-56.168611,-34.862722],[-56.16904,-34.862607],[-56.169464,-34.862772],[-56.173717,-34.85954],[-56.173679,-34.859491],[-56.174599,-34.858781],[-56.173883,-34.856627],[-56.174663,-34.856467],[-56.176101,-34.857803],[-56.1794,-34.855169]]]]}},{"type":"Feature","properties":{"nombre":"Casavalle","departamento":"Montevideo"},"geometry":{"type":"MultiPolygon","coordinates":[[[[-56.182481,-34.844155],[-56.185619,-34.84226],[-56.184828,-34.841361],[-56.183919,-34.840741],[-56.183576,-34.840403],[-56.183093,-34.840194],[-56.182804,-34.839937],[-56.182739,-34.839766],[-56.182799,-34.839608],[-56.183273,-34.838934],[-56.183351,-34.838581],[-56.183072,-34.83832],[-56.18246,-34.838072],[-56.182287,-34.838055],[-56.181945,-34.83827],[-56.181803,-34.838235],[-56.181499,-34.837891],[-56.181354,-34.837047],[-56.181402,-34.836355],[-56.181824,-34.835886],[-56.182391,-34.834835],[-56.182727,-34.834494],[-56.183294,-34.833679],[-56.183301,-34.833536],[-56.183489,-34.833377],[-56.182789,-34.831821],[-56.182514,-34.831421],[-56.182479,-34.831042],[-56.182561,-34.830568],[-56.182503,-34.830353],[-56.182035,-34.830085],[-56.181934,-34.829935],[-56.182056,-34.829553],[-56.182451,-34.82914],[-56.182747,-34.828618],[-56.182855,-34.827964],[-56.183397,-34.827469],[-56.167601,-34.811921],[-56.168119,-34.814845],[-56.168186,-34.816611],[-56.169042,-34.820713],[-56.168864,-34.823759],[-56.163204,-34.822801],[-56.155796,-34.82175],[-56.155343,-34.823664],[-56.152096,-34.823423],[-56.151745,-34.823467],[-56.149785,-34.823323],[-56.149632,-34.823224],[-56.147737,-34.823126],[-56.147526,-34.824658],[-56.148776,-34.82474],[-56.148225,-34.828027],[-56.154633,-34.828651],[-56.154286,-34.830972],[-56.154134,-34.831423],[-56.15174,-34.8338],[-56.162447,-34.834916],[-56.16239,-34.837259],[-56.163025,-34.838016],[-56.163084,-34.837989],[-56.163101,-34.838094],[-56.168324,-34.838766],[-56.168252,-34.838225],[-56.168326,-34.835527],[-56.170424,-34.835745],[-56.17002,-34.837992],[-56.170036,-34.838252],[-56.175157,-34.846671],[-56.176002,-34.847927],[-56.179752,-34.845684],[-56.182481,-34.844155]]]]}},{"type":"Feature","properties":{"nombre":"Aires Puros","departamento":"Montevideo"},"geometry":{"type":"MultiPolygon","coordinates":[[[[-56.194072,-34.857922],[-56.196329,-34.857296],[-56.197016,-34.854372],[-56.199789,-34.853785],[-56.199995,-34.85367],[-56.199573,-34.852705],[-56.199328,-34.852412],[-56.199047,-34.852255],[-56.196715,-34.851748],[-56.19584,-34.851276],[-56.195435,-34.850852],[-56.195155,-34.850404],[-56.194845,-34.849104],[-56.194595,-34.848592],[-56.193541,-34.847106],[-56.192912,-34.846699],[-56.192145,-34.846501],[-56.191414,-34.846544],[-56.190775,-34.846768],[-56.189513,-34.847465],[-56.18909,-34.847442],[-56.188756,-34.847332],[-56.188471,-34.847626],[-56.188373,-34.847568],[-56.188677,-34.847273],[-56.187873,-34.846745],[-56.186108,-34.845088],[-56.186029,-34.844698],[-56.186175,-34.843993],[-56.186166,-34.843378],[-56.186034,-34.842954],[-56.185619,-34.84226],[-56.176002,-34.847927],[-56.179501,-34.850747],[-56.182915,-34.854591],[-56.18347,-34.855394],[-56.185203,-34.859355],[-56.1863,-34.861063],[-56.188414,-34.860026],[-56.190057,-34.859086],[-56.192597,-34.858257],[-56.194072,-34.857922]]]]}},{"type":"Feature","properties":{"nombre":"Las Acacias","departamento":"Montevideo"},"geometry":{"type":"MultiPolygon","coordinates":[[[[-56.174459,-34.845524],[-56.170036,-34.838252],[-56.17002,-34.837992],[-56.170424,-34.835745],[-56.168326,-34.835527],[-56.168252,-34.838225],[-56.168324,-34.838766],[-56.163101,-34.838094],[-56.163084,-34.837989],[-56.163025,-34.838016],[-56.16239,-34.837259],[-56.162447,-34.834916],[-56.144611,-34.833045],[-56.148125,-34.837301],[-56.148264,-34.837634],[-56.14971,-34.839425],[-56.158858,-34.850589],[-56.170076,-34.848148],[-56.175157,-34.846671],[-56.174459,-34.845524]]]]}},{"type":"Feature","properties":{"nombre":"La Comercial","departamento":"Montevideo"},"geometry":{"type":"MultiPolygon","coordinates":[[[[-56.17318,-34.89231],[-56.174341,-34.882246],[-56.170252,-34.882118],[-56.170386,-34.880981],[-56.169457,-34.881584],[-56.166139,-34.88473],[-56.163787,-34.886255],[-56.165479,-34.889322],[-56.165429,-34.889703],[-56.165534,-34.889706],[-56.165558,-34.889608],[-56.165624,-34.889614],[-56.165613,-34.88972],[-56.166833,-34.889828],[-56.166694,-34.890746],[-56.167807,-34.890849],[-56.167664,-34.89189],[-56.169038,-34.891996],[-56.16893,-34.893084],[-56.173047,-34.893391],[-56.17318,-34.89231]]]]}},{"type":"Feature","properties":{"nombre":"Castro, Pérez Castellanos","departamento":"Montevideo"},"geometry":{"type":"MultiPolygon","coordinates":[[[[-56.168082,-34.863748],[-56.168497,-34.86342],[-56.168387,-34.863199],[-56.168393,-34.86301],[-56.168611,-34.862722],[-56.166474,-34.859966],[-56.166005,-34.859238],[-56.161465,-34.853773],[-56.161689,-34.853724],[-56.160635,-34.850187],[-56.158858,-34.850589],[-56.155557,-34.846537],[-56.148289,-34.850994],[-56.150209,-34.85764],[-56.15311,-34.856492],[-56.153268,-34.857561],[-56.154072,-34.857227],[-56.156568,-34.861384],[-56.155757,-34.861684],[-56.155922,-34.861884],[-56.159691,-34.864888],[-56.163892,-34.866953],[-56.168082,-34.863748]]]]}},{"type":"Feature","properties":{"nombre":"Villa Muñoz, Retiro","departamento":"Montevideo"},"geometry":{"type":"MultiPolygon","coordinates":[[[[-56.181245,-34.89437],[-56.18088,-34.893682],[-56.181584,-34.88948],[-56.18168,-34.88928],[-56.180633,-34.887383],[-56.184569,-34.885886],[-56.181714,-34.880781],[-56.177774,-34.882271],[-56.17782,-34.882505],[-56.174341,-34.882246],[-56.172949,-34.894319],[-56.17846,-34.894736],[-56.178452,-34.894847],[-56.179236,-34.894921],[-56.179625,-34.894606],[-56.180602,-34.895159],[-56.181245,-34.89437]]]]}},{"type":"Feature","properties":{"nombre":"Mercado Modelo y Bolívar","departamento":"Montevideo"},"geometry":{"type":"MultiPolygon","coordinates":[[[[-56.174314,-34.870279],[-56.174567,-34.870301],[-56.173587,-34.869134],[-56.175465,-34.867242],[-56.173985,-34.865585],[-56.1735,-34.865882],[-56.170195,-34.862547],[-56.169852,-34.862809],[-56.169893,-34.862452],[-56.169464,-34.862772],[-56.16904,-34.862607],[-56.168562,-34.862755],[-56.168382,-34.86308],[-56.168497,-34.86342],[-56.163892,-34.866953],[-56.159691,-34.864888],[-56.155922,-34.861884],[-56.155757,-34.861684],[-56.156568,-34.861384],[-56.154072,-34.857227],[-56.153268,-34.857561],[-56.15318,-34.857715],[-56.152406,-34.860568],[-56.15148,-34.86204],[-56.151846,-34.86337],[-56.152026,-34.864529],[-56.152112,-34.868067],[-56.152338,-34.86807],[-56.152364,-34.869933],[-56.151707,-34.869594],[-56.147519,-34.874593],[-56.151202,-34.87669],[-56.155242,-34.879299],[-56.158705,-34.874647],[-56.159235,-34.874074],[-56.160122,-34.873431],[-56.162961,-34.871945],[-56.166708,-34.869596],[-56.168858,-34.868599],[-56.168938,-34.868702],[-56.168382,-34.869025],[-56.168261,-34.869218],[-56.168932,-34.869882],[-56.170019,-34.869964],[-56.169943,-34.870997],[-56.17128,-34.87109],[-56.171217,-34.872017],[-56.173748,-34.872195],[-56.17384,-34.87024],[-56.174314,-34.870279]]]]}},{"type":"Feature","properties":{"nombre":"Villa Española","departamento":"Montevideo"},"geometry":{"type":"MultiPolygon","coordinates":[[[[-56.151707,-34.869594],[-56.152364,-34.869933],[-56.152338,-34.86807],[-56.152112,-34.868067],[-56.152026,-34.864529],[-56.151846,-34.86337],[-56.15148,-34.86204],[-56.152406,-34.860568],[-56.153268,-34.857561],[-56.15311,-34.856492],[-56.150209,-34.85764],[-56.148289,-34.850994],[-56.144456,-34.853359],[-56.14427,-34.855232],[-56.143646,-34.85858],[-56.143555,-34.858852],[-56.143003,-34.859406],[-56.141815,-34.857864],[-56.142292,-34.85763],[-56.14205,-34.856985],[-56.142219,-34.856171],[-56.142385,-34.855998],[-56.141654,-34.855882],[-56.141065,-34.855274],[-56.136793,-34.857637],[-56.137951,-34.859082],[-56.13493,-34.860519],[-56.134971,-34.861227],[-56.133829,-34.861782],[-56.134105,-34.865959],[-56.135253,-34.865797],[-56.136188,-34.865217],[-56.13703,-34.864529],[-56.137401,-34.866334],[-56.138709,-34.866129],[-56.139078,-34.86765],[-56.139107,-34.867602],[-56.139339,-34.868986],[-56.138999,-34.869569],[-56.139304,-34.8699],[-56.147519,-34.874593],[-56.151707,-34.869594]]]]}},{"type":"Feature","properties":{"nombre":"Tres Cruces","departamento":"Montevideo"},"geometry":{"type":"MultiPolygon","coordinates":[[[[-56.16928,-34.900608],[-56.169337,-34.900334],[-56.171096,-34.89728],[-56.171552,-34.89328],[-56.16893,-34.893084],[-56.169038,-34.891996],[-56.167664,-34.89189],[-56.167807,-34.890849],[-56.166694,-34.890746],[-56.166833,-34.889828],[-56.165613,-34.88972],[-56.165624,-34.889614],[-56.165558,-34.889608],[-56.165534,-34.889706],[-56.165429,-34.889703],[-56.165479,-34.889322],[-56.163787,-34.886255],[-56.160241,-34.889487],[-56.159088,-34.891222],[-56.158777,-34.891996],[-56.159286,-34.892136],[-56.162681,-34.893949],[-56.162542,-34.894015],[-56.164856,-34.895035],[-56.164714,-34.89628],[-56.164917,-34.896307],[-56.164271,-34.902206],[-56.165216,-34.901949],[-56.169118,-34.902184],[-56.16928,-34.900608]]]]}},{"type":"Feature","properties":{"nombre":"Paso de la Arena","departamento":"Montevideo"},"geometry":{"type":"MultiPolygon","coordinates":[[[[-56.365561,-34.865425],[-56.367237,-34.865482],[-56.36757,-34.865426],[-56.36789,-34.865213],[-56.368099,-34.864673],[-56.368086,-34.86452],[-56.367231,-34.864225],[-56.36697,-34.863817],[-56.367017,-34.863632],[-56.367216,-34.863589],[-56.367428,-34.863204],[-56.367658,-34.86303],[-56.368146,-34.862927],[-56.368536,-34.863005],[-56.368803,-34.862932],[-56.369377,-34.862585],[-56.369611,-34.862622],[-56.370525,-34.862503],[-56.370821,-34.862387],[-56.371573,-34.862361],[-56.371998,-34.862428],[-56.372399,-34.862265],[-56.373825,-34.86244],[-56.374416,-34.86212],[-56.374984,-34.861594],[-56.37568,-34.86138],[-56.376044,-34.861093],[-56.376374,-34.860967],[-56.376994,-34.86093],[-56.377238,-34.860686],[-56.377323,-34.860104],[-56.376914,-34.859807],[-56.376581,-34.859423],[-56.375905,-34.859137],[-56.375898,-34.858558],[-56.375982,-34.85841],[-56.376407,-34.858226],[-56.37667,-34.857929],[-56.377052,-34.857734],[-56.376958,-34.857726],[-56.377469,-34.857832],[-56.378179,-34.857769],[-56.378827,-34.857926],[-56.37969,-34.857726],[-56.38059,-34.857076],[-56.380752,-34.857074],[-56.380979,-34.856715],[-56.38108,-34.856325],[-56.381385,-34.856118],[-56.381487,-34.856136],[-56.381386,-34.855813],[-56.381484,-34.855736],[-56.381599,-34.855396],[-56.38158,-34.855119],[-56.381326,-34.854626],[-56.381445,-34.85436],[-56.381344,-34.854108],[-56.381193,-34.853992],[-56.381173,-34.853847],[-56.381087,-34.853811],[-56.381068,-34.853565],[-56.380881,-34.853227],[-56.380623,-34.852976],[-56.380834,-34.85249],[-56.381143,-34.85233],[-56.381345,-34.851945],[-56.381777,-34.851662],[-56.382005,-34.851409],[-56.382342,-34.851455],[-56.382969,-34.851387],[-56.383307,-34.851537],[-56.383405,-34.851726],[-56.383694,-34.851962],[-56.383961,-34.852059],[-56.384665,-34.851988],[-56.384853,-34.851736],[-56.385467,-34.851758],[-56.385711,-34.851659],[-56.386222,-34.85118],[-56.386618,-34.851052],[-56.386669,-34.85085],[-56.386961,-34.850862],[-56.386962,-34.850796],[-56.386761,-34.850724],[-56.386758,-34.85064],[-56.387038,-34.850601],[-56.387519,-34.850236],[-56.387781,-34.850166],[-56.388161,-34.850213],[-56.388295,-34.850145],[-56.388522,-34.849904],[-56.388625,-34.849539],[-56.388888,-34.849547],[-56.389264,-34.849364],[-56.388993,-34.849284],[-56.388981,-34.849128],[-56.389223,-34.848807],[-56.38908,-34.848624],[-56.38911,-34.848511],[-56.389475,-34.848001],[-56.389334,-34.847875],[-56.389434,-34.847739],[-56.38924,-34.847696],[-56.389203,-34.847604],[-56.389287,-34.847301],[-56.389054,-34.846933],[-56.388937,-34.8464],[-56.389527,-34.845876],[-56.390519,-34.845278],[-56.391081,-34.845055],[-56.392076,-34.8449],[-56.3924,-34.844628],[-56.393025,-34.844517],[-56.393981,-34.844054],[-56.395676,-34.843562],[-56.396156,-34.843611],[-56.396793,-34.843497],[-56.397213,-34.843535],[-56.398094,-34.843769],[-56.398537,-34.843966],[-56.398683,-34.843901],[-56.39903,-34.844078],[-56.399275,-34.844095],[-56.399377,-34.84403],[-56.399393,-34.843883],[-56.399551,-34.843877],[-56.399459,-34.843728],[-56.39937,-34.843726],[-56.399361,-34.843614],[-56.399729,-34.842933],[-56.400067,-34.842642],[-56.40121,-34.842067],[-56.401776,-34.842182],[-56.402205,-34.842034],[-56.403485,-34.842048],[-56.403494,-34.841865],[-56.403869,-34.841964],[-56.404123,-34.841863],[-56.404345,-34.842068],[-56.404863,-34.842209],[-56.405341,-34.842079],[-56.406265,-34.84209],[-56.406575,-34.842188],[-56.407016,-34.8421],[-56.407317,-34.841874],[-56.407548,-34.841909],[-56.407698,-34.841799],[-56.40774,-34.841862],[-56.407933,-34.841836],[-56.407854,-34.841774],[-56.407864,-34.841644],[-56.408091,-34.841598],[-56.408195,-34.841496],[-56.408631,-34.841602],[-56.408852,-34.841431],[-56.409173,-34.841553],[-56.409171,-34.841429],[-56.409028,-34.841316],[-56.409429,-34.841259],[-56.410358,-34.841391],[-56.410402,-34.841331],[-56.410314,-34.841158],[-56.411171,-34.841352],[-56.411206,-34.84128],[-56.411018,-34.841156],[-56.411004,-34.84098],[-56.411469,-34.840923],[-56.411216,-34.840701],[-56.41125,-34.840642],[-56.411463,-34.840568],[-56.412094,-34.840642],[-56.41227,-34.840448],[-56.41226,-34.840312],[-56.412701,-34.839997],[-56.412619,-34.839924],[-56.412609,-34.839708],[-56.412821,-34.839607],[-56.413798,-34.840051],[-56.41405,-34.840065],[-56.414105,-34.840005],[-56.41405,-34.839943],[-56.414381,-34.839908],[-56.41455,-34.839711],[-56.414708,-34.8397],[-56.416402,-34.840215],[-56.41651,-34.840167],[-56.416423,-34.839957],[-56.416548,-34.839924],[-56.416754,-34.840017],[-56.417811,-34.839784],[-56.418162,-34.839809],[-56.41906,-34.83952],[-56.419317,-34.839253],[-56.419383,-34.839053],[-56.419765,-34.838971],[-56.419789,-34.838685],[-56.419894,-34.838506],[-56.420047,-34.838417],[-56.420411,-34.838382],[-56.420214,-34.838299],[-56.420252,-34.838231],[-56.420599,-34.838234],[-56.420965,-34.838075],[-56.421192,-34.838068],[-56.421659,-34.837831],[-56.421936,-34.837805],[-56.422537,-34.837929],[-56.424351,-34.837899],[-56.424602,-34.83765],[-56.424755,-34.837617],[-56.424788,-34.837418],[-56.424969,-34.837202],[-56.425241,-34.837124],[-56.425198,-34.837057],[-56.425349,-34.836984],[-56.425476,-34.836651],[-56.425835,-34.836367],[-56.425946,-34.835954],[-56.425799,-34.835249],[-56.426422,-34.835339],[-56.427053,-34.835311],[-56.427476,-34.835041],[-56.427814,-34.835037],[-56.428057,-34.834905],[-56.428513,-34.834898],[-56.428717,-34.834767],[-56.42899,-34.834757],[-56.429189,-34.834436],[-56.429177,-34.834275],[-56.429128,-34.834114],[-56.428832,-34.833856],[-56.428745,-34.83341],[-56.428867,-34.833224],[-56.429471,-34.833013],[-56.429367,-34.832422],[-56.429407,-34.832288],[-56.429781,-34.832039],[-56.429799,-34.831756],[-56.429602,-34.831673],[-56.429612,-34.831598],[-56.429818,-34.83154],[-56.429745,-34.831432],[-56.429466,-34.831342],[-56.429098,-34.83107],[-56.429079,-34.830929],[-56.429647,-34.830814],[-56.430527,-34.830882],[-56.430646,-34.830769],[-56.430919,-34.830725],[-56.430764,-34.830576],[-56.430941,-34.8304],[-56.431238,-34.830359],[-56.430991,-34.830286],[-56.43104,-34.830199],[-56.43143,-34.83011],[-56.431477,-34.829972],[-56.431198,-34.829866],[-56.430949,-34.829463],[-56.431245,-34.829362],[-56.431259,-34.829296],[-56.430928,-34.829218],[-56.431062,-34.828958],[-56.430909,-34.828719],[-56.430916,-34.828491],[-56.430961,-34.828404],[-56.431351,-34.828305],[-56.43136,-34.828031],[-56.431107,-34.827984],[-56.430637,-34.827505],[-56.430057,-34.827507],[-56.42994,-34.827395],[-56.429271,-34.827471],[-56.428809,-34.827259],[-56.428451,-34.827195],[-56.428213,-34.827029],[-56.42749,-34.827099],[-56.427307,-34.826954],[-56.426725,-34.82686],[-56.426481,-34.826733],[-56.425964,-34.826203],[-56.425814,-34.825865],[-56.425561,-34.825625],[-56.424913,-34.825231],[-56.424857,-34.825031],[-56.424706,-34.824898],[-56.424242,-34.824677],[-56.423655,-34.824165],[-56.42353,-34.823931],[-56.422941,-34.823457],[-56.422449,-34.823269],[-56.422026,-34.822814],[-56.421486,-34.822452],[-56.42058,-34.822311],[-56.420102,-34.822123],[-56.419252,-34.82249],[-56.418642,-34.82249],[-56.41836,-34.82217],[-56.418054,-34.822067],[-56.417989,-34.821969],[-56.418078,-34.821748],[-56.417975,-34.821668],[-56.417553,-34.821607],[-56.4176,-34.821189],[-56.417097,-34.820833],[-56.417365,-34.820617],[-56.417398,-34.820007],[-56.416858,-34.819786],[-56.416248,-34.819917],[-56.416107,-34.819744],[-56.41621,-34.819664],[-56.416656,-34.819608],[-56.416051,-34.819255],[-56.415933,-34.819054],[-56.415357,-34.81899],[-56.415129,-34.819181],[-56.414941,-34.819204],[-56.41487,-34.818995],[-56.4146,-34.818805],[-56.414481,-34.818863],[-56.414201,-34.818819],[-56.413846,-34.818554],[-56.413962,-34.818082],[-56.413887,-34.817777],[-56.413511,-34.817678],[-56.413643,-34.81758],[-56.413586,-34.817439],[-56.413073,-34.817435],[-56.412936,-34.817333],[-56.412432,-34.817293],[-56.41199,-34.817148],[-56.41153,-34.817289],[-56.411404,-34.817242],[-56.41145,-34.817134],[-56.41046,-34.817129],[-56.410127,-34.816927],[-56.409535,-34.816833],[-56.409427,-34.816617],[-56.409046,-34.816867],[-56.409212,-34.816646],[-56.40898,-34.816318],[-56.408959,-34.816213],[-56.409099,-34.816035],[-56.408921,-34.815993],[-56.409,-34.815866],[-56.409009,-34.815763],[-56.408924,-34.815712],[-56.408957,-34.815591],[-56.410042,-34.815012],[-56.410033,-34.814956],[-56.409948,-34.814914],[-56.408765,-34.81548],[-56.408328,-34.815452],[-56.408249,-34.815233],[-56.40847,-34.815068],[-56.408484,-34.814932],[-56.40824,-34.814843],[-56.408113,-34.814735],[-56.408123,-34.814623],[-56.407808,-34.814411],[-56.407728,-34.814261],[-56.407501,-34.814191],[-56.407151,-34.813914],[-56.407231,-34.813468],[-56.40678,-34.812919],[-56.406855,-34.812571],[-56.406651,-34.812221],[-56.406694,-34.811958],[-56.406855,-34.811731],[-56.406819,-34.811646],[-56.405869,-34.811277],[-56.405716,-34.811099],[-56.405611,-34.810662],[-56.404654,-34.809994],[-56.404618,-34.809763],[-56.404729,-34.809532],[-56.404993,-34.809416],[-56.405151,-34.809243],[-56.405118,-34.808835],[-56.405855,-34.808178],[-56.405456,-34.807948],[-56.405082,-34.808029],[-56.404928,-34.807961],[-56.404282,-34.807941],[-56.403851,-34.807488],[-56.403687,-34.807169],[-56.403532,-34.807136],[-56.403504,-34.806892],[-56.403359,-34.806744],[-56.402565,-34.806662],[-56.402344,-34.806389],[-56.401856,-34.806254],[-56.401678,-34.806281],[-56.40106,-34.80598],[-56.400922,-34.805859],[-56.400939,-34.805684],[-56.401049,-34.805591],[-56.398096,-34.805272],[-56.397064,-34.805005],[-56.396189,-34.804508],[-56.395684,-34.803869],[-56.395087,-34.803869],[-56.394583,-34.80371],[-56.394008,-34.803427],[-56.393522,-34.802978],[-56.392811,-34.80277],[-56.392521,-34.802433],[-56.392168,-34.802338],[-56.391933,-34.801878],[-56.391248,-34.801756],[-56.390999,-34.801592],[-56.39092,-34.801341],[-56.390684,-34.80108],[-56.389788,-34.800733],[-56.389384,-34.800405],[-56.38907,-34.799663],[-56.38899,-34.799001],[-56.389079,-34.798597],[-56.389168,-34.798532],[-56.38955,-34.798523],[-56.389572,-34.798461],[-56.389372,-34.79841],[-56.389159,-34.798184],[-56.388723,-34.798042],[-56.388614,-34.797917],[-56.388182,-34.79778],[-56.387624,-34.797732],[-56.387002,-34.797841],[-56.385592,-34.797773],[-56.384098,-34.798128],[-56.382272,-34.798311],[-56.379955,-34.798162],[-56.379548,-34.798043],[-56.378954,-34.797513],[-56.37872,-34.79769],[-56.377069,-34.798408],[-56.376614,-34.798689],[-56.376068,-34.799187],[-56.37339,-34.799232],[-56.372047,-34.799327],[-56.370832,-34.799538],[-56.369051,-34.799469],[-56.36691,-34.79959],[-56.366748,-34.799445],[-56.366031,-34.799335],[-56.36563,-34.799035],[-56.364938,-34.799137],[-56.364248,-34.798902],[-56.363183,-34.798818],[-56.362615,-34.798593],[-56.362056,-34.797982],[-56.361648,-34.796889],[-56.361638,-34.796701],[-56.361887,-34.796246],[-56.36176,-34.796053],[-56.361281,-34.7958],[-56.361238,-34.795502],[-56.361019,-34.795687],[-56.360643,-34.795368],[-56.360089,-34.795063],[-56.359712,-34.795037],[-56.359249,-34.794866],[-56.358878,-34.794917],[-56.358047,-34.79473],[-56.357223,-34.794661],[-56.356738,-34.794152],[-56.356672,-34.793969],[-56.356719,-34.793645],[-56.356968,-34.793429],[-56.357723,-34.793447],[-56.357883,-34.793242],[-56.357315,-34.792302],[-56.356465,-34.791937],[-56.355292,-34.791707],[-56.355085,-34.791613],[-56.354874,-34.791355],[-56.354855,-34.790641],[-56.354724,-34.789951],[-56.354776,-34.78943],[-56.354893,-34.789158],[-56.355245,-34.788763],[-56.355921,-34.788364],[-56.356095,-34.787951],[-56.355994,-34.787412],[-56.35577,-34.787132],[-56.355536,-34.78637],[-56.355358,-34.786095],[-56.355747,-34.784319],[-56.355031,-34.784124],[-56.35438,-34.785196],[-56.354008,-34.785517],[-56.353712,-34.785663],[-56.353324,-34.785753],[-56.349821,-34.786032],[-56.349105,-34.7862],[-56.348271,-34.786528],[-56.347749,-34.78729],[-56.347562,-34.787351],[-56.34728,-34.787396],[-56.346792,-34.787176],[-56.345805,-34.786529],[-56.345407,-34.786774],[-56.345076,-34.786854],[-56.345132,-34.787046],[-56.345011,-34.787262],[-56.344496,-34.787494],[-56.344204,-34.787518],[-56.343956,-34.787299],[-56.343774,-34.787389],[-56.343501,-34.78713],[-56.343069,-34.787134],[-56.342876,-34.786986],[-56.342439,-34.786863],[-56.341799,-34.787032],[-56.341682,-34.787212],[-56.341261,-34.787483],[-56.340992,-34.787547],[-56.340794,-34.787498],[-56.340758,-34.787294],[-56.340316,-34.786764],[-56.339793,-34.786367],[-56.33984,-34.786063],[-56.340128,-34.785721],[-56.339885,-34.785677],[-56.339481,-34.785458],[-56.338675,-34.784125],[-56.338204,-34.78377],[-56.337803,-34.783642],[-56.336111,-34.783743],[-56.333823,-34.783627],[-56.332097,-34.784088],[-56.331795,-34.784103],[-56.331391,-34.783763],[-56.331093,-34.783045],[-56.330577,-34.782703],[-56.330263,-34.782765],[-56.330071,-34.782902],[-56.329977,-34.783252],[-56.33004,-34.784435],[-56.32998,-34.784721],[-56.32975,-34.785273],[-56.329127,-34.785831],[-56.328694,-34.785956],[-56.328253,-34.785897],[-56.327646,-34.785633],[-56.326769,-34.785007],[-56.326363,-34.784869],[-56.325839,-34.78489],[-56.325534,-34.785063],[-56.325346,-34.785376],[-56.325151,-34.786136],[-56.325028,-34.787474],[-56.324525,-34.788292],[-56.323507,-34.788685],[-56.322715,-34.788433],[-56.321779,-34.788499],[-56.320973,-34.788981],[-56.320676,-34.789459],[-56.320705,-34.789806],[-56.321143,-34.790147],[-56.322018,-34.790394],[-56.322697,-34.790696],[-56.322962,-34.791049],[-56.322933,-34.791511],[-56.322807,-34.79175],[-56.321612,-34.792815],[-56.321168,-34.792978],[-56.320647,-34.792983],[-56.320394,-34.792666],[-56.320429,-34.791711],[-56.320269,-34.791492],[-56.31988,-34.791239],[-56.319618,-34.791191],[-56.318761,-34.791257],[-56.318489,-34.7915],[-56.318351,-34.791948],[-56.318174,-34.791936],[-56.318046,-34.792078],[-56.317573,-34.791944],[-56.317373,-34.792116],[-56.316908,-34.792304],[-56.316264,-34.792896],[-56.314884,-34.793906],[-56.314417,-34.794007],[-56.313841,-34.793979],[-56.313172,-34.794417],[-56.313166,-34.794695],[-56.313012,-34.79489],[-56.312474,-34.794949],[-56.312213,-34.79526],[-56.311744,-34.795542],[-56.310841,-34.795749],[-56.30958,-34.796474],[-56.309465,-34.79662],[-56.310462,-34.797284],[-56.310778,-34.797676],[-56.294626,-34.805813],[-56.294203,-34.806098],[-56.292828,-34.807344],[-56.28883,-34.809843],[-56.271466,-34.81869],[-56.271127,-34.818651],[-56.271056,-34.818872],[-56.271156,-34.818966],[-56.271474,-34.818945],[-56.272134,-34.819313],[-56.274775,-34.822841],[-56.2745,-34.823016],[-56.274107,-34.823428],[-56.273686,-34.823509],[-56.272953,-34.823238],[-56.272295,-34.823108],[-56.27183,-34.82322],[-56.271666,-34.8234],[-56.271672,-34.823847],[-56.271574,-34.824042],[-56.27092,-34.824238],[-56.269552,-34.824872],[-56.269504,-34.825372],[-56.269658,-34.825783],[-56.269581,-34.825826],[-56.269164,-34.825802],[-56.268858,-34.825454],[-56.267769,-34.825544],[-56.267136,-34.825364],[-56.266616,-34.82475],[-56.265664,-34.824575],[-56.265386,-34.824664],[-56.264955,-34.82515],[-56.264281,-34.825346],[-56.263516,-34.825112],[-56.263267,-34.824944],[-56.263003,-34.82407],[-56.262353,-34.823777],[-56.259496,-34.827438],[-56.255315,-34.824013],[-56.251463,-34.826643],[-56.251084,-34.826476],[-56.251162,-34.827545],[-56.251518,-34.828739],[-56.250735,-34.827378],[-56.250115,-34.826618],[-56.250198,-34.827537],[-56.250576,-34.828666],[-56.249986,-34.827673],[-56.249671,-34.827757],[-56.249757,-34.827838],[-56.248581,-34.828657],[-56.252548,-34.832024],[-56.252897,-34.832646],[-56.253008,-34.832491],[-56.252989,-34.832144],[-56.253426,-34.833221],[-56.253657,-34.834104],[-56.253778,-34.834988],[-56.253807,-34.835976],[-56.255433,-34.835872],[-56.263481,-34.838062],[-56.264063,-34.83834],[-56.270943,-34.836807],[-56.272468,-34.836291],[-56.289758,-34.851179],[-56.289997,-34.851156],[-56.290056,-34.851252],[-56.289986,-34.851378],[-56.29043,-34.851816],[-56.290645,-34.851838],[-56.290653,-34.852002],[-56.291161,-34.852209],[-56.300799,-34.857945],[-56.306813,-34.854797],[-56.355635,-34.829857],[-56.365552,-34.843367],[-56.348676,-34.851902],[-56.34922,-34.851974],[-56.349587,-34.852115],[-56.349957,-34.852473],[-56.349997,-34.852783],[-56.350494,-34.853024],[-56.350804,-34.853321],[-56.351137,-34.853429],[-56.351465,-34.853729],[-56.351864,-34.854316],[-56.352176,-34.854593],[-56.352244,-34.855015],[-56.35254,-34.855315],[-56.35282,-34.85593],[-56.352737,-34.856081],[-56.352787,-34.856292],[-56.35263,-34.856707],[-56.352646,-34.857049],[-56.3529,-34.8576],[-56.352814,-34.857956],[-56.352856,-34.858637],[-56.352664,-34.858872],[-56.352633,-34.859229],[-56.352355,-34.859638],[-56.35239,-34.860677],[-56.352534,-34.860936],[-56.352439,-34.861817],[-56.352526,-34.862324],[-56.352488,-34.862912],[-56.35235,-34.863188],[-56.352539,-34.863682],[-56.352551,-34.864519],[-56.352739,-34.864688],[-56.352716,-34.864786],[-56.353114,-34.865465],[-56.353731,-34.866152],[-56.354043,-34.866794],[-56.353953,-34.867444],[-56.354674,-34.867556],[-56.354557,-34.867213],[-56.355059,-34.866608],[-56.35551,-34.866257],[-56.356383,-34.865869],[-56.356708,-34.866287],[-56.356966,-34.866484],[-56.357407,-34.86666],[-56.358231,-34.866833],[-56.35973,-34.866908],[-56.360631,-34.86673],[-56.36194,-34.865603],[-56.362288,-34.865462],[-56.362602,-34.865458],[-56.363236,-34.865764],[-56.363585,-34.866287],[-56.364622,-34.866336],[-56.365016,-34.866183],[-56.365273,-34.865662],[-56.365561,-34.865425]]]]}},{"type":"Feature","properties":{"nombre":"Unión","departamento":"Montevideo"},"geometry":{"type":"MultiPolygon","coordinates":[[[[-56.147243,-34.885591],[-56.150515,-34.884238],[-56.150923,-34.884002],[-56.15103,-34.884076],[-56.152525,-34.882031],[-56.152481,-34.882005],[-56.153342,-34.88114],[-56.154644,-34.880093],[-56.155242,-34.879299],[-56.151202,-34.87669],[-56.139304,-34.8699],[-56.138999,-34.869569],[-56.139339,-34.868986],[-56.139107,-34.867602],[-56.139078,-34.86765],[-56.138709,-34.866129],[-56.137401,-34.866334],[-56.13703,-34.864529],[-56.136188,-34.865217],[-56.135253,-34.865797],[-56.134105,-34.865959],[-56.134341,-34.867118],[-56.125577,-34.873328],[-56.126767,-34.87338],[-56.126134,-34.875324],[-56.128309,-34.881883],[-56.128905,-34.886696],[-56.13025,-34.886659],[-56.128854,-34.887784],[-56.129058,-34.887908],[-56.136238,-34.887659],[-56.13658,-34.887763],[-56.138199,-34.886471],[-56.142019,-34.886676],[-56.144643,-34.887505],[-56.146053,-34.88635],[-56.147243,-34.885591]]]]}},{"type":"Feature","properties":{"nombre":"Belvedere","departamento":"Montevideo"},"geometry":{"type":"MultiPolygon","coordinates":[[[[-56.233105,-34.855784],[-56.233902,-34.856447],[-56.238163,-34.852901],[-56.238186,-34.852796],[-56.238164,-34.85275],[-56.237672,-34.852982],[-56.236739,-34.852178],[-56.235355,-34.850441],[-56.234537,-34.850892],[-56.233898,-34.849306],[-56.233025,-34.849769],[-56.232629,-34.849299],[-56.232899,-34.849107],[-56.232566,-34.848688],[-56.232209,-34.848802],[-56.230717,-34.847048],[-56.233489,-34.845509],[-56.231494,-34.84263],[-56.231353,-34.842697],[-56.231927,-34.84038],[-56.22865,-34.842274],[-56.227851,-34.841362],[-56.228138,-34.841189],[-56.227205,-34.840027],[-56.224703,-34.841439],[-56.22397,-34.840495],[-56.221763,-34.841725],[-56.221726,-34.838448],[-56.211193,-34.844701],[-56.213092,-34.847471],[-56.212706,-34.850941],[-56.213597,-34.85046],[-56.215814,-34.853102],[-56.216744,-34.852598],[-56.218191,-34.854532],[-56.217272,-34.854833],[-56.219065,-34.857187],[-56.220264,-34.858511],[-56.221741,-34.857688],[-56.221908,-34.857793],[-56.224197,-34.856418],[-56.227052,-34.858723],[-56.228985,-34.857823],[-56.23385,-34.855078],[-56.233105,-34.855784]]]]}},{"type":"Feature","properties":{"nombre":"Conciliación","departamento":"Montevideo"},"geometry":{"type":"MultiPolygon","coordinates":[[[[-56.249671,-34.827757],[-56.249986,-34.827673],[-56.250576,-34.828666],[-56.250198,-34.827537],[-56.250115,-34.826618],[-56.250735,-34.827378],[-56.251518,-34.828739],[-56.251162,-34.827545],[-56.251084,-34.826476],[-56.251463,-34.826643],[-56.255315,-34.824013],[-56.259496,-34.827438],[-56.262353,-34.823777],[-56.261125,-34.823808],[-56.260896,-34.823899],[-56.260324,-34.823411],[-56.259295,-34.823276],[-56.259156,-34.823159],[-56.25902,-34.822829],[-56.259169,-34.822544],[-56.259236,-34.822115],[-56.259612,-34.821676],[-56.259607,-34.821482],[-56.259295,-34.821141],[-56.258347,-34.820629],[-56.257997,-34.820141],[-56.257526,-34.819302],[-56.257474,-34.819107],[-56.257643,-34.81886],[-56.257605,-34.818656],[-56.257252,-34.817931],[-56.257264,-34.817629],[-56.256968,-34.817196],[-56.255974,-34.817135],[-56.255584,-34.817194],[-56.255258,-34.817369],[-56.254387,-34.817537],[-56.253445,-34.817584],[-56.253159,-34.817672],[-56.252103,-34.817448],[-56.251913,-34.81729],[-56.251092,-34.816929],[-56.25048,-34.816503],[-56.249323,-34.816433],[-56.248606,-34.816744],[-56.24801,-34.816866],[-56.247637,-34.81677],[-56.247341,-34.816837],[-56.247014,-34.8171],[-56.246829,-34.817599],[-56.246375,-34.817957],[-56.245978,-34.818058],[-56.245667,-34.817961],[-56.245157,-34.818212],[-56.244956,-34.818473],[-56.2445,-34.818494],[-56.243747,-34.818302],[-56.243081,-34.817734],[-56.242926,-34.817438],[-56.242508,-34.817262],[-56.241825,-34.816816],[-56.24178,-34.816275],[-56.241391,-34.815085],[-56.241005,-34.814724],[-56.240816,-34.81429],[-56.240534,-34.814081],[-56.240782,-34.812824],[-56.233557,-34.816794],[-56.230459,-34.813475],[-56.221261,-34.818966],[-56.223601,-34.821541],[-56.221115,-34.823023],[-56.222066,-34.824162],[-56.2225,-34.823907],[-56.223474,-34.825477],[-56.220521,-34.827197],[-56.220024,-34.827583],[-56.221482,-34.833662],[-56.221726,-34.838448],[-56.240047,-34.827608],[-56.240426,-34.827537],[-56.240416,-34.827422],[-56.240656,-34.8274],[-56.24052,-34.82724],[-56.240716,-34.827213],[-56.245026,-34.824686],[-56.246011,-34.8258],[-56.244385,-34.82645],[-56.245284,-34.826292],[-56.246596,-34.826404],[-56.248581,-34.828657],[-56.249757,-34.827838],[-56.249671,-34.827757]]]]}},{"type":"Feature","properties":{"nombre":"Sayago","departamento":"Montevideo"},"geometry":{"type":"MultiPolygon","coordinates":[[[[-56.221728,-34.83788],[-56.221482,-34.833662],[-56.220024,-34.827583],[-56.220521,-34.827197],[-56.223474,-34.825477],[-56.2225,-34.823907],[-56.222066,-34.824162],[-56.221115,-34.823023],[-56.223601,-34.821541],[-56.221261,-34.818966],[-56.219052,-34.820301],[-56.218729,-34.824174],[-56.218855,-34.824357],[-56.214697,-34.826765],[-56.215774,-34.827036],[-56.216774,-34.827547],[-56.217448,-34.828132],[-56.217974,-34.828834],[-56.214175,-34.831071],[-56.210147,-34.829397],[-56.200878,-34.834963],[-56.201233,-34.842671],[-56.205861,-34.839922],[-56.210198,-34.843334],[-56.211193,-34.844701],[-56.221726,-34.838448],[-56.221728,-34.83788]]]]}},{"type":"Feature","properties":{"nombre":"La Figurita","departamento":"Montevideo"},"geometry":{"type":"MultiPolygon","coordinates":[[[[-56.180491,-34.878201],[-56.179577,-34.876406],[-56.183096,-34.874816],[-56.182001,-34.873405],[-56.182034,-34.872758],[-56.183473,-34.872839],[-56.18373,-34.870933],[-56.178681,-34.870582],[-56.178674,-34.870859],[-56.176682,-34.872897],[-56.177865,-34.874331],[-56.175677,-34.874265],[-56.173108,-34.876952],[-56.1722,-34.876915],[-56.172138,-34.877697],[-56.173316,-34.87778],[-56.173216,-34.878603],[-56.170702,-34.878437],[-56.170252,-34.882118],[-56.175642,-34.882294],[-56.17782,-34.882505],[-56.177774,-34.882271],[-56.181714,-34.880781],[-56.180491,-34.878201]]]]}},{"type":"Feature","properties":{"nombre":"Jacinto Vera","departamento":"Montevideo"},"geometry":{"type":"MultiPolygon","coordinates":[[[[-56.173954,-34.876078],[-56.175677,-34.874265],[-56.177865,-34.874331],[-56.176682,-34.872897],[-56.178674,-34.870859],[-56.178681,-34.870582],[-56.17384,-34.87024],[-56.173748,-34.872195],[-56.171217,-34.872017],[-56.17128,-34.87109],[-56.169943,-34.870997],[-56.170019,-34.869964],[-56.168932,-34.869882],[-56.168261,-34.869218],[-56.168382,-34.869025],[-56.168938,-34.868702],[-56.168858,-34.868599],[-56.166708,-34.869596],[-56.167164,-34.86988],[-56.167396,-34.869886],[-56.167621,-34.870313],[-56.166396,-34.881726],[-56.164986,-34.88163],[-56.164909,-34.882454],[-56.167009,-34.883932],[-56.169457,-34.881584],[-56.170386,-34.880981],[-56.170702,-34.878437],[-56.173216,-34.878603],[-56.173316,-34.87778],[-56.172138,-34.877697],[-56.1722,-34.876915],[-56.173108,-34.876952],[-56.173954,-34.876078]]]]}},{"type":"Feature","properties":{"nombre":"Atahualpa","departamento":"Montevideo"},"geometry":{"type":"MultiPolygon","coordinates":[[[[-56.191596,-34.869285],[-56.193366,-34.862476],[-56.195225,-34.859939],[-56.19606,-34.858248],[-56.196234,-34.857965],[-56.196373,-34.85793],[-56.196483,-34.85777],[-56.196526,-34.857466],[-56.196376,-34.857307],[-56.194632,-34.857798],[-56.192597,-34.858257],[-56.190057,-34.859086],[-56.188414,-34.860026],[-56.1863,-34.861063],[-56.186401,-34.861492],[-56.186901,-34.862567],[-56.186581,-34.866659],[-56.186172,-34.869905],[-56.184767,-34.869773],[-56.183543,-34.870067],[-56.183867,-34.870944],[-56.18373,-34.870933],[-56.183473,-34.872839],[-56.189126,-34.873288],[-56.189836,-34.871996],[-56.191596,-34.869285]]]]}},{"type":"Feature","properties":{"nombre":"Reducto","departamento":"Montevideo"},"geometry":{"type":"MultiPolygon","coordinates":[[[[-56.193745,-34.879268],[-56.194065,-34.877919],[-56.193177,-34.877724],[-56.193587,-34.873619],[-56.193923,-34.871649],[-56.19023,-34.871391],[-56.189126,-34.873288],[-56.182034,-34.872758],[-56.182001,-34.873405],[-56.183096,-34.874816],[-56.179577,-34.876406],[-56.179778,-34.876702],[-56.181714,-34.880781],[-56.183148,-34.883349],[-56.18753,-34.881693],[-56.187267,-34.882169],[-56.193209,-34.884894],[-56.193794,-34.884025],[-56.192788,-34.883554],[-56.193863,-34.881969],[-56.192818,-34.88172],[-56.193745,-34.879268]]]]}},{"type":"Feature","properties":{"nombre":"Aguada","departamento":"Montevideo"},"geometry":{"type":"MultiPolygon","coordinates":[[[[-56.195319,-34.899213],[-56.194887,-34.89888],[-56.194746,-34.898503],[-56.194743,-34.898243],[-56.195311,-34.892478],[-56.195695,-34.889928],[-56.195646,-34.889538],[-56.19591,-34.886932],[-56.195729,-34.886918],[-56.195854,-34.886072],[-56.19531,-34.886026],[-56.195943,-34.885137],[-56.193209,-34.884894],[-56.187267,-34.882169],[-56.18753,-34.881693],[-56.183148,-34.883349],[-56.184569,-34.885886],[-56.180633,-34.887383],[-56.18168,-34.88928],[-56.181584,-34.88948],[-56.18088,-34.893682],[-56.181245,-34.89437],[-56.180602,-34.895159],[-56.180753,-34.895242],[-56.179609,-34.896071],[-56.180345,-34.89674],[-56.181965,-34.897376],[-56.182695,-34.896288],[-56.186977,-34.898542],[-56.186764,-34.898976],[-56.195673,-34.899616],[-56.195902,-34.899449],[-56.195319,-34.899213]]]]}},{"type":"Feature","properties":{"nombre":"Jardines del Hipódromo","departamento":"Montevideo"},"geometry":{"type":"MultiPolygon","coordinates":[[[[-56.140185,-34.844936],[-56.139731,-34.844448],[-56.146093,-34.840073],[-56.14971,-34.839425],[-56.148264,-34.837634],[-56.148125,-34.837301],[-56.141126,-34.828766],[-56.14108,-34.829038],[-56.140809,-34.828916],[-56.140731,-34.829942],[-56.134383,-34.829249],[-56.130764,-34.828725],[-56.129078,-34.828631],[-56.126796,-34.828323],[-56.126361,-34.828213],[-56.126995,-34.827092],[-56.128243,-34.827296],[-56.128523,-34.825799],[-56.126274,-34.825562],[-56.123516,-34.83048],[-56.123292,-34.833657],[-56.119174,-34.838474],[-56.124515,-34.841733],[-56.124777,-34.842233],[-56.12578,-34.845755],[-56.133586,-34.84814],[-56.13375,-34.848278],[-56.134966,-34.84649],[-56.135165,-34.846014],[-56.137487,-34.846885],[-56.138281,-34.84613],[-56.140185,-34.844936]]]]}},{"type":"Feature","properties":{"nombre":"Parque Rodó","departamento":"Montevideo"},"geometry":{"type":"MultiPolygon","coordinates":[[[[-56.172069,-34.915054],[-56.171909,-34.915136],[-56.172352,-34.914886],[-56.172555,-34.915136],[-56.173151,-34.915187],[-56.173494,-34.915063],[-56.173621,-34.914809],[-56.173732,-34.914804],[-56.17377,-34.914694],[-56.173877,-34.914661],[-56.173862,-34.914437],[-56.172419,-34.914534],[-56.172406,-34.9144],[-56.17317,-34.90742],[-56.168543,-34.907098],[-56.168433,-34.908054],[-56.163446,-34.907687],[-56.162665,-34.914746],[-56.162885,-34.91476],[-56.162119,-34.921526],[-56.162319,-34.921507],[-56.165736,-34.919869],[-56.165847,-34.917766],[-56.165778,-34.914223],[-56.166019,-34.911359],[-56.169222,-34.911587],[-56.169162,-34.912215],[-56.169594,-34.912649],[-56.170173,-34.912975],[-56.170061,-34.913213],[-56.17025,-34.914296],[-56.170501,-34.914536],[-56.170818,-34.914575],[-56.170428,-34.914694],[-56.17088,-34.915326],[-56.171219,-34.914918],[-56.171463,-34.914788],[-56.171454,-34.914719],[-56.17205,-34.914678],[-56.172242,-34.91488],[-56.172069,-34.915054]]]]}},{"type":"Feature","properties":{"nombre":"Palermo","departamento":"Montevideo"},"geometry":{"type":"MultiPolygon","coordinates":[[[[-56.185192,-34.916088],[-56.185879,-34.915888],[-56.185876,-34.915677],[-56.185775,-34.915684],[-56.185788,-34.915557],[-56.184447,-34.915523],[-56.184551,-34.914533],[-56.183649,-34.914501],[-56.183809,-34.912876],[-56.183692,-34.912738],[-56.183873,-34.912609],[-56.184331,-34.908243],[-56.177364,-34.90773],[-56.177439,-34.906654],[-56.17625,-34.906885],[-56.176183,-34.907638],[-56.17401,-34.907486],[-56.173154,-34.907633],[-56.172419,-34.914534],[-56.173862,-34.914437],[-56.173872,-34.914583],[-56.176005,-34.914575],[-56.177713,-34.914669],[-56.178336,-34.914852],[-56.178513,-34.915078],[-56.178797,-34.915152],[-56.179055,-34.915123],[-56.179286,-34.914944],[-56.179625,-34.914957],[-56.179802,-34.914861],[-56.184352,-34.915775],[-56.184497,-34.915937],[-56.185192,-34.916088]]]]}},{"type":"Feature","properties":{"nombre":"Capurro, Bella Vista","departamento":"Montevideo"},"geometry":{"type":"MultiPolygon","coordinates":[[[[-56.199959,-34.88286],[-56.200057,-34.882842],[-56.200114,-34.882979],[-56.200312,-34.883066],[-56.200359,-34.883002],[-56.200136,-34.882874],[-56.200447,-34.882947],[-56.201656,-34.883748],[-56.202063,-34.883686],[-56.202187,-34.883575],[-56.202218,-34.883356],[-56.202073,-34.883146],[-56.201681,-34.882851],[-56.201749,-34.882489],[-56.202293,-34.881916],[-56.202736,-34.88158],[-56.20311,-34.881506],[-56.203128,-34.88138],[-56.203475,-34.881125],[-56.203559,-34.880938],[-56.203718,-34.88089],[-56.204985,-34.879857],[-56.207211,-34.878582],[-56.20774,-34.878205],[-56.208014,-34.878223],[-56.208323,-34.878379],[-56.208387,-34.878295],[-56.208237,-34.878084],[-56.208292,-34.877957],[-56.208536,-34.877836],[-56.208668,-34.877865],[-56.209959,-34.877148],[-56.210448,-34.876701],[-56.21086,-34.876484],[-56.210986,-34.876037],[-56.211851,-34.875457],[-56.212799,-34.875025],[-56.213708,-34.874767],[-56.215003,-34.874134],[-56.21563,-34.875902],[-56.215753,-34.876047],[-56.215898,-34.875908],[-56.217945,-34.875381],[-56.218143,-34.875506],[-56.218219,-34.87615],[-56.218614,-34.877104],[-56.218595,-34.877405],[-56.219722,-34.880268],[-56.219797,-34.880281],[-56.220397,-34.881946],[-56.22157,-34.882393],[-56.22531,-34.881407],[-56.225354,-34.881501],[-56.225774,-34.881394],[-56.225686,-34.881112],[-56.221557,-34.882178],[-56.220877,-34.881919],[-56.220232,-34.880183],[-56.221439,-34.87981],[-56.220885,-34.878275],[-56.220768,-34.87823],[-56.219857,-34.878412],[-56.219676,-34.878373],[-56.219123,-34.876779],[-56.219216,-34.876671],[-56.219376,-34.876658],[-56.219717,-34.876238],[-56.219698,-34.875999],[-56.219864,-34.875529],[-56.219905,-34.875114],[-56.220309,-34.874815],[-56.224544,-34.873742],[-56.224734,-34.874532],[-56.22484,-34.87451],[-56.224658,-34.873722],[-56.225168,-34.873566],[-56.225278,-34.872837],[-56.225664,-34.872752],[-56.225502,-34.872493],[-56.225461,-34.872098],[-56.225092,-34.871716],[-56.225002,-34.871235],[-56.224441,-34.870293],[-56.223847,-34.869749],[-56.22354,-34.869588],[-56.223077,-34.869404],[-56.220751,-34.868891],[-56.218841,-34.868687],[-56.218221,-34.868361],[-56.21771,-34.867835],[-56.217158,-34.867017],[-56.216411,-34.866132],[-56.216293,-34.865631],[-56.216566,-34.864665],[-56.216445,-34.864334],[-56.216108,-34.86398],[-56.212571,-34.866234],[-56.211118,-34.867826],[-56.212605,-34.865765],[-56.212162,-34.865521],[-56.210577,-34.867493],[-56.210942,-34.867993],[-56.20835,-34.870893],[-56.207488,-34.8717],[-56.203626,-34.870671],[-56.203,-34.871301],[-56.202211,-34.872278],[-56.193923,-34.871649],[-56.193587,-34.873619],[-56.193177,-34.877724],[-56.194065,-34.877919],[-56.193745,-34.879268],[-56.192818,-34.88172],[-56.193863,-34.881969],[-56.192788,-34.883554],[-56.193794,-34.884025],[-56.193209,-34.884894],[-56.195943,-34.885137],[-56.19531,-34.886026],[-56.195854,-34.886072],[-56.195729,-34.886918],[-56.197917,-34.887082],[-56.198261,-34.884711],[-56.198388,-34.884291],[-56.198646,-34.883868],[-56.199769,-34.8827],[-56.199959,-34.88286]]]]}},{"type":"Feature","properties":{"nombre":"Prado, Nueva Savona","departamento":"Montevideo"},"geometry":{"type":"MultiPolygon","coordinates":[[[[-56.215935,-34.863818],[-56.21499,-34.863216],[-56.215958,-34.862437],[-56.216144,-34.86259],[-56.217088,-34.862026],[-56.217257,-34.862136],[-56.218009,-34.861669],[-56.217939,-34.861501],[-56.219522,-34.86053],[-56.218771,-34.859699],[-56.221908,-34.857793],[-56.221741,-34.857688],[-56.220264,-34.858511],[-56.219065,-34.857187],[-56.217272,-34.854833],[-56.218191,-34.854532],[-56.216744,-34.852598],[-56.215814,-34.853102],[-56.213597,-34.85046],[-56.208495,-34.853205],[-56.203269,-34.856211],[-56.20302,-34.856458],[-56.202877,-34.856853],[-56.202461,-34.856902],[-56.202605,-34.856515],[-56.202583,-34.856107],[-56.202456,-34.855711],[-56.202167,-34.855324],[-56.201778,-34.85504],[-56.20065,-34.854663],[-56.200327,-34.854334],[-56.199995,-34.85367],[-56.199789,-34.853785],[-56.197016,-34.854372],[-56.196329,-34.857296],[-56.196526,-34.857466],[-56.196483,-34.85777],[-56.196373,-34.85793],[-56.196234,-34.857965],[-56.19606,-34.858248],[-56.195225,-34.859939],[-56.193378,-34.862448],[-56.191596,-34.869285],[-56.19023,-34.871391],[-56.202211,-34.872278],[-56.203,-34.871301],[-56.203626,-34.870671],[-56.207488,-34.8717],[-56.20835,-34.870893],[-56.210942,-34.867993],[-56.210577,-34.867493],[-56.212162,-34.865521],[-56.212605,-34.865765],[-56.211118,-34.867826],[-56.212571,-34.866234],[-56.216108,-34.86398],[-56.215935,-34.863818]]]]}},{"type":"Feature","properties":{"nombre":"Barrio Sur","departamento":"Montevideo"},"geometry":{"type":"MultiPolygon","coordinates":[[[[-56.192782,-34.913075],[-56.193818,-34.912764],[-56.194711,-34.912617],[-56.198097,-34.912772],[-56.19888,-34.912672],[-56.199144,-34.912533],[-56.199687,-34.912581],[-56.19944,-34.912484],[-56.199437,-34.912356],[-56.199665,-34.912339],[-56.199634,-34.91219],[-56.19991,-34.91206],[-56.199803,-34.911785],[-56.199684,-34.911955],[-56.199441,-34.912037],[-56.196474,-34.911813],[-56.200829,-34.910659],[-56.200139,-34.910684],[-56.197216,-34.911481],[-56.19764,-34.910933],[-56.19781,-34.909205],[-56.184331,-34.908243],[-56.183873,-34.912609],[-56.183692,-34.912738],[-56.183809,-34.912876],[-56.183649,-34.914501],[-56.184551,-34.914533],[-56.184447,-34.915523],[-56.185788,-34.915557],[-56.185775,-34.915684],[-56.185876,-34.915677],[-56.185898,-34.915826],[-56.187384,-34.915544],[-56.188552,-34.915104],[-56.191875,-34.913434],[-56.192105,-34.913632],[-56.19216,-34.913589],[-56.191941,-34.913404],[-56.192782,-34.913075]]]]}},{"type":"Feature","properties":{"nombre":"Casabó, Pajas Blancas","departamento":"Montevideo"},"geometry":{"type":"MultiPolygon","coordinates":[[[[-56.315062,-34.905145],[-56.315193,-34.904985],[-56.315597,-34.904985],[-56.315766,-34.904591],[-56.315738,-34.903868],[-56.315569,-34.903089],[-56.315381,-34.902723],[-56.314151,-34.902254],[-56.313945,-34.902075],[-56.313879,-34.901812],[-56.313945,-34.901456],[-56.31402,-34.901277],[-56.314405,-34.900967],[-56.315249,-34.900414],[-56.315681,-34.899888],[-56.315944,-34.899203],[-56.316019,-34.898705],[-56.316273,-34.898207],[-56.316593,-34.897928],[-56.317619,-34.89739],[-56.318516,-34.89709],[-56.319061,-34.896799],[-56.31953,-34.895917],[-56.319831,-34.895513],[-56.320253,-34.895119],[-56.32091,-34.894668],[-56.321352,-34.894471],[-56.32199,-34.89433],[-56.323501,-34.894208],[-56.324412,-34.893936],[-56.324619,-34.893776],[-56.324816,-34.892462],[-56.324938,-34.892312],[-56.325529,-34.89204],[-56.326327,-34.891824],[-56.327069,-34.891382],[-56.328186,-34.891035],[-56.329723,-34.891023],[-56.330139,-34.891082],[-56.330703,-34.89129],[-56.331603,-34.89142],[-56.331932,-34.89126],[-56.332157,-34.890979],[-56.332213,-34.890669],[-56.332138,-34.890312],[-56.331397,-34.889251],[-56.331014,-34.888387],[-56.331312,-34.888078],[-56.33147,-34.887626],[-56.331767,-34.887516],[-56.332024,-34.887584],[-56.332179,-34.887417],[-56.332022,-34.887338],[-56.333037,-34.886712],[-56.333434,-34.886635],[-56.333856,-34.886674],[-56.33395,-34.886573],[-56.333813,-34.886455],[-56.333902,-34.885875],[-56.333699,-34.884943],[-56.333487,-34.884627],[-56.332582,-34.883807],[-56.332253,-34.883671],[-56.332097,-34.883366],[-56.332135,-34.883243],[-56.332288,-34.883196],[-56.332716,-34.883233],[-56.33262,-34.882908],[-56.332725,-34.882827],[-56.332782,-34.882609],[-56.332506,-34.882096],[-56.332137,-34.881998],[-56.331999,-34.881804],[-56.332171,-34.881611],[-56.33212,-34.881302],[-56.33266,-34.88121],[-56.333305,-34.88053],[-56.333236,-34.880233],[-56.333293,-34.880118],[-56.333488,-34.88001],[-56.33366,-34.879781],[-56.334474,-34.879275],[-56.334629,-34.878957],[-56.334899,-34.878743],[-56.334941,-34.878549],[-56.334833,-34.878385],[-56.333959,-34.878253],[-56.333855,-34.878088],[-56.333917,-34.877985],[-56.334157,-34.877924],[-56.334253,-34.877794],[-56.334238,-34.87764],[-56.33451,-34.87748],[-56.334451,-34.877121],[-56.334788,-34.876745],[-56.334821,-34.876186],[-56.334996,-34.876066],[-56.334833,-34.875737],[-56.334936,-34.875608],[-56.334846,-34.875413],[-56.334928,-34.875163],[-56.334819,-34.874912],[-56.335081,-34.874809],[-56.335082,-34.874655],[-56.335297,-34.874555],[-56.335981,-34.87381],[-56.336417,-34.873651],[-56.336898,-34.873844],[-56.337074,-34.873797],[-56.337268,-34.873645],[-56.337258,-34.873256],[-56.337374,-34.873075],[-56.338466,-34.873031],[-56.33855,-34.872785],[-56.338968,-34.872686],[-56.338869,-34.872258],[-56.339049,-34.87207],[-56.33896,-34.871828],[-56.339176,-34.871686],[-56.339302,-34.871679],[-56.339366,-34.871791],[-56.339856,-34.872022],[-56.340248,-34.872011],[-56.339877,-34.870845],[-56.340272,-34.870475],[-56.340823,-34.870344],[-56.341134,-34.87018],[-56.341818,-34.870003],[-56.342032,-34.870122],[-56.342376,-34.870121],[-56.342556,-34.869925],[-56.342968,-34.869802],[-56.343402,-34.870119],[-56.344004,-34.87023],[-56.344301,-34.870617],[-56.344583,-34.870735],[-56.346313,-34.870722],[-56.346444,-34.870417],[-56.346637,-34.870236],[-56.3463,-34.870221],[-56.346288,-34.870146],[-56.346446,-34.870018],[-56.347033,-34.869814],[-56.347692,-34.86989],[-56.347907,-34.869767],[-56.347993,-34.869569],[-56.348567,-34.868914],[-56.348363,-34.868374],[-56.348555,-34.868091],[-56.348997,-34.868016],[-56.349068,-34.868038],[-56.348893,-34.868188],[-56.348912,-34.868263],[-56.349298,-34.868248],[-56.349472,-34.868317],[-56.349636,-34.868287],[-56.349753,-34.868166],[-56.350158,-34.868193],[-56.350449,-34.868],[-56.350215,-34.867768],[-56.350246,-34.867705],[-56.350743,-34.867454],[-56.350688,-34.867193],[-56.350814,-34.866923],[-56.351056,-34.866581],[-56.35127,-34.866483],[-56.351742,-34.866526],[-56.352002,-34.867034],[-56.352046,-34.867354],[-56.352196,-34.867448],[-56.352266,-34.867697],[-56.351839,-34.868847],[-56.351574,-34.869157],[-56.352155,-34.868871],[-56.352412,-34.868039],[-56.352745,-34.868138],[-56.352416,-34.869288],[-56.352299,-34.869471],[-56.352524,-34.869499],[-56.35283,-34.869174],[-56.353158,-34.869471],[-56.35259,-34.87022],[-56.352252,-34.87048],[-56.351926,-34.870549],[-56.35218,-34.870771],[-56.352361,-34.870771],[-56.353811,-34.86896],[-56.354088,-34.868872],[-56.354418,-34.868947],[-56.354452,-34.869215],[-56.354994,-34.869603],[-56.355445,-34.869359],[-56.355694,-34.869081],[-56.355649,-34.868835],[-56.355948,-34.868754],[-56.356014,-34.868652],[-56.356025,-34.868541],[-56.355723,-34.868144],[-56.355459,-34.867941],[-56.354674,-34.867556],[-56.353948,-34.86744],[-56.354043,-34.866794],[-56.353731,-34.866152],[-56.353114,-34.865465],[-56.352716,-34.864786],[-56.352739,-34.864688],[-56.352539,-34.86448],[-56.352539,-34.863682],[-56.35235,-34.863188],[-56.352488,-34.862912],[-56.352526,-34.862324],[-56.352439,-34.861817],[-56.352534,-34.860936],[-56.35239,-34.860677],[-56.352355,-34.859638],[-56.352633,-34.859229],[-56.352664,-34.858872],[-56.352856,-34.858637],[-56.352814,-34.857956],[-56.3529,-34.8576],[-56.352646,-34.857049],[-56.35263,-34.856707],[-56.352787,-34.856292],[-56.352737,-34.856081],[-56.35281,-34.855903],[-56.352492,-34.855241],[-56.352244,-34.855015],[-56.352176,-34.854593],[-56.351864,-34.854316],[-56.351465,-34.853729],[-56.351137,-34.853429],[-56.350804,-34.853321],[-56.350494,-34.853024],[-56.349997,-34.852783],[-56.349957,-34.852473],[-56.349587,-34.852115],[-56.34922,-34.851974],[-56.348676,-34.851902],[-56.365552,-34.843367],[-56.355635,-34.829857],[-56.306813,-34.854797],[-56.300799,-34.857945],[-56.291161,-34.852209],[-56.290653,-34.852002],[-56.290645,-34.851838],[-56.29043,-34.851816],[-56.290346,-34.851961],[-56.290451,-34.852074],[-56.288491,-34.861414],[-56.285805,-34.874855],[-56.267052,-34.872309],[-56.264181,-34.886862],[-56.264344,-34.886885],[-56.264517,-34.887164],[-56.264823,-34.887827],[-56.26496,-34.888498],[-56.265141,-34.888535],[-56.26499,-34.888794],[-56.265041,-34.889068],[-56.265164,-34.889248],[-56.263758,-34.889008],[-56.263508,-34.890242],[-56.263288,-34.890533],[-56.262945,-34.890843],[-56.262173,-34.891309],[-56.261935,-34.89126],[-56.261672,-34.891363],[-56.261245,-34.891848],[-56.261006,-34.892519],[-56.260978,-34.893899],[-56.260547,-34.894511],[-56.259933,-34.894815],[-56.259455,-34.894884],[-56.257334,-34.894731],[-56.255456,-34.894095],[-56.25537,-34.8939],[-56.25533,-34.893176],[-56.254897,-34.892939],[-56.255574,-34.893014],[-56.255983,-34.892718],[-56.256125,-34.892498],[-56.255373,-34.892086],[-56.254948,-34.892005],[-56.254917,-34.892492],[-56.254725,-34.892484],[-56.254645,-34.89288],[-56.254249,-34.892829],[-56.253671,-34.895512],[-56.253295,-34.896711],[-56.254465,-34.897369],[-56.254495,-34.897629],[-56.25466,-34.897678],[-56.254616,-34.897806],[-56.254776,-34.897788],[-56.254776,-34.897922],[-56.254917,-34.897921],[-56.254892,-34.898132],[-56.255552,-34.898022],[-56.255559,-34.898128],[-56.255108,-34.898348],[-56.255417,-34.89856],[-56.255416,-34.898626],[-56.255167,-34.898606],[-56.255161,-34.898744],[-56.255349,-34.898855],[-56.255076,-34.89895],[-56.255053,-34.899039],[-56.255278,-34.899235],[-56.255868,-34.899079],[-56.255583,-34.899337],[-56.255731,-34.899431],[-56.255967,-34.899358],[-56.255864,-34.899492],[-56.256017,-34.899552],[-56.256072,-34.899409],[-56.256297,-34.899356],[-56.256305,-34.8992],[-56.256556,-34.899137],[-56.25637,-34.89936],[-56.257253,-34.899353],[-56.257388,-34.899488],[-56.258037,-34.899364],[-56.258524,-34.899924],[-56.258539,-34.900188],[-56.258103,-34.900303],[-56.258065,-34.900425],[-56.258191,-34.90077],[-56.258147,-34.901181],[-56.257969,-34.901613],[-56.257753,-34.901979],[-56.257528,-34.90212],[-56.257246,-34.902514],[-56.257162,-34.902786],[-56.257453,-34.90289],[-56.257396,-34.902974],[-56.257021,-34.903077],[-56.25704,-34.903162],[-56.257744,-34.90304],[-56.257544,-34.903604],[-56.257076,-34.903547],[-56.256913,-34.904227],[-56.256775,-34.904299],[-56.256251,-34.904298],[-56.256223,-34.904345],[-56.256603,-34.904419],[-56.256619,-34.904619],[-56.256481,-34.904926],[-56.255631,-34.904936],[-56.256617,-34.905011],[-56.256969,-34.905592],[-56.257293,-34.905481],[-56.257425,-34.905697],[-56.256458,-34.906025],[-56.256418,-34.90595],[-56.256312,-34.905992],[-56.256378,-34.906138],[-56.257483,-34.905774],[-56.258767,-34.906335],[-56.260708,-34.906011],[-56.260774,-34.9048],[-56.260327,-34.904845],[-56.260013,-34.904763],[-56.259966,-34.904087],[-56.260229,-34.903796],[-56.260501,-34.903636],[-56.260811,-34.903636],[-56.261055,-34.903523],[-56.261271,-34.903232],[-56.261607,-34.903181],[-56.261881,-34.90327],[-56.262595,-34.90281],[-56.263205,-34.902754],[-56.263872,-34.902425],[-56.264041,-34.902416],[-56.264454,-34.90265],[-56.26482,-34.902462],[-56.265633,-34.902479],[-56.266097,-34.902115],[-56.267017,-34.901965],[-56.267805,-34.901702],[-56.268878,-34.901123],[-56.269064,-34.900917],[-56.269134,-34.900613],[-56.269087,-34.900439],[-56.268936,-34.900167],[-56.268383,-34.899951],[-56.268195,-34.899651],[-56.268204,-34.899472],[-56.269153,-34.89864],[-56.270246,-34.898159],[-56.270914,-34.89803],[-56.271683,-34.89803],[-56.272423,-34.898197],[-56.27296,-34.898444],[-56.27297,-34.89863],[-56.273213,-34.89868],[-56.27325,-34.899162],[-56.273427,-34.899358],[-56.273396,-34.899606],[-56.273533,-34.899808],[-56.273816,-34.899972],[-56.274094,-34.899959],[-56.274446,-34.900071],[-56.274727,-34.901041],[-56.274388,-34.90125],[-56.274345,-34.901455],[-56.274447,-34.901718],[-56.274615,-34.901691],[-56.274667,-34.902024],[-56.275327,-34.901975],[-56.275401,-34.902114],[-56.275494,-34.90211],[-56.275685,-34.902087],[-56.275745,-34.901944],[-56.275924,-34.902003],[-56.276095,-34.90195],[-56.276293,-34.901432],[-56.276614,-34.901262],[-56.276908,-34.901374],[-56.277122,-34.901342],[-56.27716,-34.901056],[-56.277538,-34.900867],[-56.27753,-34.900437],[-56.277931,-34.900325],[-56.278106,-34.900107],[-56.27809,-34.899945],[-56.279132,-34.899238],[-56.278991,-34.899078],[-56.278766,-34.899238],[-56.278606,-34.899125],[-56.278194,-34.899416],[-56.278146,-34.89921],[-56.277987,-34.89905],[-56.277883,-34.899125],[-56.277019,-34.898336],[-56.277142,-34.89783],[-56.277008,-34.897137],[-56.277264,-34.896722],[-56.277508,-34.895924],[-56.27794,-34.895473],[-56.278099,-34.895041],[-56.27827,-34.894862],[-56.278417,-34.894922],[-56.278371,-34.895219],[-56.278435,-34.895266],[-56.27864,-34.89521],[-56.278843,-34.895329],[-56.279019,-34.895133],[-56.279139,-34.895267],[-56.279374,-34.895275],[-56.279429,-34.895401],[-56.279348,-34.895658],[-56.279465,-34.895787],[-56.279569,-34.895784],[-56.279903,-34.895658],[-56.280105,-34.895711],[-56.280268,-34.895051],[-56.280455,-34.894675],[-56.2807,-34.894403],[-56.281075,-34.894225],[-56.281943,-34.894197],[-56.282352,-34.894272],[-56.283066,-34.894613],[-56.283385,-34.894938],[-56.283535,-34.895539],[-56.283769,-34.895792],[-56.284426,-34.896187],[-56.284708,-34.896928],[-56.285009,-34.897125],[-56.285591,-34.897229],[-56.286276,-34.897745],[-56.28621,-34.897989],[-56.285478,-34.898603],[-56.285246,-34.899085],[-56.284945,-34.899367],[-56.284743,-34.899442],[-56.28457,-34.899738],[-56.285105,-34.900127],[-56.285936,-34.899874],[-56.28602,-34.899921],[-56.285823,-34.900127],[-56.285926,-34.900198],[-56.28638,-34.900145],[-56.286682,-34.900029],[-56.286848,-34.899831],[-56.287161,-34.89977],[-56.287888,-34.899939],[-56.288696,-34.899766],[-56.288996,-34.89962],[-56.289437,-34.899179],[-56.289569,-34.898789],[-56.289343,-34.898306],[-56.288776,-34.897921],[-56.288636,-34.897702],[-56.287935,-34.897696],[-56.287724,-34.89755],[-56.287536,-34.897222],[-56.287489,-34.896886],[-56.287788,-34.896515],[-56.287893,-34.89609],[-56.288034,-34.895884],[-56.288276,-34.895942],[-56.288731,-34.895904],[-56.289057,-34.895734],[-56.289113,-34.895635],[-56.28894,-34.895311],[-56.288968,-34.895213],[-56.289535,-34.894908],[-56.289968,-34.89426],[-56.290367,-34.894138],[-56.290738,-34.894279],[-56.29108,-34.894687],[-56.291182,-34.895171],[-56.291167,-34.895546],[-56.29157,-34.895723],[-56.291986,-34.895748],[-56.292165,-34.895921],[-56.292336,-34.895941],[-56.292794,-34.895879],[-56.293263,-34.895673],[-56.293329,-34.895499],[-56.292963,-34.895034],[-56.293014,-34.894912],[-56.293225,-34.894865],[-56.293432,-34.894936],[-56.293606,-34.89479],[-56.293922,-34.894692],[-56.29407,-34.894387],[-56.2943,-34.894307],[-56.294685,-34.89387],[-56.295122,-34.893617],[-56.295202,-34.893443],[-56.295413,-34.89333],[-56.295842,-34.893249],[-56.297168,-34.893288],[-56.297948,-34.893645],[-56.29867,-34.893532],[-56.299224,-34.893298],[-56.300877,-34.893523],[-56.30189,-34.893814],[-56.303493,-34.894435],[-56.30496,-34.895138],[-56.305571,-34.89556],[-56.305702,-34.895738],[-56.305768,-34.896264],[-56.305996,-34.896689],[-56.306905,-34.897183],[-56.307335,-34.897194],[-56.307439,-34.897118],[-56.30758,-34.896621],[-56.307758,-34.896583],[-56.30902,-34.896813],[-56.309654,-34.897165],[-56.309945,-34.897672],[-56.310189,-34.898658],[-56.310039,-34.899052],[-56.310161,-34.8994],[-56.311235,-34.900095],[-56.311466,-34.900367],[-56.311551,-34.900686],[-56.311521,-34.90092],[-56.311434,-34.901134],[-56.311222,-34.901315],[-56.310743,-34.901268],[-56.309504,-34.901427],[-56.308781,-34.901822],[-56.308349,-34.902338],[-56.308321,-34.902451],[-56.308481,-34.902958],[-56.30874,-34.903261],[-56.309504,-34.903765],[-56.310011,-34.903831],[-56.31033,-34.903681],[-56.310753,-34.903709],[-56.310997,-34.904178],[-56.311053,-34.905079],[-56.311128,-34.905267],[-56.311767,-34.905624],[-56.31218,-34.905596],[-56.312705,-34.905295],[-56.313278,-34.905295],[-56.31356,-34.905211],[-56.314104,-34.904835],[-56.314557,-34.90491],[-56.314921,-34.90522],[-56.315062,-34.905145]]]]}},{"type":"Feature","properties":{"nombre":"Centro","departamento":"Montevideo"},"geometry":{"type":"MultiPolygon","coordinates":[[[[-56.197912,-34.908281],[-56.198108,-34.906393],[-56.198721,-34.906439],[-56.198828,-34.906016],[-56.199279,-34.905991],[-56.199799,-34.901076],[-56.200298,-34.901082],[-56.199179,-34.900559],[-56.195902,-34.899449],[-56.195673,-34.899616],[-56.186764,-34.898976],[-56.18586,-34.901053],[-56.185964,-34.90114],[-56.185876,-34.901725],[-56.185094,-34.905429],[-56.184932,-34.905578],[-56.184607,-34.905602],[-56.184331,-34.908243],[-56.19781,-34.909205],[-56.197912,-34.908281]]]]}},{"type":"Feature","properties":{"nombre":"Paso de las Duranas","departamento":"Montevideo"},"geometry":{"type":"MultiPolygon","coordinates":[[[[-56.210941,-34.851871],[-56.212706,-34.850941],[-56.213092,-34.847471],[-56.210198,-34.843334],[-56.205861,-34.839922],[-56.201233,-34.842671],[-56.201053,-34.838791],[-56.196201,-34.841697],[-56.198603,-34.844054],[-56.194409,-34.84677],[-56.19463,-34.847003],[-56.193741,-34.847398],[-56.194802,-34.848983],[-56.195082,-34.850231],[-56.195562,-34.851006],[-56.195977,-34.85138],[-56.196715,-34.851748],[-56.199028,-34.852248],[-56.199328,-34.852412],[-56.199573,-34.852705],[-56.200373,-34.854404],[-56.200845,-34.854777],[-56.201906,-34.855112],[-56.202343,-34.855522],[-56.202604,-34.85624],[-56.202605,-34.856515],[-56.202461,-34.856902],[-56.202877,-34.856853],[-56.20302,-34.856458],[-56.203269,-34.856211],[-56.210941,-34.851871]]]]}},{"type":"Feature","properties":{"nombre":"Manga","departamento":"Montevideo"},"geometry":{"type":"MultiPolygon","coordinates":[[[[-56.168084,-34.823646],[-56.168864,-34.823759],[-56.169047,-34.820816],[-56.168186,-34.816611],[-56.168119,-34.814845],[-56.167601,-34.811921],[-56.164509,-34.808882],[-56.1476,-34.806675],[-56.148297,-34.804316],[-56.143281,-34.803652],[-56.143937,-34.800873],[-56.129644,-34.798771],[-56.127386,-34.79864],[-56.125098,-34.801485],[-56.125828,-34.801877],[-56.126225,-34.802262],[-56.129378,-34.807248],[-56.132574,-34.81065],[-56.136567,-34.816535],[-56.144838,-34.817713],[-56.146305,-34.81756],[-56.151262,-34.818101],[-56.154524,-34.818628],[-56.15676,-34.818895],[-56.156001,-34.820979],[-56.155796,-34.82175],[-56.163204,-34.822801],[-56.168084,-34.823646]]]]}},{"type":"Feature","properties":{"nombre":"Ituzaingó","departamento":"Montevideo"},"geometry":{"type":"MultiPolygon","coordinates":[[[[-56.150181,-34.849834],[-56.155557,-34.846537],[-56.14971,-34.839425],[-56.146527,-34.839955],[-56.146048,-34.840099],[-56.139731,-34.844448],[-56.140185,-34.844936],[-56.138281,-34.84613],[-56.137487,-34.846885],[-56.135165,-34.846014],[-56.134966,-34.84649],[-56.13375,-34.848278],[-56.138167,-34.8533],[-56.138746,-34.853622],[-56.138407,-34.854327],[-56.138181,-34.855359],[-56.137673,-34.855682],[-56.138497,-34.856703],[-56.141065,-34.855274],[-56.141654,-34.855882],[-56.142385,-34.855998],[-56.142219,-34.856171],[-56.14205,-34.856985],[-56.142292,-34.85763],[-56.141815,-34.857864],[-56.143003,-34.859406],[-56.143555,-34.858852],[-56.143646,-34.85858],[-56.14427,-34.855232],[-56.144456,-34.853359],[-56.150181,-34.849834]]]]}},{"type":"Feature","properties":{"nombre":"Las Canteras","departamento":"Montevideo"},"geometry":{"type":"MultiPolygon","coordinates":[[[[-56.11139,-34.88281],[-56.111485,-34.882219],[-56.111489,-34.881059],[-56.111151,-34.8783],[-56.111191,-34.877916],[-56.112085,-34.876051],[-56.115757,-34.871493],[-56.115905,-34.87122],[-56.113099,-34.870499],[-56.111397,-34.870293],[-56.116937,-34.864548],[-56.112935,-34.861892],[-56.112071,-34.861677],[-56.1128,-34.859651],[-56.112615,-34.859479],[-56.1128,-34.858404],[-56.112702,-34.857406],[-56.112889,-34.857242],[-56.113286,-34.857203],[-56.113097,-34.857046],[-56.112652,-34.856306],[-56.112451,-34.856109],[-56.112151,-34.855998],[-56.111537,-34.856062],[-56.111385,-34.856153],[-56.110999,-34.856748],[-56.110924,-34.85707],[-56.110658,-34.857447],[-56.110683,-34.857699],[-56.110396,-34.858206],[-56.110251,-34.858326],[-56.109504,-34.858616],[-56.108473,-34.858638],[-56.108103,-34.858554],[-56.107053,-34.858881],[-56.1069,-34.858993],[-56.106553,-34.859024],[-56.106195,-34.858734],[-56.105669,-34.858767],[-56.104998,-34.858584],[-56.104403,-34.858199],[-56.103776,-34.857996],[-56.103575,-34.857512],[-56.10218,-34.857556],[-56.101831,-34.857484],[-56.100309,-34.857472],[-56.099509,-34.857347],[-56.098323,-34.856991],[-56.095595,-34.855847],[-56.095097,-34.855794],[-56.094638,-34.855405],[-56.093893,-34.856125],[-56.098628,-34.866934],[-56.096311,-34.867619],[-56.095818,-34.866468],[-56.093345,-34.867168],[-56.093084,-34.866538],[-56.09233,-34.866746],[-56.094351,-34.872274],[-56.096727,-34.872411],[-56.096727,-34.872494],[-56.096616,-34.87265],[-56.094467,-34.873623],[-56.091055,-34.875755],[-56.096965,-34.883273],[-56.095782,-34.884958],[-56.09942,-34.885714],[-56.1006,-34.885782],[-56.102341,-34.883696],[-56.103922,-34.883667],[-56.103905,-34.883193],[-56.103695,-34.88276],[-56.104536,-34.881717],[-56.106305,-34.882707],[-56.106184,-34.882845],[-56.106495,-34.883076],[-56.106829,-34.88281],[-56.10751,-34.882489],[-56.108448,-34.882355],[-56.108776,-34.882427],[-56.109939,-34.882935],[-56.11052,-34.883537],[-56.111185,-34.88359],[-56.11139,-34.88281]]]]}},{"type":"Feature","properties":{"nombre":"Brazo Oriental","departamento":"Montevideo"},"geometry":{"type":"MultiPolygon","coordinates":[[[[-56.183867,-34.870944],[-56.183543,-34.870067],[-56.184767,-34.869773],[-56.186172,-34.869905],[-56.186581,-34.866659],[-56.186901,-34.862567],[-56.186401,-34.861492],[-56.1863,-34.861063],[-56.185203,-34.859355],[-56.184537,-34.857708],[-56.18336,-34.855201],[-56.182915,-34.854591],[-56.179591,-34.855723],[-56.1794,-34.855169],[-56.176101,-34.857803],[-56.174663,-34.856467],[-56.173883,-34.856627],[-56.174599,-34.858781],[-56.173679,-34.859491],[-56.173717,-34.85954],[-56.169893,-34.862452],[-56.169852,-34.862809],[-56.170195,-34.862547],[-56.1735,-34.865882],[-56.173985,-34.865585],[-56.175465,-34.867242],[-56.173587,-34.869134],[-56.174567,-34.870301],[-56.183867,-34.870944]]]]}},{"type":"Feature","properties":{"nombre":"Flor de Maroñas","departamento":"Montevideo"},"geometry":{"type":"MultiPolygon","coordinates":[[[[-56.137951,-34.859082],[-56.136793,-34.857637],[-56.138497,-34.856703],[-56.137673,-34.855682],[-56.138181,-34.855359],[-56.138407,-34.854327],[-56.138746,-34.853622],[-56.138167,-34.8533],[-56.133645,-34.848171],[-56.12578,-34.845755],[-56.124744,-34.842141],[-56.124567,-34.841792],[-56.124178,-34.841474],[-56.123722,-34.842019],[-56.122154,-34.842246],[-56.111946,-34.845351],[-56.112454,-34.846396],[-56.113581,-34.84605],[-56.114315,-34.848506],[-56.115192,-34.851055],[-56.113675,-34.851513],[-56.114092,-34.855986],[-56.113014,-34.856391],[-56.11275,-34.855844],[-56.112276,-34.856026],[-56.112603,-34.856238],[-56.113097,-34.857046],[-56.113286,-34.857203],[-56.113244,-34.857252],[-56.113564,-34.857415],[-56.113629,-34.857607],[-56.113837,-34.8576],[-56.113965,-34.85745],[-56.114335,-34.857484],[-56.114387,-34.857299],[-56.114709,-34.856989],[-56.115098,-34.857262],[-56.11574,-34.857498],[-56.116587,-34.857536],[-56.117156,-34.857433],[-56.117426,-34.858045],[-56.119532,-34.857431],[-56.119286,-34.856819],[-56.120669,-34.856426],[-56.120333,-34.855647],[-56.119267,-34.855889],[-56.119061,-34.855403],[-56.11891,-34.854754],[-56.122879,-34.85434],[-56.123671,-34.855428],[-56.125747,-34.856527],[-56.130993,-34.854461],[-56.133168,-34.857058],[-56.133568,-34.857696],[-56.133829,-34.861782],[-56.134971,-34.861227],[-56.13493,-34.860519],[-56.137951,-34.859082]]]]}},{"type":"Feature","properties":{"nombre":"La Blanqueada","departamento":"Montevideo"},"geometry":{"type":"MultiPolygon","coordinates":[[[[-56.158777,-34.891996],[-56.159088,-34.891222],[-56.160241,-34.889487],[-56.155509,-34.883827],[-56.152525,-34.882031],[-56.15103,-34.884076],[-56.150923,-34.884002],[-56.150515,-34.884238],[-56.14717,-34.885626],[-56.146053,-34.88635],[-56.144643,-34.887505],[-56.146778,-34.888324],[-56.150667,-34.890003],[-56.158777,-34.891996]]]]}},{"type":"Feature","properties":{"nombre":"Tres Ombúes, Pueblo Victoria","departamento":"Montevideo"},"geometry":{"type":"MultiPolygon","coordinates":[[[[-56.246495,-34.871729],[-56.247172,-34.871508],[-56.247592,-34.871232],[-56.24783,-34.870854],[-56.247843,-34.870666],[-56.24776,-34.870476],[-56.247308,-34.870134],[-56.246217,-34.869772],[-56.245543,-34.869436],[-56.244195,-34.867713],[-56.244075,-34.867257],[-56.243926,-34.867005],[-56.243207,-34.866306],[-56.243116,-34.865924],[-56.24327,-34.864717],[-56.243506,-34.864061],[-56.242979,-34.863416],[-56.242931,-34.862981],[-56.243197,-34.862499],[-56.243542,-34.86215],[-56.243767,-34.86204],[-56.244959,-34.861998],[-56.24571,-34.861879],[-56.246541,-34.861621],[-56.246936,-34.861653],[-56.247599,-34.861889],[-56.247803,-34.861762],[-56.247767,-34.861384],[-56.246984,-34.86],[-56.246438,-34.859382],[-56.246392,-34.858799],[-56.24662,-34.85859],[-56.246968,-34.858468],[-56.247614,-34.858451],[-56.248383,-34.858309],[-56.248763,-34.858042],[-56.249315,-34.857426],[-56.249647,-34.856792],[-56.249459,-34.856152],[-56.249013,-34.856011],[-56.248747,-34.856099],[-56.248583,-34.85631],[-56.248439,-34.856321],[-56.248249,-34.856195],[-56.248258,-34.855868],[-56.248691,-34.855249],[-56.248918,-34.854617],[-56.249165,-34.854361],[-56.249798,-34.854103],[-56.250121,-34.854091],[-56.250327,-34.853923],[-56.250773,-34.85381],[-56.250988,-34.853671],[-56.250777,-34.853326],[-56.250983,-34.852798],[-56.251244,-34.852453],[-56.251179,-34.852307],[-56.251022,-34.852315],[-56.250852,-34.85217],[-56.250767,-34.851705],[-56.250556,-34.85143],[-56.250623,-34.851171],[-56.250805,-34.850983],[-56.250708,-34.850444],[-56.250868,-34.849965],[-56.25068,-34.849772],[-56.250644,-34.849569],[-56.250749,-34.848901],[-56.250563,-34.848619],[-56.250363,-34.848491],[-56.250356,-34.848239],[-56.25018,-34.848041],[-56.250263,-34.847186],[-56.250142,-34.846824],[-56.249711,-34.846337],[-56.240187,-34.851712],[-56.238164,-34.85275],[-56.238163,-34.852901],[-56.233902,-34.856447],[-56.233105,-34.855784],[-56.23385,-34.855078],[-56.228985,-34.857823],[-56.227052,-34.858723],[-56.241139,-34.870218],[-56.24386,-34.872769],[-56.244894,-34.872102],[-56.245613,-34.871881],[-56.246495,-34.871729]]]]}},{"type":"Feature","properties":{"nombre":"Maroñas, Parque Guaraní","departamento":"Montevideo"},"geometry":{"type":"MultiPolygon","coordinates":[[[[-56.134124,-34.86606],[-56.133998,-34.865046],[-56.133568,-34.857696],[-56.133168,-34.857058],[-56.130993,-34.854461],[-56.125747,-34.856527],[-56.123671,-34.855428],[-56.122879,-34.85434],[-56.11891,-34.854754],[-56.119061,-34.855403],[-56.119267,-34.855889],[-56.120333,-34.855647],[-56.120669,-34.856426],[-56.119286,-34.856819],[-56.119532,-34.857431],[-56.117426,-34.858045],[-56.117156,-34.857433],[-56.116587,-34.857536],[-56.11574,-34.857498],[-56.115098,-34.857262],[-56.114709,-34.856989],[-56.114387,-34.857299],[-56.114335,-34.857484],[-56.113922,-34.857457],[-56.113837,-34.8576],[-56.113629,-34.857607],[-56.11351,-34.857366],[-56.113184,-34.857229],[-56.112889,-34.857242],[-56.112714,-34.857374],[-56.1128,-34.858404],[-56.112615,-34.859479],[-56.1128,-34.859651],[-56.112071,-34.861677],[-56.112935,-34.861892],[-56.116937,-34.864548],[-56.111397,-34.870293],[-56.113099,-34.870499],[-56.115264,-34.871015],[-56.117002,-34.87159],[-56.120822,-34.872207],[-56.125577,-34.873328],[-56.134341,-34.867118],[-56.134124,-34.86606]]]]}},{"type":"Feature","properties":{"nombre":"Piedras Blancas","departamento":"Montevideo"},"geometry":{"type":"MultiPolygon","coordinates":[[[[-56.1539,-34.831716],[-56.154134,-34.831423],[-56.154268,-34.831067],[-56.154633,-34.828651],[-56.148225,-34.828027],[-56.148776,-34.82474],[-56.147526,-34.824658],[-56.147737,-34.823126],[-56.149632,-34.823224],[-56.149785,-34.823323],[-56.151745,-34.823467],[-56.152096,-34.823423],[-56.155343,-34.823664],[-56.155944,-34.821158],[-56.15676,-34.818895],[-56.154524,-34.818628],[-56.151262,-34.818101],[-56.147244,-34.817658],[-56.146172,-34.817556],[-56.144903,-34.817721],[-56.140633,-34.817137],[-56.131821,-34.815791],[-56.130494,-34.8152],[-56.129899,-34.817033],[-56.128916,-34.818553],[-56.128917,-34.819965],[-56.128195,-34.819879],[-56.12803,-34.819957],[-56.126833,-34.822937],[-56.126274,-34.825562],[-56.128523,-34.825799],[-56.128243,-34.827296],[-56.127031,-34.827074],[-56.126361,-34.828213],[-56.127659,-34.828475],[-56.130764,-34.828725],[-56.134383,-34.829249],[-56.140731,-34.829942],[-56.140809,-34.828916],[-56.14108,-34.829038],[-56.141126,-34.828766],[-56.144611,-34.833045],[-56.15174,-34.8338],[-56.1539,-34.831716]]]]}},{"type":"Feature","properties":{"nombre":"Lezica, Melilla","departamento":"Montevideo"},"geometry":{"type":"MultiPolygon","coordinates":[[[[-56.288902,-34.809804],[-56.292828,-34.807344],[-56.294203,-34.806098],[-56.294626,-34.805813],[-56.310778,-34.797676],[-56.310462,-34.797284],[-56.309465,-34.79662],[-56.30958,-34.796474],[-56.310841,-34.795749],[-56.311744,-34.795542],[-56.312213,-34.79526],[-56.312474,-34.794949],[-56.313012,-34.79489],[-56.313166,-34.794695],[-56.313172,-34.794417],[-56.313841,-34.793979],[-56.314417,-34.794007],[-56.314884,-34.793906],[-56.316264,-34.792896],[-56.316908,-34.792304],[-56.317373,-34.792116],[-56.317573,-34.791944],[-56.318046,-34.792078],[-56.318174,-34.791936],[-56.318351,-34.791948],[-56.318489,-34.7915],[-56.318761,-34.791257],[-56.319618,-34.791191],[-56.31988,-34.791239],[-56.320269,-34.791492],[-56.320429,-34.791711],[-56.320394,-34.792666],[-56.320647,-34.792983],[-56.321168,-34.792978],[-56.321612,-34.792815],[-56.322807,-34.79175],[-56.322933,-34.791511],[-56.322962,-34.791049],[-56.322697,-34.790696],[-56.322018,-34.790394],[-56.321143,-34.790147],[-56.320705,-34.789806],[-56.320676,-34.789459],[-56.320973,-34.788981],[-56.321779,-34.788499],[-56.322715,-34.788433],[-56.323507,-34.788685],[-56.324525,-34.788292],[-56.325028,-34.787474],[-56.325151,-34.786136],[-56.325346,-34.785376],[-56.325534,-34.785063],[-56.325839,-34.78489],[-56.326363,-34.784869],[-56.326769,-34.785007],[-56.327646,-34.785633],[-56.328253,-34.785897],[-56.328694,-34.785956],[-56.329127,-34.785831],[-56.32975,-34.785273],[-56.32998,-34.784721],[-56.33004,-34.784435],[-56.329977,-34.783252],[-56.330071,-34.782902],[-56.330263,-34.782765],[-56.330577,-34.782703],[-56.331093,-34.783045],[-56.331391,-34.783763],[-56.331795,-34.784103],[-56.332097,-34.784088],[-56.333823,-34.783627],[-56.336111,-34.783743],[-56.337803,-34.783642],[-56.338204,-34.78377],[-56.338675,-34.784125],[-56.339481,-34.785458],[-56.339885,-34.785677],[-56.340128,-34.785721],[-56.33984,-34.786063],[-56.339793,-34.786367],[-56.340316,-34.786764],[-56.340758,-34.787294],[-56.340794,-34.787498],[-56.340992,-34.787547],[-56.341261,-34.787483],[-56.341682,-34.787212],[-56.341799,-34.787032],[-56.342439,-34.786863],[-56.342876,-34.786986],[-56.343069,-34.787134],[-56.343501,-34.78713],[-56.343774,-34.787389],[-56.343956,-34.787299],[-56.344204,-34.787518],[-56.344496,-34.787494],[-56.345011,-34.787262],[-56.345132,-34.787046],[-56.345076,-34.786854],[-56.345407,-34.786774],[-56.345805,-34.786529],[-56.346792,-34.787176],[-56.34728,-34.787396],[-56.347562,-34.787351],[-56.347749,-34.78729],[-56.348271,-34.786528],[-56.349105,-34.7862],[-56.349821,-34.786032],[-56.353324,-34.785753],[-56.353862,-34.785602],[-56.35438,-34.785196],[-56.355031,-34.784124],[-56.351085,-34.783335],[-56.349236,-34.782644],[-56.348161,-34.78215],[-56.346679,-34.781051],[-56.345879,-34.780052],[-56.344715,-34.778384],[-56.343906,-34.776828],[-56.343557,-34.774225],[-56.34361,-34.772395],[-56.343795,-34.771228],[-56.344481,-34.76935],[-56.345634,-34.767544],[-56.34651,-34.765598],[-56.347459,-34.76219],[-56.347621,-34.760274],[-56.346611,-34.75899],[-56.344964,-34.757424],[-56.343042,-34.754259],[-56.342818,-34.75095],[-56.343488,-34.748542],[-56.345263,-34.745328],[-56.346822,-34.741673],[-56.348036,-34.737407],[-56.349788,-34.733176],[-56.350639,-34.731703],[-56.353762,-34.72763],[-56.353603,-34.72688],[-56.352771,-34.72533],[-56.351301,-34.723645],[-56.35043,-34.722924],[-56.350014,-34.722695],[-56.348161,-34.722049],[-56.347498,-34.721646],[-56.347072,-34.721003],[-56.346971,-34.720283],[-56.346638,-34.719357],[-56.346194,-34.718686],[-56.344969,-34.717521],[-56.344193,-34.716551],[-56.342447,-34.713394],[-56.341994,-34.713051],[-56.341016,-34.712982],[-56.339548,-34.713443],[-56.338959,-34.713899],[-56.337605,-34.715343],[-56.336789,-34.715702],[-56.336317,-34.715677],[-56.33575,-34.715212],[-56.334631,-34.71369],[-56.333309,-34.712558],[-56.330751,-34.711138],[-56.330168,-34.710573],[-56.329624,-34.709768],[-56.328616,-34.707841],[-56.32822,-34.706969],[-56.327616,-34.705258],[-56.327132,-34.704351],[-56.326286,-34.70348],[-56.324605,-34.702195],[-56.323978,-34.702091],[-56.322705,-34.702174],[-56.321713,-34.702087],[-56.320603,-34.702175],[-56.319604,-34.702353],[-56.317796,-34.702868],[-56.317325,-34.702683],[-56.316862,-34.702303],[-56.315907,-34.701855],[-56.315045,-34.701951],[-56.313712,-34.702639],[-56.313165,-34.703017],[-56.312901,-34.703526],[-56.312916,-34.704262],[-56.312637,-34.704873],[-56.3121,-34.704984],[-56.311724,-34.704934],[-56.311352,-34.704704],[-56.31109,-34.704266],[-56.310534,-34.703688],[-56.309738,-34.703731],[-56.309566,-34.703574],[-56.309411,-34.703267],[-56.30926,-34.703174],[-56.309058,-34.703221],[-56.308716,-34.703584],[-56.308568,-34.703923],[-56.30847,-34.704628],[-56.308682,-34.705116],[-56.308682,-34.70568],[-56.308322,-34.706094],[-56.307208,-34.706714],[-56.306588,-34.706843],[-56.30641,-34.70696],[-56.305358,-34.706644],[-56.305036,-34.706707],[-56.304899,-34.70681],[-56.304267,-34.70675],[-56.304046,-34.707097],[-56.304111,-34.707433],[-56.30401,-34.707592],[-56.304066,-34.707818],[-56.303773,-34.708306],[-56.303599,-34.708455],[-56.303034,-34.708508],[-56.302534,-34.708668],[-56.301965,-34.70856],[-56.301816,-34.708609],[-56.301718,-34.708999],[-56.301765,-34.709213],[-56.301662,-34.709374],[-56.301759,-34.709646],[-56.3015,-34.710185],[-56.300899,-34.71032],[-56.29978,-34.710767],[-56.299142,-34.710863],[-56.29888,-34.710989],[-56.298787,-34.711086],[-56.298682,-34.711599],[-56.298537,-34.711846],[-56.297418,-34.712275],[-56.297278,-34.712719],[-56.297376,-34.713488],[-56.296839,-34.714017],[-56.296729,-34.714351],[-56.296278,-34.714751],[-56.296273,-34.7153],[-56.29615,-34.715669],[-56.296268,-34.716195],[-56.295932,-34.716921],[-56.295985,-34.717138],[-56.29572,-34.717417],[-56.295402,-34.717503],[-56.29519,-34.717895],[-56.294993,-34.718073],[-56.294714,-34.718179],[-56.294223,-34.718181],[-56.293656,-34.718576],[-56.292616,-34.718904],[-56.292363,-34.719113],[-56.292091,-34.719165],[-56.291075,-34.718913],[-56.290424,-34.718386],[-56.290028,-34.718267],[-56.289707,-34.718403],[-56.289024,-34.718921],[-56.288686,-34.719277],[-56.28817,-34.719453],[-56.287804,-34.719801],[-56.287444,-34.720305],[-56.287299,-34.720581],[-56.287279,-34.720922],[-56.287399,-34.721049],[-56.2882,-34.721217],[-56.288296,-34.721455],[-56.288148,-34.72168],[-56.286698,-34.722726],[-56.286466,-34.723255],[-56.286014,-34.723625],[-56.285794,-34.723698],[-56.284917,-34.723779],[-56.284728,-34.723722],[-56.284541,-34.723807],[-56.284068,-34.723715],[-56.283679,-34.723744],[-56.282703,-34.724335],[-56.282094,-34.725161],[-56.281904,-34.725304],[-56.281859,-34.725477],[-56.281927,-34.726031],[-56.281863,-34.72613],[-56.281668,-34.726241],[-56.281139,-34.72624],[-56.28071,-34.726372],[-56.280218,-34.726353],[-56.279792,-34.726559],[-56.279669,-34.726737],[-56.279671,-34.726906],[-56.280057,-34.727806],[-56.280073,-34.72801],[-56.279901,-34.728317],[-56.279576,-34.728583],[-56.279439,-34.729088],[-56.279142,-34.72962],[-56.279083,-34.730087],[-56.279212,-34.730642],[-56.279195,-34.731119],[-56.278843,-34.732057],[-56.278705,-34.732819],[-56.278387,-34.73319],[-56.278165,-34.733992],[-56.277589,-34.735313],[-56.277469,-34.735866],[-56.277525,-34.736038],[-56.277838,-34.736249],[-56.277931,-34.736525],[-56.277879,-34.737049],[-56.27766,-34.737257],[-56.277673,-34.737559],[-56.277932,-34.73827],[-56.277432,-34.738823],[-56.276087,-34.738377],[-56.275609,-34.73834],[-56.275192,-34.738404],[-56.274519,-34.738693],[-56.273842,-34.738756],[-56.273184,-34.738941],[-56.272861,-34.739115],[-56.27253,-34.739473],[-56.272364,-34.739785],[-56.27225,-34.740579],[-56.272332,-34.740698],[-56.272889,-34.740971],[-56.273325,-34.741462],[-56.274257,-34.743705],[-56.274486,-34.744092],[-56.274648,-34.744684],[-56.273958,-34.745594],[-56.273577,-34.746774],[-56.272992,-34.747731],[-56.272101,-34.748506],[-56.271778,-34.749085],[-56.271595,-34.749638],[-56.271168,-34.74993],[-56.270986,-34.750292],[-56.270411,-34.75099],[-56.269512,-34.751046],[-56.2689,-34.751362],[-56.268065,-34.751327],[-56.26777,-34.751125],[-56.267293,-34.751161],[-56.26702,-34.75178],[-56.266398,-34.75238],[-56.266092,-34.752506],[-56.265372,-34.752529],[-56.265238,-34.752833],[-56.265094,-34.752952],[-56.264115,-34.753463],[-56.263858,-34.753816],[-56.262714,-34.754475],[-56.262489,-34.75443],[-56.262276,-34.754132],[-56.262044,-34.754075],[-56.261783,-34.753722],[-56.261556,-34.753563],[-56.260242,-34.75386],[-56.259004,-34.753657],[-56.258836,-34.75379],[-56.258658,-34.753711],[-56.257873,-34.753766],[-56.257547,-34.754028],[-56.257367,-34.754062],[-56.256965,-34.754043],[-56.256641,-34.753932],[-56.25599,-34.754005],[-56.255692,-34.75422],[-56.25557,-34.754456],[-56.255015,-34.754618],[-56.254638,-34.75496],[-56.254142,-34.755133],[-56.253822,-34.755707],[-56.253443,-34.755773],[-56.252707,-34.756055],[-56.252491,-34.756358],[-56.252177,-34.756519],[-56.251886,-34.756923],[-56.250611,-34.757428],[-56.250306,-34.757973],[-56.250323,-34.758275],[-56.250138,-34.758449],[-56.250123,-34.758818],[-56.249918,-34.758992],[-56.24811,-34.7596],[-56.247752,-34.759518],[-56.247337,-34.759659],[-56.247038,-34.75936],[-56.246649,-34.759381],[-56.245772,-34.760016],[-56.245291,-34.760617],[-56.244262,-34.760223],[-56.243892,-34.760304],[-56.243385,-34.760918],[-56.242929,-34.761143],[-56.242161,-34.761296],[-56.241609,-34.761567],[-56.241598,-34.761726],[-56.241373,-34.761785],[-56.240783,-34.762641],[-56.240435,-34.762902],[-56.240058,-34.763041],[-56.23871,-34.763266],[-56.238236,-34.763839],[-56.237593,-34.763821],[-56.237065,-34.763971],[-56.235086,-34.765157],[-56.234843,-34.765402],[-56.234745,-34.766108],[-56.234311,-34.766816],[-56.23441,-34.76754],[-56.234046,-34.767851],[-56.233626,-34.768645],[-56.233303,-34.769008],[-56.233097,-34.769088],[-56.232721,-34.76905],[-56.232319,-34.769671],[-56.231747,-34.769976],[-56.231143,-34.770146],[-56.230935,-34.770134],[-56.230607,-34.769925],[-56.230265,-34.769548],[-56.229993,-34.769419],[-56.228146,-34.769187],[-56.227995,-34.768947],[-56.228166,-34.76825],[-56.228139,-34.768061],[-56.228022,-34.767886],[-56.227751,-34.767774],[-56.227694,-34.768455],[-56.226895,-34.771417],[-56.225703,-34.776594],[-56.224404,-34.780608],[-56.229865,-34.777691],[-56.230059,-34.778014],[-56.230491,-34.778274],[-56.231036,-34.778225],[-56.232563,-34.778801],[-56.232569,-34.778877],[-56.233823,-34.779232],[-56.233993,-34.779493],[-56.234007,-34.779607],[-56.233055,-34.779745],[-56.231969,-34.780152],[-56.230343,-34.78103],[-56.230296,-34.781296],[-56.230603,-34.781736],[-56.230897,-34.781997],[-56.231869,-34.782662],[-56.23295,-34.783227],[-56.232543,-34.78344],[-56.232969,-34.783953],[-56.233712,-34.783577],[-56.233897,-34.783604],[-56.235044,-34.784155],[-56.235454,-34.784555],[-56.235529,-34.785067],[-56.235662,-34.785303],[-56.235827,-34.785987],[-56.235857,-34.786417],[-56.235763,-34.786763],[-56.235825,-34.787091],[-56.236238,-34.787743],[-56.236393,-34.788281],[-56.236365,-34.788545],[-56.236543,-34.788839],[-56.23659,-34.789329],[-56.236526,-34.789702],[-56.237007,-34.790667],[-56.237058,-34.791241],[-56.237368,-34.79199],[-56.237958,-34.792363],[-56.2381,-34.792606],[-56.238123,-34.793119],[-56.237976,-34.793553],[-56.237908,-34.794159],[-56.238056,-34.794418],[-56.238101,-34.794721],[-56.238474,-34.79521],[-56.238672,-34.795701],[-56.238771,-34.795988],[-56.238647,-34.796228],[-56.239095,-34.797452],[-56.239537,-34.797849],[-56.239668,-34.798194],[-56.239963,-34.79853],[-56.239967,-34.798709],[-56.239526,-34.799102],[-56.2423,-34.801309],[-56.240331,-34.803008],[-56.23949,-34.806781],[-56.237562,-34.806577],[-56.237477,-34.807187],[-56.237696,-34.807423],[-56.238354,-34.807716],[-56.239329,-34.80849],[-56.23956,-34.808798],[-56.239659,-34.809049],[-56.239545,-34.809459],[-56.239729,-34.809858],[-56.240215,-34.81044],[-56.240257,-34.810959],[-56.240633,-34.811534],[-56.240638,-34.812342],[-56.240812,-34.812736],[-56.240534,-34.814081],[-56.240816,-34.81429],[-56.241005,-34.814724],[-56.241391,-34.815085],[-56.24178,-34.816275],[-56.241825,-34.816816],[-56.242508,-34.817262],[-56.242926,-34.817438],[-56.243081,-34.817734],[-56.243747,-34.818302],[-56.2445,-34.818494],[-56.244956,-34.818473],[-56.245128,-34.818233],[-56.24563,-34.817972],[-56.245837,-34.817971],[-56.245978,-34.818058],[-56.246375,-34.817957],[-56.246829,-34.817599],[-56.247014,-34.8171],[-56.247341,-34.816837],[-56.247637,-34.81677],[-56.24801,-34.816866],[-56.248606,-34.816744],[-56.249323,-34.816433],[-56.25048,-34.816503],[-56.251092,-34.816929],[-56.251913,-34.81729],[-56.252103,-34.817448],[-56.253159,-34.817672],[-56.253445,-34.817584],[-56.254387,-34.817537],[-56.255258,-34.817369],[-56.255584,-34.817194],[-56.255974,-34.817135],[-56.256968,-34.817196],[-56.257264,-34.817629],[-56.257252,-34.817931],[-56.257605,-34.818656],[-56.257643,-34.81886],[-56.257474,-34.819107],[-56.257526,-34.819302],[-56.257997,-34.820141],[-56.258347,-34.820629],[-56.259295,-34.821141],[-56.259607,-34.821482],[-56.259612,-34.821676],[-56.259236,-34.822115],[-56.259169,-34.822544],[-56.25902,-34.822829],[-56.259249,-34.823256],[-56.260324,-34.823411],[-56.260896,-34.823899],[-56.261125,-34.823808],[-56.261559,-34.823846],[-56.262211,-34.823733],[-56.26259,-34.823836],[-56.262926,-34.823992],[-56.263076,-34.824171],[-56.263267,-34.824944],[-56.263516,-34.825112],[-56.264281,-34.825346],[-56.264955,-34.82515],[-56.265386,-34.824664],[-56.265664,-34.824575],[-56.266616,-34.82475],[-56.267029,-34.82529],[-56.267188,-34.825381],[-56.267769,-34.825544],[-56.268858,-34.825454],[-56.269195,-34.825818],[-56.269654,-34.825824],[-56.269504,-34.825372],[-56.269552,-34.824872],[-56.27092,-34.824238],[-56.271574,-34.824042],[-56.271672,-34.823847],[-56.271666,-34.8234],[-56.27183,-34.82322],[-56.272092,-34.823112],[-56.272348,-34.823115],[-56.273882,-34.823509],[-56.274107,-34.823428],[-56.2745,-34.823016],[-56.274775,-34.822841],[-56.272134,-34.819313],[-56.271474,-34.818945],[-56.271156,-34.818966],[-56.271056,-34.818872],[-56.271127,-34.818651],[-56.271466,-34.81869],[-56.288902,-34.809804]]]]}},{"type":"Feature","properties":{"nombre":"Ciudad Vieja","departamento":"Montevideo"},"geometry":{"type":"MultiPolygon","coordinates":[[[[-56.215415,-34.9111],[-56.222888,-34.913417],[-56.222827,-34.913304],[-56.217496,-34.911614],[-56.217467,-34.91145],[-56.21757,-34.910975],[-56.217797,-34.910485],[-56.218119,-34.910815],[-56.218473,-34.910918],[-56.218881,-34.910671],[-56.21899,-34.910519],[-56.218948,-34.910312],[-56.218626,-34.910057],[-56.21909,-34.910137],[-56.219534,-34.909965],[-56.219645,-34.909797],[-56.21962,-34.909478],[-56.220044,-34.908962],[-56.220113,-34.908526],[-56.21999,-34.90847],[-56.220071,-34.908385],[-56.220223,-34.908432],[-56.220066,-34.908352],[-56.220101,-34.908266],[-56.21998,-34.908244],[-56.21995,-34.908116],[-56.2197,-34.90792],[-56.2199,-34.907885],[-56.220126,-34.908013],[-56.220103,-34.907949],[-56.219357,-34.907553],[-56.218788,-34.907556],[-56.218374,-34.907762],[-56.217902,-34.907595],[-56.220512,-34.906935],[-56.221875,-34.907575],[-56.222078,-34.907418],[-56.223025,-34.905978],[-56.217131,-34.902973],[-56.217006,-34.902982],[-56.214059,-34.904908],[-56.213135,-34.90462],[-56.214059,-34.902694],[-56.214179,-34.902625],[-56.214309,-34.902659],[-56.214396,-34.902473],[-56.214208,-34.902412],[-56.214691,-34.901408],[-56.214175,-34.90126],[-56.211552,-34.902955],[-56.206478,-34.901417],[-56.206459,-34.901292],[-56.20899,-34.899665],[-56.208979,-34.899551],[-56.207474,-34.89904],[-56.204632,-34.900844],[-56.200553,-34.899612],[-56.200392,-34.899994],[-56.200318,-34.899994],[-56.198328,-34.899255],[-56.200418,-34.894585],[-56.200298,-34.894553],[-56.200513,-34.894073],[-56.198467,-34.892828],[-56.198467,-34.892436],[-56.19873,-34.892159],[-56.198855,-34.892418],[-56.198988,-34.892367],[-56.199472,-34.892451],[-56.199785,-34.892324],[-56.200546,-34.892506],[-56.201609,-34.892963],[-56.202,-34.893043],[-56.202085,-34.892934],[-56.20199,-34.892757],[-56.201927,-34.892215],[-56.202183,-34.891756],[-56.202008,-34.891404],[-56.202166,-34.891196],[-56.201977,-34.891121],[-56.202115,-34.891128],[-56.20206,-34.891067],[-56.202663,-34.89112],[-56.202793,-34.890815],[-56.203187,-34.890483],[-56.2033,-34.890164],[-56.204362,-34.889903],[-56.204776,-34.889649],[-56.205073,-34.889245],[-56.205048,-34.88902],[-56.205149,-34.88871],[-56.204881,-34.888163],[-56.204302,-34.887679],[-56.20365,-34.887581],[-56.202742,-34.887318],[-56.202119,-34.887615],[-56.202076,-34.887783],[-56.20222,-34.887878],[-56.202156,-34.887935],[-56.200596,-34.887845],[-56.200779,-34.887212],[-56.200735,-34.886889],[-56.200547,-34.886587],[-56.200528,-34.886328],[-56.200427,-34.886126],[-56.199819,-34.885607],[-56.199634,-34.885235],[-56.199433,-34.885062],[-56.200078,-34.885107],[-56.200082,-34.885039],[-56.199458,-34.88499],[-56.199562,-34.88474],[-56.199713,-34.884613],[-56.19941,-34.88468],[-56.199312,-34.884504],[-56.199406,-34.884356],[-56.199575,-34.884424],[-56.199831,-34.88427],[-56.199874,-34.884165],[-56.199752,-34.883972],[-56.200018,-34.883305],[-56.200184,-34.883117],[-56.199769,-34.8827],[-56.198646,-34.883868],[-56.198388,-34.884291],[-56.198261,-34.884711],[-56.197917,-34.887082],[-56.19591,-34.886932],[-56.195646,-34.889538],[-56.195695,-34.889928],[-56.195311,-34.892478],[-56.194738,-34.898413],[-56.194887,-34.89888],[-56.1952,-34.899158],[-56.199179,-34.900559],[-56.200298,-34.901082],[-56.199799,-34.901076],[-56.199279,-34.905991],[-56.198828,-34.906016],[-56.198721,-34.906439],[-56.198108,-34.906393],[-56.19764,-34.910933],[-56.197216,-34.911481],[-56.200139,-34.910684],[-56.200829,-34.910659],[-56.196474,-34.911813],[-56.199441,-34.912037],[-56.199684,-34.911955],[-56.199803,-34.911785],[-56.199931,-34.912023],[-56.200103,-34.912039],[-56.200141,-34.911892],[-56.200332,-34.911748],[-56.20009,-34.9116],[-56.2001,-34.911248],[-56.200545,-34.910879],[-56.20132,-34.910696],[-56.201485,-34.910812],[-56.202296,-34.910922],[-56.202948,-34.910692],[-56.203943,-34.910788],[-56.204105,-34.910749],[-56.204161,-34.910655],[-56.204354,-34.910651],[-56.204641,-34.910693],[-56.204758,-34.910813],[-56.204883,-34.910738],[-56.205531,-34.91087],[-56.20599,-34.9113],[-56.207179,-34.911511],[-56.207772,-34.911499],[-56.208732,-34.911834],[-56.209337,-34.911959],[-56.210577,-34.912016],[-56.210519,-34.912176],[-56.210471,-34.912139],[-56.210526,-34.91225],[-56.21069,-34.912173],[-56.210588,-34.912148],[-56.210657,-34.912011],[-56.211504,-34.91187],[-56.212188,-34.911651],[-56.212811,-34.911354],[-56.213481,-34.910881],[-56.214383,-34.911128],[-56.214826,-34.910878],[-56.215415,-34.9111]]]]}},{"type":"Feature","properties":{"nombre":"Parque Batlle, Villa Dolores","departamento":"Montevideo"},"geometry":{"type":"MultiPolygon","coordinates":[[[[-56.161402,-34.902839],[-56.162758,-34.902606],[-56.164271,-34.902206],[-56.164917,-34.896307],[-56.164714,-34.89628],[-56.164856,-34.895035],[-56.162542,-34.894015],[-56.162681,-34.893949],[-56.159286,-34.892136],[-56.150667,-34.890003],[-56.146778,-34.888324],[-56.144287,-34.887361],[-56.142288,-34.886734],[-56.141252,-34.886593],[-56.138199,-34.886471],[-56.132516,-34.890985],[-56.137168,-34.89312],[-56.136573,-34.894037],[-56.13904,-34.894394],[-56.143345,-34.895578],[-56.141896,-34.899536],[-56.140781,-34.899269],[-56.139915,-34.901653],[-56.143529,-34.90251],[-56.145899,-34.902836],[-56.149851,-34.903041],[-56.154324,-34.903137],[-56.159123,-34.903106],[-56.161402,-34.902839]]]]}},{"type":"Feature","properties":{"nombre":"Malvín Norte","departamento":"Montevideo"},"geometry":{"type":"MultiPolygon","coordinates":[[[[-56.124153,-34.882726],[-56.125603,-34.882259],[-56.125489,-34.88185],[-56.125765,-34.88177],[-56.126713,-34.881644],[-56.128289,-34.881805],[-56.126134,-34.875324],[-56.126767,-34.87338],[-56.125577,-34.873328],[-56.120822,-34.872207],[-56.117002,-34.87159],[-56.115905,-34.87122],[-56.115757,-34.871493],[-56.112085,-34.876051],[-56.111191,-34.877916],[-56.111141,-34.878179],[-56.111498,-34.88151],[-56.111466,-34.882417],[-56.11117,-34.883655],[-56.111521,-34.88383],[-56.112712,-34.884126],[-56.114368,-34.884692],[-56.116667,-34.884598],[-56.118844,-34.884418],[-56.121179,-34.883963],[-56.12275,-34.883436],[-56.124153,-34.882726]]]]}},{"type":"Feature","properties":{"nombre":"Carrasco Norte","departamento":"Montevideo"},"geometry":{"type":"MultiPolygon","coordinates":[[[[-56.083284,-34.883114],[-56.083667,-34.881873],[-56.084063,-34.881021],[-56.085667,-34.87917],[-56.094467,-34.873623],[-56.096616,-34.87265],[-56.096727,-34.872411],[-56.092953,-34.872124],[-56.080845,-34.870013],[-56.079606,-34.869983],[-56.070946,-34.870176],[-56.069916,-34.870099],[-56.06889,-34.869876],[-56.0614,-34.867416],[-56.06089,-34.867213],[-56.059905,-34.866651],[-56.058985,-34.867726],[-56.058276,-34.868193],[-56.056416,-34.868608],[-56.05315,-34.869493],[-56.052096,-34.869508],[-56.051578,-34.869394],[-56.050695,-34.868788],[-56.050025,-34.868551],[-56.048075,-34.867633],[-56.047697,-34.867534],[-56.047249,-34.867531],[-56.046428,-34.867718],[-56.045843,-34.868136],[-56.045254,-34.868431],[-56.043845,-34.868602],[-56.042586,-34.868549],[-56.041977,-34.868688],[-56.041625,-34.868886],[-56.041365,-34.869179],[-56.041392,-34.869701],[-56.04116,-34.870203],[-56.04024,-34.870906],[-56.040556,-34.871228],[-56.04069,-34.871508],[-56.040688,-34.871874],[-56.040521,-34.872236],[-56.040261,-34.872345],[-56.039943,-34.872292],[-56.039752,-34.872363],[-56.039289,-34.873072],[-56.038689,-34.87353],[-56.038307,-34.874097],[-56.0383,-34.874222],[-56.038392,-34.87431],[-56.038633,-34.874368],[-56.043974,-34.874783],[-56.043854,-34.875808],[-56.044723,-34.875832],[-56.045025,-34.875932],[-56.051363,-34.876498],[-56.051492,-34.875367],[-56.058066,-34.875882],[-56.05791,-34.877084],[-56.062958,-34.877534],[-56.062837,-34.877754],[-56.062153,-34.877696],[-56.063148,-34.879791],[-56.063331,-34.879791],[-56.06343,-34.879902],[-56.06457,-34.879756],[-56.06561,-34.879848],[-56.068686,-34.880882],[-56.069873,-34.878517],[-56.070897,-34.878808],[-56.083284,-34.883114]]]]}}]}