{"type":"FeatureCollection","srid":4326,"features":[{"type":"Feature","properties":{"nombre":"Arrocera Bonomo","departamento":"Treinta y Tres"},"geometry":{"type":"MultiPolygon","coordinates":[[[[-53.932709,-33.150885],[-53.935284,-33.150761],[-53.935129,-33.148703],[-53.932078,-33.148858],[-53.932709,-33.150885]]]]}},{"type":"Feature","properties":{"nombre":"Castillos","departamento":"Soriano"},"geometry":{"type":"MultiPolygon","coordinates":[[[[-57.74335,-33.8506],[-57.743053,-33.850623],[-57.742809,-33.853063],[-57.743647,-33.852984],[-57.743709,-33.853649],[-57.747215,-33.85327],[-57.747349,-33.852037],[-57.750757,-33.851998],[-57.750764,-33.851638],[-57.750604,-33.850862],[-57.750685,-33.850605],[-57.75067,-33.850167],[-57.750788,-33.849881],[-57.750335,-33.848592],[-57.750019,-33.848442],[-57.749884,-33.848223],[-57.749823,-33.847282],[-57.749882,-33.846866],[-57.749608,-33.846114],[-57.747723,-33.846145],[-57.747616,-33.846263],[-57.747593,-33.846715],[-57.747261,-33.846722],[-57.747252,-33.846912],[-57.746435,-33.846986],[-57.746337,-33.848755],[-57.744419,-33.849021],[-57.744479,-33.849511],[-57.744006,-33.850501],[-57.74335,-33.8506]]]]}},{"type":"Feature","properties":{"nombre":"Capacho","departamento":"Rocha"},"geometry":{"type":"MultiPolygon","coordinates":[[[[-53.529345,-33.897064],[-53.531955,-33.896926],[-53.531859,-33.896051],[-53.532274,-33.89598],[-53.532238,-33.89571],[-53.533012,-33.89552],[-53.532894,-33.894177],[-53.533253,-33.894126],[-53.533179,-33.893161],[-53.532934,-33.89173],[-53.529244,-33.892311],[-53.52924,-33.892412],[-53.527314,-33.892647],[-53.527282,-33.892569],[-53.526295,-33.892714],[-53.526064,-33.892831],[-53.524526,-33.893029],[-53.524662,-33.894759],[-53.524528,-33.895417],[-53.524831,-33.89543],[-53.524975,-33.895669],[-53.524705,-33.896145],[-53.524583,-33.896965],[-53.524726,-33.89689],[-53.524991,-33.896944],[-53.525042,-33.8973],[-53.525234,-33.897349],[-53.529345,-33.897064]]]]}},{"type":"Feature","properties":{"nombre":"Artigas","departamento":"Artigas"},"geometry":{"type":"MultiPolygon","coordinates":[[[[-56.495627,-30.422383],[-56.495938,-30.421851],[-56.496424,-30.42142],[-56.496645,-30.421062],[-56.496079,-30.420887],[-56.495642,-30.420911],[-56.49534,-30.420752],[-56.495352,-30.420492],[-56.495488,-30.420244],[-56.496409,-30.419618],[-56.496705,-30.41926],[-56.496482,-30.419138],[-56.496219,-30.419226],[-56.495993,-30.419187],[-56.495913,-30.418941],[-56.496093,-30.418235],[-56.496866,-30.417478],[-56.497072,-30.417377],[-56.497724,-30.417304],[-56.498384,-30.416809],[-56.498528,-30.416565],[-56.498501,-30.416489],[-56.498239,-30.416424],[-56.497761,-30.415983],[-56.497162,-30.414853],[-56.497236,-30.414023],[-56.49737,-30.413539],[-56.497658,-30.412951],[-56.497699,-30.41198],[-56.497602,-30.411882],[-56.497141,-30.411797],[-56.497177,-30.41135],[-56.496954,-30.410856],[-56.496894,-30.410502],[-56.496547,-30.409844],[-56.496008,-30.409084],[-56.49571,-30.408846],[-56.495587,-30.408415],[-56.495351,-30.408041],[-56.495316,-30.407528],[-56.495067,-30.406928],[-56.495174,-30.406097],[-56.495121,-30.405908],[-56.495328,-30.405164],[-56.494859,-30.404393],[-56.494686,-30.404317],[-56.4945,-30.404043],[-56.494239,-30.403919],[-56.494113,-30.403735],[-56.493986,-30.403507],[-56.49393,-30.402965],[-56.494079,-30.402522],[-56.494429,-30.402025],[-56.494539,-30.401264],[-56.494361,-30.400949],[-56.494876,-30.399484],[-56.495052,-30.399396],[-56.49527,-30.399456],[-56.49546,-30.39938],[-56.495791,-30.398744],[-56.495893,-30.398433],[-56.495778,-30.398271],[-56.495899,-30.398061],[-56.496401,-30.397592],[-56.497269,-30.396973],[-56.49742,-30.396615],[-56.497387,-30.396247],[-56.497184,-30.395609],[-56.496944,-30.395329],[-56.496215,-30.394843],[-56.495732,-30.394011],[-56.495458,-30.393776],[-56.49418,-30.394193],[-56.493779,-30.394225],[-56.493237,-30.394121],[-56.493248,-30.394289],[-56.492982,-30.394638],[-56.492663,-30.394887],[-56.492107,-30.395669],[-56.492131,-30.396609],[-56.492442,-30.397452],[-56.492335,-30.397788],[-56.49204,-30.398007],[-56.49063,-30.398585],[-56.489069,-30.398953],[-56.487692,-30.398995],[-56.487522,-30.399105],[-56.487003,-30.39921],[-56.485829,-30.399159],[-56.484666,-30.39925],[-56.483771,-30.399173],[-56.483339,-30.398933],[-56.482303,-30.397642],[-56.481514,-30.396112],[-56.480819,-30.394187],[-56.480546,-30.393722],[-56.480086,-30.392378],[-56.479344,-30.39192],[-56.479064,-30.391669],[-56.479054,-30.391574],[-56.478415,-30.391232],[-56.47728,-30.390213],[-56.477152,-30.390019],[-56.476786,-30.389838],[-56.476458,-30.389383],[-56.476318,-30.389377],[-56.476239,-30.389462],[-56.476184,-30.389346],[-56.475313,-30.388855],[-56.474808,-30.388755],[-56.47291,-30.387957],[-56.47166,-30.387659],[-56.471367,-30.387697],[-56.471147,-30.387498],[-56.471015,-30.387548],[-56.469671,-30.38734],[-56.468818,-30.387075],[-56.468631,-30.386933],[-56.46761,-30.38655],[-56.466739,-30.385433],[-56.466165,-30.385603],[-56.465599,-30.385507],[-56.46486,-30.385511],[-56.464712,-30.385348],[-56.464479,-30.385261],[-56.464158,-30.385245],[-56.463944,-30.385321],[-56.463584,-30.385193],[-56.4633,-30.385235],[-56.463094,-30.385108],[-56.462977,-30.384912],[-56.462705,-30.384844],[-56.461785,-30.385209],[-56.461256,-30.385524],[-56.461239,-30.385874],[-56.461032,-30.385983],[-56.460981,-30.386312],[-56.460875,-30.386481],[-56.460993,-30.386665],[-56.460901,-30.386827],[-56.460891,-30.387078],[-56.460695,-30.387137],[-56.460667,-30.387251],[-56.460178,-30.387667],[-56.459593,-30.387958],[-56.458934,-30.389039],[-56.458262,-30.389437],[-56.458063,-30.389687],[-56.457878,-30.390202],[-56.457276,-30.391097],[-56.457442,-30.391468],[-56.457362,-30.391741],[-56.45695,-30.392043],[-56.456728,-30.392048],[-56.456375,-30.392519],[-56.456201,-30.392546],[-56.456315,-30.392789],[-56.456042,-30.393534],[-56.45599,-30.39519],[-56.45587,-30.395739],[-56.45592,-30.395969],[-56.455629,-30.398126],[-56.455341,-30.399115],[-56.455225,-30.399228],[-56.455035,-30.399738],[-56.454794,-30.401128],[-56.45413,-30.402342],[-56.453037,-30.40369],[-56.450971,-30.405794],[-56.450139,-30.406525],[-56.449986,-30.406763],[-56.449379,-30.407149],[-56.44872,-30.407772],[-56.44797,-30.40833],[-56.447911,-30.408473],[-56.44769,-30.408544],[-56.446377,-30.409803],[-56.446232,-30.410075],[-56.446063,-30.410157],[-56.445818,-30.410747],[-56.445497,-30.411053],[-56.445181,-30.411648],[-56.444773,-30.413276],[-56.444727,-30.414363],[-56.444835,-30.414692],[-56.445236,-30.41515],[-56.447504,-30.416567],[-56.449671,-30.417497],[-56.451177,-30.418467],[-56.451937,-30.418792],[-56.452077,-30.418973],[-56.452198,-30.419516],[-56.452757,-30.420107],[-56.453079,-30.420251],[-56.453904,-30.420388],[-56.453753,-30.420447],[-56.453769,-30.420534],[-56.454156,-30.420936],[-56.45422,-30.42127],[-56.454572,-30.421731],[-56.454603,-30.422254],[-56.454505,-30.422552],[-56.454245,-30.422873],[-56.453993,-30.422961],[-56.453855,-30.423161],[-56.453688,-30.423211],[-56.45381,-30.4234],[-56.453974,-30.423493],[-56.458851,-30.424128],[-56.459027,-30.424084],[-56.458178,-30.427602],[-56.45842,-30.427683],[-56.458385,-30.427795],[-56.4591,-30.427902],[-56.460071,-30.427656],[-56.461511,-30.428077],[-56.463046,-30.427916],[-56.464773,-30.428382],[-56.464473,-30.42876],[-56.46432,-30.428785],[-56.464175,-30.429168],[-56.466791,-30.429335],[-56.469613,-30.429353],[-56.469816,-30.42916],[-56.472943,-30.429294],[-56.472969,-30.428288],[-56.475925,-30.428286],[-56.475953,-30.428652],[-56.477558,-30.428517],[-56.477616,-30.428788],[-56.477998,-30.428753],[-56.478001,-30.428388],[-56.478698,-30.428544],[-56.479394,-30.428546],[-56.47952,-30.428499],[-56.479849,-30.428122],[-56.480101,-30.428012],[-56.480889,-30.427245],[-56.484275,-30.42371],[-56.493337,-30.430511],[-56.493617,-30.430088],[-56.493917,-30.428721],[-56.49392,-30.428376],[-56.493477,-30.427692],[-56.493415,-30.427402],[-56.4933,-30.427267],[-56.493358,-30.426777],[-56.493048,-30.426229],[-56.493006,-30.425951],[-56.49308,-30.425827],[-56.493474,-30.425607],[-56.494725,-30.425505],[-56.494872,-30.425303],[-56.494701,-30.424836],[-56.49428,-30.424641],[-56.493752,-30.424192],[-56.493538,-30.424128],[-56.493618,-30.423903],[-56.493593,-30.423689],[-56.493683,-30.423591],[-56.494246,-30.42351],[-56.494882,-30.423278],[-56.495627,-30.422383]]]]}},{"type":"Feature","properties":{"nombre":"Quintana","departamento":"Salto"},"geometry":{"type":"MultiPolygon","coordinates":[[[[-56.392116,-31.352579],[-56.39299,-31.352586],[-56.392981,-31.352705],[-56.394259,-31.352662],[-56.395523,-31.351745],[-56.395443,-31.350536],[-56.396488,-31.350717],[-56.396315,-31.349743],[-56.396552,-31.349714],[-56.395494,-31.347854],[-56.396162,-31.347612],[-56.39673,-31.347602],[-56.396717,-31.347393],[-56.397201,-31.347365],[-56.397073,-31.346622],[-56.395187,-31.346889],[-56.395429,-31.347494],[-56.394925,-31.347508],[-56.394621,-31.347797],[-56.394668,-31.348143],[-56.392846,-31.348914],[-56.392823,-31.348852],[-56.39208,-31.349085],[-56.392045,-31.349231],[-56.392444,-31.350007],[-56.391188,-31.35007],[-56.390665,-31.35134],[-56.392111,-31.351227],[-56.392116,-31.352579]]]]}},{"type":"Feature","properties":{"nombre":"Perseverano","departamento":"Soriano"},"geometry":{"type":"MultiPolygon","coordinates":[[[[-57.793099,-33.832716],[-57.79361,-33.832774],[-57.793468,-33.832616],[-57.793253,-33.83256],[-57.793454,-33.83234],[-57.790348,-33.829425],[-57.788994,-33.82893],[-57.789037,-33.82882],[-57.789657,-33.828555],[-57.789175,-33.827927],[-57.788256,-33.82879],[-57.788262,-33.82987],[-57.788184,-33.830083],[-57.790306,-33.830533],[-57.792538,-33.832675],[-57.793099,-33.832716]]]]}},{"type":"Feature","properties":{"nombre":"Celeste","departamento":"Salto"},"geometry":{"type":"MultiPolygon","coordinates":[[[[-57.117593,-31.313803],[-57.118409,-31.315344],[-57.118169,-31.316471],[-57.118876,-31.316624],[-57.118995,-31.316178],[-57.121631,-31.315036],[-57.12187,-31.314825],[-57.121586,-31.313214],[-57.119482,-31.313397],[-57.119442,-31.313664],[-57.117593,-31.313803]]]]}},{"type":"Feature","properties":{"nombre":"Maldonado","departamento":"Maldonado"},"geometry":{"type":"MultiPolygon","coordinates":[[[[-55.000823,-34.910675],[-55.004577,-34.910078],[-55.008398,-34.909738],[-55.008161,-34.908851],[-55.006494,-34.908993],[-55.006269,-34.90876],[-55.006183,-34.908372],[-55.006246,-34.908289],[-55.006158,-34.908259],[-55.005925,-34.907791],[-55.005916,-34.907362],[-55.005687,-34.906495],[-55.005576,-34.906191],[-55.005435,-34.906127],[-55.005297,-34.905912],[-55.005176,-34.905302],[-55.005264,-34.9051],[-55.005244,-34.904619],[-55.005408,-34.904435],[-55.005866,-34.903271],[-55.006263,-34.902701],[-55.006672,-34.902395],[-55.00648,-34.90218],[-55.005982,-34.90078],[-55.005817,-34.899686],[-55.005665,-34.899232],[-55.00533,-34.898722],[-55.004478,-34.897783],[-55.003323,-34.89691],[-55.003239,-34.896456],[-55.002552,-34.896044],[-55.002436,-34.895465],[-55.002514,-34.895188],[-55.003115,-34.895014],[-55.003359,-34.894749],[-55.00316,-34.894626],[-55.003151,-34.894479],[-55.003248,-34.894357],[-55.003595,-34.894371],[-55.003767,-34.894053],[-55.00398,-34.893933],[-55.004677,-34.893945],[-55.004807,-34.894038],[-55.004867,-34.894282],[-55.005046,-34.894458],[-55.005531,-34.894806],[-55.005816,-34.895205],[-55.006031,-34.895272],[-55.006184,-34.89523],[-55.006234,-34.895046],[-55.006426,-34.894946],[-55.006781,-34.89498],[-55.006849,-34.894858],[-55.006768,-34.894722],[-55.007089,-34.894353],[-55.006128,-34.893476],[-55.005999,-34.893258],[-55.005252,-34.893026],[-55.005239,-34.892833],[-55.004145,-34.891545],[-55.003629,-34.891339],[-55.002754,-34.891236],[-55.002548,-34.89054],[-55.001711,-34.890308],[-55.001015,-34.889716],[-55.00032,-34.888943],[-55.000281,-34.888673],[-55.000358,-34.888518],[-55.001412,-34.887448],[-55.001569,-34.886986],[-55.001453,-34.886625],[-55.001195,-34.886368],[-55.001118,-34.886149],[-55.001286,-34.885814],[-55.001324,-34.885428],[-55.000989,-34.884668],[-55.000745,-34.88347],[-55.000535,-34.88302],[-55.004726,-34.882459],[-55.004722,-34.88238],[-55.005263,-34.882401],[-55.00942,-34.883143],[-55.01096,-34.883496],[-55.012977,-34.883812],[-55.012418,-34.877592],[-55.01237,-34.876017],[-55.014006,-34.875888],[-55.012764,-34.872404],[-55.011572,-34.872469],[-55.011524,-34.87102],[-54.99783,-34.871482],[-54.997668,-34.867854],[-54.997712,-34.865778],[-54.99203,-34.865394],[-54.991089,-34.865157],[-54.987808,-34.864845],[-54.986704,-34.860627],[-54.986896,-34.85909],[-54.985885,-34.859027],[-54.985954,-34.858069],[-54.981644,-34.857893],[-54.979785,-34.857973],[-54.979308,-34.857384],[-54.979269,-34.857201],[-54.979401,-34.856929],[-54.980534,-34.855994],[-54.976021,-34.852877],[-54.97401,-34.860681],[-54.973292,-34.859856],[-54.968862,-34.857485],[-54.965527,-34.857273],[-54.963734,-34.856998],[-54.953955,-34.857229],[-54.953867,-34.857346],[-54.953842,-34.857832],[-54.944541,-34.858039],[-54.944941,-34.858945],[-54.945489,-34.859838],[-54.945363,-34.860125],[-54.950044,-34.869009],[-54.950181,-34.869869],[-54.950405,-34.876289],[-54.949525,-34.876314],[-54.949059,-34.876042],[-54.948716,-34.875484],[-54.948802,-34.875159],[-54.949175,-34.874737],[-54.949322,-34.874439],[-54.949229,-34.873973],[-54.949533,-34.87347],[-54.949597,-34.873034],[-54.949407,-34.872662],[-54.949377,-34.872387],[-54.94923,-34.872274],[-54.948767,-34.871527],[-54.947818,-34.87078],[-54.947717,-34.870001],[-54.947747,-34.869574],[-54.947223,-34.869195],[-54.947013,-34.868948],[-54.946402,-34.868838],[-54.946029,-34.8686],[-54.945832,-34.868311],[-54.945227,-34.867934],[-54.945062,-34.867717],[-54.944389,-34.867345],[-54.943976,-34.866872],[-54.943948,-34.866734],[-54.942059,-34.865496],[-54.935718,-34.858317],[-54.923504,-34.858514],[-54.92359,-34.858335],[-54.922144,-34.857747],[-54.921505,-34.859844],[-54.91907,-34.864662],[-54.917944,-34.867306],[-54.916804,-34.872417],[-54.916518,-34.875254],[-54.916107,-34.877009],[-54.915605,-34.87772],[-54.914605,-34.878643],[-54.912002,-34.880653],[-54.910105,-34.882285],[-54.908674,-34.883251],[-54.906724,-34.884253],[-54.90329,-34.885522],[-54.902146,-34.886101],[-54.901239,-34.886872],[-54.900942,-34.887294],[-54.900547,-34.888192],[-54.899611,-34.891493],[-54.898719,-34.89356],[-54.897442,-34.895915],[-54.895421,-34.897981],[-54.894979,-34.898547],[-54.894262,-34.900001],[-54.892804,-34.901197],[-54.891105,-34.902398],[-54.889502,-34.903206],[-54.885718,-34.904221],[-54.885361,-34.904346],[-54.884681,-34.904757],[-54.884126,-34.905223],[-54.881836,-34.908389],[-54.879322,-34.910304],[-54.878678,-34.910474],[-54.877765,-34.910563],[-54.87331,-34.910948],[-54.872858,-34.91093],[-54.872837,-34.911595],[-54.8725,-34.911574],[-54.872482,-34.912129],[-54.87237,-34.912285],[-54.872452,-34.912439],[-54.872791,-34.912558],[-54.873494,-34.91313],[-54.874245,-34.91351],[-54.875728,-34.91393],[-54.876033,-34.914129],[-54.876351,-34.914138],[-54.877263,-34.914521],[-54.879196,-34.915116],[-54.880086,-34.915184],[-54.881015,-34.914974],[-54.881268,-34.915015],[-54.88143,-34.915129],[-54.881474,-34.91483],[-54.881801,-34.91462],[-54.882561,-34.914439],[-54.883161,-34.914451],[-54.893676,-34.9168],[-54.908283,-34.916048],[-54.920059,-34.915348],[-54.921304,-34.915158],[-54.921546,-34.914977],[-54.921794,-34.914917],[-54.922364,-34.915151],[-54.923675,-34.915105],[-54.927285,-34.914836],[-54.932993,-34.914136],[-54.9345,-34.914461],[-54.935582,-34.914601],[-54.938429,-34.914823],[-54.940694,-34.913997],[-54.941319,-34.913518],[-54.941441,-34.913656],[-54.941877,-34.913711],[-54.943255,-34.914263],[-54.944262,-34.914509],[-54.944756,-34.914465],[-54.944936,-34.914626],[-54.944922,-34.914812],[-54.94593,-34.915178],[-54.946711,-34.914925],[-54.947279,-34.914908],[-54.947871,-34.914997],[-54.948461,-34.914918],[-54.950176,-34.914221],[-54.953203,-34.912833],[-54.953162,-34.914022],[-54.953066,-34.914583],[-54.953146,-34.914616],[-54.95305,-34.914818],[-54.953165,-34.914931],[-54.953172,-34.915062],[-54.953075,-34.915195],[-54.953129,-34.915468],[-54.952867,-34.922027],[-54.953194,-34.93024],[-54.953217,-34.93035],[-54.953366,-34.930415],[-54.953262,-34.930474],[-54.953248,-34.930899],[-54.953304,-34.932929],[-54.955286,-34.934409],[-54.95688,-34.933014],[-54.957673,-34.932458],[-54.960012,-34.930399],[-54.962696,-34.927876],[-54.968088,-34.923284],[-54.971178,-34.921185],[-54.974248,-34.919387],[-54.978978,-34.917269],[-54.981308,-34.91631],[-54.987938,-34.913965],[-54.993782,-34.9122],[-55.000823,-34.910675]]]]}},{"type":"Feature","properties":{"nombre":"Arrocera San Fernando","departamento":"Treinta y Tres"},"geometry":{"type":"MultiPolygon","coordinates":[[[[-53.415431,-32.80417],[-53.416088,-32.803849],[-53.415588,-32.803405],[-53.415193,-32.803592],[-53.414312,-32.80307],[-53.41312,-32.800565],[-53.412384,-32.800868],[-53.41291,-32.802184],[-53.413021,-32.802735],[-53.412017,-32.803283],[-53.412634,-32.804072],[-53.412775,-32.804154],[-53.413632,-32.804036],[-53.414932,-32.804406],[-53.415431,-32.80417]]]]}},{"type":"Feature","properties":{"nombre":"Villa Maria (Tiatucura)","departamento":"Paysandú"},"geometry":{"type":"MultiPolygon","coordinates":[[[[-56.543084,-32.346096],[-56.543637,-32.346583],[-56.545066,-32.345749],[-56.547331,-32.347616],[-56.548052,-32.346629],[-56.549374,-32.347368],[-56.549456,-32.346964],[-56.550311,-32.346124],[-56.550521,-32.346069],[-56.547716,-32.344434],[-56.547409,-32.344858],[-56.54624,-32.344276],[-56.546885,-32.343555],[-56.545365,-32.342789],[-56.544608,-32.343206],[-56.543753,-32.343224],[-56.543523,-32.343453],[-56.542252,-32.343047],[-56.541042,-32.342414],[-56.540968,-32.342454],[-56.540245,-32.343417],[-56.541862,-32.343795],[-56.541567,-32.344429],[-56.541945,-32.34465],[-56.540377,-32.345517],[-56.541518,-32.347127],[-56.543084,-32.346096]]]]}},{"type":"Feature","properties":{"nombre":"Paso Palomeque","departamento":"Canelones"},"geometry":{"type":"MultiPolygon","coordinates":[[[[-56.259979,-34.518872],[-56.25921,-34.519881],[-56.259539,-34.520082],[-56.258861,-34.520882],[-56.259703,-34.5214],[-56.258982,-34.522273],[-56.259864,-34.522844],[-56.262776,-34.519543],[-56.264446,-34.520587],[-56.265659,-34.521036],[-56.266026,-34.520757],[-56.266376,-34.520211],[-56.266304,-34.51957],[-56.266069,-34.51908],[-56.26572,-34.518699],[-56.265294,-34.518449],[-56.264998,-34.518154],[-56.265002,-34.518042],[-56.265237,-34.517829],[-56.264962,-34.517749],[-56.264169,-34.518866],[-56.260603,-34.516842],[-56.260619,-34.516711],[-56.256621,-34.514397],[-56.257977,-34.512559],[-56.256393,-34.511734],[-56.255282,-34.513496],[-56.255077,-34.513531],[-56.254747,-34.513373],[-56.254656,-34.513438],[-56.255175,-34.514205],[-56.25505,-34.514972],[-56.25566,-34.515335],[-56.252961,-34.518697],[-56.253998,-34.519312],[-56.256124,-34.516676],[-56.259979,-34.518872]]]]}},{"type":"Feature","properties":{"nombre":"Port. de Hierro y Campodonico","departamento":"Artigas"},"geometry":{"type":"MultiPolygon","coordinates":[[[[-57.578184,-30.299815],[-57.590315,-30.261951],[-57.582928,-30.260173],[-57.585526,-30.252097],[-57.578408,-30.250376],[-57.578322,-30.250303],[-57.574011,-30.249386],[-57.571364,-30.248693],[-57.565893,-30.247561],[-57.566178,-30.248004],[-57.5662,-30.248269],[-57.566524,-30.24845],[-57.567054,-30.249268],[-57.567039,-30.24941],[-57.567205,-30.249584],[-57.567094,-30.249776],[-57.567629,-30.249875],[-57.567815,-30.250249],[-57.568158,-30.250337],[-57.56833,-30.250496],[-57.568468,-30.25066],[-57.568737,-30.251382],[-57.56903,-30.252985],[-57.568929,-30.253197],[-57.568937,-30.25347],[-57.568796,-30.253666],[-57.568942,-30.253651],[-57.568976,-30.253849],[-57.568892,-30.254595],[-57.56878,-30.254865],[-57.568706,-30.25475],[-57.568433,-30.254804],[-57.568524,-30.254824],[-57.568546,-30.255081],[-57.568654,-30.255177],[-57.568618,-30.255236],[-57.568474,-30.25513],[-57.568399,-30.255167],[-57.568462,-30.255431],[-57.568579,-30.25546],[-57.568502,-30.255559],[-57.568683,-30.255669],[-57.568458,-30.255826],[-57.568497,-30.255889],[-57.568673,-30.255782],[-57.568568,-30.25652],[-57.568757,-30.256674],[-57.568611,-30.256665],[-57.568582,-30.257132],[-57.568451,-30.257178],[-57.568339,-30.257356],[-57.568173,-30.257851],[-57.568002,-30.257889],[-57.568035,-30.258062],[-57.567878,-30.258093],[-57.567883,-30.258185],[-57.567771,-30.258246],[-57.56788,-30.258283],[-57.567883,-30.258478],[-57.567552,-30.25864],[-57.567452,-30.258783],[-57.567625,-30.258876],[-57.567502,-30.259301],[-57.567049,-30.25961],[-57.566719,-30.260192],[-57.566185,-30.260615],[-57.56459,-30.261554],[-57.563384,-30.262157],[-57.560786,-30.263126],[-57.56037,-30.263366],[-57.559727,-30.263518],[-57.559211,-30.263785],[-57.558851,-30.263852],[-57.558238,-30.264122],[-57.557326,-30.264348],[-57.555865,-30.265416],[-57.555066,-30.266322],[-57.554657,-30.26696],[-57.554155,-30.267507],[-57.554052,-30.26792],[-57.553835,-30.268089],[-57.553656,-30.268597],[-57.553242,-30.269296],[-57.553169,-30.269614],[-57.552903,-30.269892],[-57.552744,-30.270348],[-57.552834,-30.269891],[-57.552648,-30.270074],[-57.552455,-30.270589],[-57.55265,-30.270614],[-57.552764,-30.270781],[-57.552669,-30.270984],[-57.552588,-30.270831],[-57.552493,-30.270885],[-57.552537,-30.271184],[-57.552255,-30.271661],[-57.552195,-30.271658],[-57.552343,-30.271747],[-57.552236,-30.271994],[-57.552169,-30.27198],[-57.552153,-30.27183],[-57.552039,-30.271841],[-57.552088,-30.27211],[-57.551994,-30.272141],[-57.552013,-30.272359],[-57.551822,-30.272729],[-57.551814,-30.27304],[-57.551457,-30.273663],[-57.551122,-30.273982],[-57.550493,-30.274324],[-57.550318,-30.274522],[-57.550098,-30.274569],[-57.549802,-30.274814],[-57.549403,-30.274992],[-57.549767,-30.275767],[-57.550023,-30.276831],[-57.550324,-30.277474],[-57.55043,-30.278281],[-57.550251,-30.279326],[-57.550462,-30.279445],[-57.55078,-30.279853],[-57.55212,-30.28041],[-57.553259,-30.281255],[-57.553663,-30.281929],[-57.554433,-30.282913],[-57.554744,-30.283788],[-57.555172,-30.284209],[-57.556216,-30.284512],[-57.557239,-30.285031],[-57.557531,-30.285275],[-57.557708,-30.285566],[-57.558716,-30.28625],[-57.55884,-30.286436],[-57.558855,-30.287012],[-57.559177,-30.287424],[-57.559455,-30.287541],[-57.559533,-30.287698],[-57.55965,-30.287748],[-57.560314,-30.287899],[-57.560401,-30.288047],[-57.560436,-30.288259],[-57.56032,-30.288525],[-57.560339,-30.288809],[-57.560614,-30.289248],[-57.560554,-30.289576],[-57.560745,-30.289893],[-57.56099,-30.290066],[-57.561863,-30.290402],[-57.56211,-30.290421],[-57.56252,-30.290299],[-57.562749,-30.290433],[-57.56296,-30.290899],[-57.563267,-30.291165],[-57.563258,-30.291334],[-57.563075,-30.291604],[-57.563354,-30.292296],[-57.563993,-30.292776],[-57.564015,-30.29292],[-57.563596,-30.293142],[-57.563528,-30.293346],[-57.563676,-30.29365],[-57.563717,-30.294086],[-57.563623,-30.294465],[-57.563683,-30.294768],[-57.563786,-30.294905],[-57.564301,-30.295202],[-57.564395,-30.295877],[-57.564554,-30.295918],[-57.564724,-30.296223],[-57.565148,-30.296407],[-57.565246,-30.296841],[-57.566269,-30.296913],[-57.566553,-30.297337],[-57.566764,-30.297414],[-57.567735,-30.297481],[-57.570721,-30.29823],[-57.570895,-30.29811],[-57.578184,-30.299815]]]]}},{"type":"Feature","properties":{"nombre":"Playa Grande","departamento":"Maldonado"},"geometry":{"type":"MultiPolygon","coordinates":[[[[-55.297292,-34.853963],[-55.297331,-34.854069],[-55.297234,-34.854466],[-55.29713,-34.854471],[-55.297078,-34.854629],[-55.296906,-34.85478],[-55.296527,-34.854821],[-55.296612,-34.854988],[-55.296988,-34.855086],[-55.29688,-34.855245],[-55.296923,-34.855412],[-55.298992,-34.854888],[-55.300364,-34.85473],[-55.301108,-34.854707],[-55.301461,-34.854862],[-55.30194,-34.85494],[-55.302246,-34.854776],[-55.302397,-34.854364],[-55.30287,-34.853767],[-55.303079,-34.853651],[-55.303142,-34.853369],[-55.303325,-34.853314],[-55.303431,-34.852874],[-55.303728,-34.852619],[-55.304037,-34.852609],[-55.30417,-34.852469],[-55.304248,-34.851972],[-55.304129,-34.851617],[-55.304074,-34.850988],[-55.303953,-34.850877],[-55.303916,-34.850707],[-55.303997,-34.85051],[-55.304338,-34.850321],[-55.304373,-34.850006],[-55.304228,-34.849744],[-55.304338,-34.849436],[-55.303907,-34.848794],[-55.303659,-34.848715],[-55.303471,-34.848419],[-55.303484,-34.848213],[-55.303356,-34.848028],[-55.303412,-34.847843],[-55.303171,-34.847505],[-55.303146,-34.847294],[-55.302896,-34.847265],[-55.302834,-34.84719],[-55.302904,-34.846954],[-55.303083,-34.846777],[-55.30289,-34.84666],[-55.302835,-34.846483],[-55.302578,-34.84634],[-55.302618,-34.846072],[-55.302551,-34.845772],[-55.302688,-34.845537],[-55.30269,-34.84534],[-55.302831,-34.845226],[-55.302914,-34.844997],[-55.302779,-34.844597],[-55.3028,-34.844342],[-55.302581,-34.844268],[-55.302313,-34.84361],[-55.303736,-34.84209],[-55.304083,-34.841551],[-55.304308,-34.841349],[-55.303797,-34.840976],[-55.303609,-34.840584],[-55.303298,-34.84021],[-55.30174,-34.842003],[-55.301397,-34.841756],[-55.296064,-34.835684],[-55.29588,-34.835388],[-55.293971,-34.833415],[-55.293581,-34.832832],[-55.293376,-34.832665],[-55.293286,-34.832206],[-55.292615,-34.831668],[-55.290458,-34.829473],[-55.288705,-34.828578],[-55.28678,-34.830356],[-55.286729,-34.830537],[-55.288078,-34.834119],[-55.2916,-34.841147],[-55.291718,-34.84153],[-55.287773,-34.845192],[-55.291143,-34.849325],[-55.292348,-34.850698],[-55.292074,-34.850895],[-55.292122,-34.850965],[-55.295281,-34.854763],[-55.297161,-34.853906],[-55.297292,-34.853963]]]]}},{"type":"Feature","properties":{"nombre":"Laurel","departamento":"San José"},"geometry":{"type":"MultiPolygon","coordinates":[[[[-56.837143,-34.309699],[-56.837371,-34.311123],[-56.836096,-34.311322],[-56.836329,-34.312306],[-56.837976,-34.31206],[-56.839256,-34.312072],[-56.840502,-34.312325],[-56.842652,-34.313098],[-56.841661,-34.307634],[-56.839239,-34.307935],[-56.839475,-34.309403],[-56.837143,-34.309699]]]]}},{"type":"Feature","properties":{"nombre":"Cerro de las Armas","departamento":"Colonia"},"geometry":{"type":"MultiPolygon","coordinates":[[[[-57.724397,-34.064997],[-57.723772,-34.065314],[-57.724957,-34.066274],[-57.728125,-34.064544],[-57.727177,-34.063401],[-57.72624,-34.064042],[-57.724397,-34.064997]]]]}},{"type":"Feature","properties":{"nombre":"Campo de Todos","departamento":"Salto"},"geometry":{"type":"MultiPolygon","coordinates":[[[[-57.619606,-31.573447],[-57.618254,-31.567113],[-57.617718,-31.566611],[-57.615945,-31.565714],[-57.614829,-31.564997],[-57.613331,-31.563579],[-57.612962,-31.562991],[-57.613706,-31.562061],[-57.616687,-31.563231],[-57.618953,-31.563488],[-57.619644,-31.561325],[-57.620873,-31.561934],[-57.622156,-31.561922],[-57.62372,-31.565168],[-57.623792,-31.564932],[-57.624425,-31.564572],[-57.625466,-31.564157],[-57.625997,-31.564072],[-57.625441,-31.559451],[-57.624764,-31.554791],[-57.616763,-31.555596],[-57.616696,-31.55463],[-57.614329,-31.554511],[-57.614504,-31.552494],[-57.612343,-31.552933],[-57.609108,-31.56139],[-57.609482,-31.562547],[-57.612468,-31.574974],[-57.614666,-31.573894],[-57.619606,-31.573447]]]]}},{"type":"Feature","properties":{"nombre":"Zapican","departamento":"Lavalleja"},"geometry":{"type":"MultiPolygon","coordinates":[[[[-54.939792,-33.531521],[-54.940747,-33.531162],[-54.941318,-33.530858],[-54.944871,-33.528377],[-54.945716,-33.52802],[-54.947144,-33.527713],[-54.946972,-33.527337],[-54.947691,-33.527284],[-54.947439,-33.526578],[-54.946913,-33.526114],[-54.949141,-33.52429],[-54.947505,-33.522865],[-54.948435,-33.522097],[-54.947468,-33.521349],[-54.947445,-33.521128],[-54.947683,-33.521019],[-54.947847,-33.520756],[-54.948175,-33.520641],[-54.948029,-33.520345],[-54.948079,-33.519723],[-54.94823,-33.519482],[-54.948232,-33.519236],[-54.94858,-33.518816],[-54.948501,-33.518696],[-54.94855,-33.518318],[-54.94893,-33.517783],[-54.948911,-33.51749],[-54.949266,-33.517121],[-54.949249,-33.51664],[-54.948945,-33.516218],[-54.948976,-33.515649],[-54.949299,-33.515297],[-54.949088,-33.514901],[-54.949028,-33.514426],[-54.948828,-33.51415],[-54.943225,-33.51206],[-54.942165,-33.511554],[-54.937354,-33.509665],[-54.93745,-33.510154],[-54.937377,-33.510329],[-54.937515,-33.510387],[-54.937677,-33.510724],[-54.93734,-33.510885],[-54.93732,-33.510985],[-54.937467,-33.511146],[-54.937742,-33.511193],[-54.937684,-33.511505],[-54.937835,-33.511687],[-54.937878,-33.511891],[-54.93814,-33.511938],[-54.938377,-33.512113],[-54.938294,-33.512381],[-54.938425,-33.512468],[-54.938359,-33.512817],[-54.938633,-33.512855],[-54.938899,-33.513192],[-54.93883,-33.513363],[-54.938349,-33.513744],[-54.938251,-33.514102],[-54.938384,-33.514213],[-54.938409,-33.514449],[-54.938102,-33.514753],[-54.937976,-33.515201],[-54.938067,-33.515307],[-54.93781,-33.516118],[-54.937863,-33.516236],[-54.937676,-33.516299],[-54.937483,-33.516687],[-54.93722,-33.516916],[-54.937131,-33.517292],[-54.936773,-33.517465],[-54.936696,-33.517773],[-54.936291,-33.518001],[-54.936277,-33.518075],[-54.93528,-33.517244],[-54.933229,-33.518841],[-54.93546,-33.520902],[-54.93693,-33.52332],[-54.937464,-33.524531],[-54.937526,-33.52486],[-54.937439,-33.525291],[-54.936404,-33.528105],[-54.936154,-33.529084],[-54.935695,-33.530105],[-54.935243,-33.531558],[-54.934643,-33.533082],[-54.933352,-33.533656],[-54.934287,-33.534104],[-54.9337,-33.535857],[-54.935938,-33.535071],[-54.938725,-33.53237],[-54.938958,-33.532037],[-54.939002,-33.53176],[-54.939792,-33.531521]]]]}},{"type":"Feature","properties":{"nombre":"18 de Julio (Pueblo Nuevo)","departamento":"San José"},"geometry":{"type":"MultiPolygon","coordinates":[[[[-56.445227,-34.44369],[-56.444971,-34.442648],[-56.447296,-34.442287],[-56.447156,-34.441353],[-56.446687,-34.441381],[-56.446655,-34.440935],[-56.446745,-34.440301],[-56.449246,-34.440006],[-56.449454,-34.44096],[-56.4497,-34.440926],[-56.449811,-34.441519],[-56.450127,-34.441489],[-56.450236,-34.442008],[-56.452798,-34.441679],[-56.452276,-34.439636],[-56.453454,-34.439507],[-56.453327,-34.438883],[-56.454545,-34.438535],[-56.454407,-34.438062],[-56.453904,-34.43819],[-56.453869,-34.438072],[-56.445076,-34.440253],[-56.438984,-34.441095],[-56.439006,-34.441222],[-56.438917,-34.441233],[-56.439087,-34.442207],[-56.440259,-34.44214],[-56.440938,-34.445597],[-56.445571,-34.445057],[-56.445227,-34.44369]]]]}},{"type":"Feature","properties":{"nombre":"Colonia del Sacramento","departamento":"Colonia"},"geometry":{"type":"MultiPolygon","coordinates":[[[[-57.865054,-34.442661],[-57.865749,-34.442491],[-57.869232,-34.44204],[-57.869956,-34.44171],[-57.870963,-34.441552],[-57.871085,-34.441495],[-57.871047,-34.441396],[-57.871123,-34.441348],[-57.871728,-34.441115],[-57.871772,-34.440874],[-57.871655,-34.440735],[-57.871717,-34.440659],[-57.872478,-34.440421],[-57.873162,-34.440329],[-57.875295,-34.440187],[-57.875947,-34.439893],[-57.876607,-34.439424],[-57.876717,-34.439442],[-57.876915,-34.439207],[-57.877815,-34.439151],[-57.87812,-34.439237],[-57.878666,-34.439014],[-57.878935,-34.438851],[-57.879365,-34.438298],[-57.880126,-34.438],[-57.880476,-34.437964],[-57.88215,-34.438128],[-57.882524,-34.438081],[-57.882861,-34.437829],[-57.883425,-34.437619],[-57.883739,-34.437341],[-57.883823,-34.437087],[-57.884502,-34.436953],[-57.884768,-34.436756],[-57.885044,-34.436785],[-57.885197,-34.436591],[-57.885957,-34.436102],[-57.886129,-34.435846],[-57.886149,-34.435545],[-57.886328,-34.43537],[-57.886298,-34.435147],[-57.886614,-34.435003],[-57.887184,-34.434156],[-57.887515,-34.433485],[-57.888441,-34.432476],[-57.888984,-34.432132],[-57.889267,-34.431786],[-57.88193,-34.427647],[-57.880179,-34.431006],[-57.873071,-34.427583],[-57.869612,-34.430615],[-57.866994,-34.429336],[-57.866764,-34.430255],[-57.862063,-34.427788],[-57.86193,-34.427989],[-57.861218,-34.427629],[-57.86247,-34.425512],[-57.858173,-34.423344],[-57.858298,-34.422807],[-57.851097,-34.422234],[-57.850793,-34.423902],[-57.85787,-34.424856],[-57.857369,-34.427298],[-57.842684,-34.424758],[-57.841469,-34.430129],[-57.839088,-34.436038],[-57.838795,-34.437038],[-57.837348,-34.444623],[-57.837343,-34.445573],[-57.837762,-34.447026],[-57.837637,-34.447061],[-57.835043,-34.446095],[-57.83569,-34.447879],[-57.838132,-34.448623],[-57.838245,-34.449008],[-57.838397,-34.448974],[-57.839282,-34.451688],[-57.829038,-34.451054],[-57.827724,-34.451334],[-57.824748,-34.452695],[-57.824301,-34.452802],[-57.823703,-34.452812],[-57.821846,-34.452567],[-57.821976,-34.452108],[-57.821956,-34.451694],[-57.821675,-34.45075],[-57.82094,-34.44983],[-57.820895,-34.449496],[-57.820371,-34.448834],[-57.820401,-34.448673],[-57.820753,-34.44843],[-57.820861,-34.44811],[-57.821263,-34.447888],[-57.82143,-34.447868],[-57.821596,-34.44808],[-57.821713,-34.448113],[-57.822315,-34.447952],[-57.822845,-34.44815],[-57.823482,-34.447953],[-57.823888,-34.447729],[-57.82397,-34.4476],[-57.823862,-34.447204],[-57.823268,-34.446328],[-57.82284,-34.445983],[-57.822545,-34.445902],[-57.822765,-34.445708],[-57.822932,-34.445173],[-57.822702,-34.444687],[-57.822243,-34.444471],[-57.821879,-34.444539],[-57.820731,-34.445457],[-57.820489,-34.445538],[-57.819922,-34.445484],[-57.819139,-34.445592],[-57.818977,-34.44543],[-57.818977,-34.4452],[-57.81922,-34.444647],[-57.819233,-34.444363],[-57.819152,-34.444215],[-57.819004,-34.444093],[-57.818761,-34.444066],[-57.818234,-34.444323],[-57.817843,-34.444714],[-57.817492,-34.444782],[-57.816979,-34.444674],[-57.816817,-34.444552],[-57.816696,-34.444296],[-57.816696,-34.443594],[-57.816584,-34.443012],[-57.816306,-34.442659],[-57.81592,-34.442497],[-57.815502,-34.4425],[-57.815435,-34.442373],[-57.815661,-34.44222],[-57.815531,-34.442072],[-57.815673,-34.441676],[-57.815997,-34.441354],[-57.818577,-34.44098],[-57.81842,-34.440874],[-57.817881,-34.440759],[-57.817703,-34.440533],[-57.816589,-34.440148],[-57.816453,-34.439842],[-57.816308,-34.439495],[-57.816271,-34.439118],[-57.816409,-34.438607],[-57.81635,-34.438162],[-57.816127,-34.437863],[-57.816167,-34.437389],[-57.817039,-34.436264],[-57.817094,-34.435977],[-57.816955,-34.435768],[-57.81676,-34.435669],[-57.815815,-34.435374],[-57.815522,-34.435175],[-57.815133,-34.435092],[-57.815015,-34.434996],[-57.814908,-34.434814],[-57.81501,-34.434448],[-57.815641,-34.434089],[-57.815786,-34.433929],[-57.815334,-34.433313],[-57.814837,-34.433139],[-57.813902,-34.433126],[-57.813011,-34.432974],[-57.81219,-34.433119],[-57.811185,-34.432874],[-57.810325,-34.432422],[-57.809879,-34.431725],[-57.809862,-34.431042],[-57.810214,-34.43027],[-57.810179,-34.429457],[-57.80994,-34.429099],[-57.806929,-34.428073],[-57.805357,-34.427247],[-57.80417,-34.426206],[-57.803933,-34.426141],[-57.800912,-34.426091],[-57.798439,-34.425482],[-57.797892,-34.424993],[-57.796953,-34.425298],[-57.796586,-34.425859],[-57.79605,-34.426404],[-57.79505,-34.426429],[-57.794306,-34.427841],[-57.790281,-34.437522],[-57.789245,-34.444154],[-57.783756,-34.441274],[-57.783684,-34.444871],[-57.788775,-34.446331],[-57.788483,-34.447027],[-57.797277,-34.449724],[-57.79356,-34.454356],[-57.795193,-34.454883],[-57.795589,-34.454091],[-57.797327,-34.451828],[-57.798353,-34.450057],[-57.801299,-34.450975],[-57.80124,-34.451097],[-57.803322,-34.451755],[-57.803052,-34.452565],[-57.8029,-34.452671],[-57.802195,-34.454668],[-57.804435,-34.455134],[-57.804542,-34.455],[-57.80568,-34.455214],[-57.806592,-34.453417],[-57.810364,-34.454597],[-57.810264,-34.453918],[-57.810789,-34.454074],[-57.810955,-34.453977],[-57.81203,-34.454308],[-57.811177,-34.455738],[-57.81145,-34.456121],[-57.810983,-34.457154],[-57.810802,-34.457357],[-57.810378,-34.457468],[-57.810149,-34.457637],[-57.81002,-34.457863],[-57.810058,-34.45811],[-57.810259,-34.458377],[-57.810965,-34.458764],[-57.811424,-34.45891],[-57.811749,-34.459223],[-57.811936,-34.459576],[-57.811636,-34.460126],[-57.810755,-34.462395],[-57.810351,-34.463658],[-57.810283,-34.464127],[-57.810342,-34.464316],[-57.810631,-34.464621],[-57.811908,-34.465202],[-57.812695,-34.465677],[-57.813561,-34.466636],[-57.814076,-34.466829],[-57.81585,-34.46718],[-57.817114,-34.467748],[-57.817877,-34.46793],[-57.818214,-34.468246],[-57.818214,-34.468408],[-57.818061,-34.468581],[-57.817174,-34.468874],[-57.816688,-34.469153],[-57.815373,-34.46931],[-57.814838,-34.469442],[-57.814293,-34.469714],[-57.814256,-34.469928],[-57.81475,-34.470565],[-57.815028,-34.47143],[-57.815231,-34.471292],[-57.815772,-34.471231],[-57.81675,-34.471385],[-57.818965,-34.472323],[-57.821843,-34.473374],[-57.822188,-34.473566],[-57.822389,-34.473797],[-57.82245,-34.473951],[-57.822402,-34.474282],[-57.822486,-34.474435],[-57.823167,-34.474774],[-57.823409,-34.474735],[-57.823666,-34.474317],[-57.824001,-34.474231],[-57.824376,-34.474337],[-57.824525,-34.474569],[-57.825072,-34.47491],[-57.826089,-34.474715],[-57.826668,-34.474792],[-57.827236,-34.474752],[-57.827987,-34.474945],[-57.828436,-34.474853],[-57.828582,-34.474909],[-57.82862,-34.474836],[-57.828736,-34.474915],[-57.829047,-34.474879],[-57.829219,-34.474792],[-57.829196,-34.474603],[-57.829585,-34.4744],[-57.829741,-34.474176],[-57.829829,-34.473589],[-57.829931,-34.473399],[-57.829897,-34.473224],[-57.830357,-34.472973],[-57.831086,-34.472832],[-57.832777,-34.472984],[-57.832945,-34.473083],[-57.832907,-34.473247],[-57.833152,-34.473511],[-57.834221,-34.4732],[-57.834909,-34.473135],[-57.83607,-34.473478],[-57.836297,-34.473659],[-57.836673,-34.473645],[-57.836789,-34.473752],[-57.837202,-34.473783],[-57.837282,-34.473525],[-57.838676,-34.473017],[-57.838752,-34.472763],[-57.839073,-34.472612],[-57.839776,-34.472779],[-57.840375,-34.473028],[-57.841441,-34.473753],[-57.841757,-34.47405],[-57.84225,-34.475058],[-57.84277,-34.474919],[-57.844831,-34.474882],[-57.844887,-34.474333],[-57.846006,-34.473988],[-57.84607,-34.474108],[-57.846794,-34.474106],[-57.847361,-34.473928],[-57.847993,-34.473908],[-57.848223,-34.473669],[-57.848617,-34.473594],[-57.848795,-34.473722],[-57.848998,-34.473675],[-57.850237,-34.473904],[-57.850818,-34.473696],[-57.851036,-34.473532],[-57.851396,-34.473699],[-57.851836,-34.473679],[-57.851998,-34.473592],[-57.852587,-34.473733],[-57.852795,-34.47359],[-57.853448,-34.473491],[-57.853957,-34.473261],[-57.854206,-34.47324],[-57.854269,-34.473125],[-57.854159,-34.472985],[-57.85407,-34.472563],[-57.854139,-34.472351],[-57.853628,-34.471927],[-57.853121,-34.471657],[-57.853166,-34.471099],[-57.853346,-34.470885],[-57.853531,-34.470831],[-57.85356,-34.470641],[-57.853813,-34.470519],[-57.853733,-34.470408],[-57.853513,-34.470351],[-57.853607,-34.470156],[-57.853304,-34.470053],[-57.853497,-34.469656],[-57.853237,-34.469506],[-57.853128,-34.469704],[-57.853027,-34.469724],[-57.852852,-34.469689],[-57.852909,-34.469593],[-57.852832,-34.469538],[-57.85258,-34.469627],[-57.8523,-34.469563],[-57.852309,-34.469417],[-57.851076,-34.46922],[-57.850914,-34.469251],[-57.850911,-34.469107],[-57.850774,-34.46917],[-57.850786,-34.468737],[-57.849595,-34.468712],[-57.849546,-34.468866],[-57.849239,-34.468795],[-57.849235,-34.468738],[-57.848454,-34.468745],[-57.847717,-34.468536],[-57.847444,-34.468232],[-57.847228,-34.467899],[-57.847281,-34.467896],[-57.847211,-34.46764],[-57.847332,-34.467643],[-57.847329,-34.467565],[-57.847254,-34.467564],[-57.847321,-34.467436],[-57.847259,-34.467431],[-57.847232,-34.466581],[-57.846581,-34.466342],[-57.846677,-34.466064],[-57.846526,-34.465691],[-57.845815,-34.46521],[-57.84556,-34.464947],[-57.845026,-34.46355],[-57.844955,-34.463068],[-57.844466,-34.462546],[-57.844554,-34.461683],[-57.844508,-34.461398],[-57.844353,-34.461177],[-57.844039,-34.461147],[-57.843937,-34.461041],[-57.844055,-34.460456],[-57.843941,-34.460429],[-57.844083,-34.459817],[-57.845348,-34.457363],[-57.845602,-34.457097],[-57.845927,-34.456194],[-57.84645,-34.455636],[-57.846487,-34.455288],[-57.846426,-34.45508],[-57.846747,-34.454718],[-57.84695,-34.454215],[-57.84822,-34.452668],[-57.848726,-34.452288],[-57.848726,-34.452141],[-57.849387,-34.451488],[-57.849532,-34.451238],[-57.850561,-34.450421],[-57.851396,-34.449977],[-57.851273,-34.449903],[-57.851301,-34.449685],[-57.851745,-34.449223],[-57.853266,-34.448267],[-57.853404,-34.448286],[-57.853948,-34.448054],[-57.854666,-34.44751],[-57.857004,-34.446477],[-57.857375,-34.446098],[-57.858451,-34.445615],[-57.858842,-34.445273],[-57.859875,-34.444645],[-57.860733,-34.444278],[-57.861066,-34.444245],[-57.861177,-34.443986],[-57.861379,-34.443811],[-57.862894,-34.443165],[-57.864367,-34.442743],[-57.865054,-34.442661]]]]}},{"type":"Feature","properties":{"nombre":"Montevideo Chico","departamento":"Tacuarembó"},"geometry":{"type":"MultiPolygon","coordinates":[[[[-55.573746,-32.217008],[-55.572604,-32.21788],[-55.573132,-32.218527],[-55.57422,-32.217993],[-55.574282,-32.218139],[-55.574679,-32.217918],[-55.575074,-32.218474],[-55.576117,-32.217733],[-55.575315,-32.216866],[-55.575913,-32.216533],[-55.575279,-32.215817],[-55.573746,-32.217008]]]]}},{"type":"Feature","properties":{"nombre":"Bella Vista","departamento":"Paysandú"},"geometry":{"type":"MultiPolygon","coordinates":[[[[-57.721425,-31.665547],[-57.721445,-31.665754],[-57.721738,-31.665486],[-57.724314,-31.664327],[-57.723361,-31.662679],[-57.720923,-31.66365],[-57.721425,-31.665547]]]]}},{"type":"Feature","properties":{"nombre":"Cuchilla de Buricayupi","departamento":"Paysandú"},"geometry":{"type":"MultiPolygon","coordinates":[[[[-57.539507,-31.995973],[-57.539307,-31.995973],[-57.538977,-31.996876],[-57.538165,-31.998611],[-57.539017,-31.998847],[-57.539507,-31.995973]]]]}},{"type":"Feature","properties":{"nombre":"Cerro Chato","departamento":"Treinta y Tres"},"geometry":{"type":"MultiPolygon","coordinates":[[[[-55.134256,-33.1181],[-55.133131,-33.115168],[-55.132568,-33.112094],[-55.132384,-33.11149],[-55.132555,-33.111041],[-55.133005,-33.110968],[-55.132792,-33.109715],[-55.132039,-33.1098],[-55.132087,-33.109662],[-55.131898,-33.10822],[-55.132503,-33.108208],[-55.132207,-33.106589],[-55.132497,-33.105817],[-55.133081,-33.105194],[-55.1337,-33.104823],[-55.134562,-33.104473],[-55.134541,-33.104369],[-55.133909,-33.104516],[-55.133278,-33.104549],[-55.132655,-33.10443],[-55.132076,-33.104109],[-55.131671,-33.103776],[-55.131104,-33.103942],[-55.130747,-33.102129],[-55.130386,-33.101019],[-55.129538,-33.099801],[-55.129014,-33.099371],[-55.128871,-33.099503],[-55.128712,-33.100016],[-55.128927,-33.100142],[-55.127359,-33.10164],[-55.126201,-33.10085],[-55.126266,-33.100805],[-55.125109,-33.099923],[-55.123576,-33.101432],[-55.125157,-33.102405],[-55.125922,-33.10297],[-55.123975,-33.104799],[-55.124126,-33.104913],[-55.124063,-33.105117],[-55.124477,-33.107754],[-55.124634,-33.109336],[-55.125703,-33.109229],[-55.125916,-33.109557],[-55.126739,-33.109026],[-55.12663,-33.10893],[-55.127015,-33.108724],[-55.127656,-33.108105],[-55.128334,-33.107987],[-55.129017,-33.111476],[-55.129805,-33.113539],[-55.13013,-33.114751],[-55.130282,-33.114849],[-55.131396,-33.114805],[-55.13181,-33.116425],[-55.132523,-33.116394],[-55.132557,-33.116653],[-55.13192,-33.118244],[-55.132694,-33.118438],[-55.134261,-33.118464],[-55.134256,-33.1181]]]]}},{"type":"Feature","properties":{"nombre":"Sauce de Batovi","departamento":"Tacuarembó"},"geometry":{"type":"MultiPolygon","coordinates":[[[[-55.956991,-31.8879],[-55.957722,-31.88761],[-55.95748,-31.883587],[-55.95412,-31.887151],[-55.955055,-31.887781],[-55.955575,-31.88718],[-55.955836,-31.887382],[-55.956307,-31.88819],[-55.956991,-31.8879]]]]}},{"type":"Feature","properties":{"nombre":"Ejido de Treinta y Tres","departamento":"Treinta y Tres"},"geometry":{"type":"MultiPolygon","coordinates":[[[[-54.390561,-33.240214],[-54.391547,-33.240148],[-54.392556,-33.240238],[-54.393462,-33.240465],[-54.394394,-33.240867],[-54.395713,-33.241808],[-54.399954,-33.245439],[-54.401479,-33.24447],[-54.401633,-33.244219],[-54.401849,-33.243231],[-54.403044,-33.241772],[-54.403295,-33.241238],[-54.403798,-33.239694],[-54.404,-33.239336],[-54.404822,-33.238886],[-54.405589,-33.238341],[-54.406252,-33.238139],[-54.406565,-33.238279],[-54.407633,-33.237625],[-54.407696,-33.237463],[-54.40762,-33.236844],[-54.407722,-33.236611],[-54.407819,-33.236515],[-54.408178,-33.236495],[-54.408303,-33.236414],[-54.408368,-33.235774],[-54.408522,-33.235665],[-54.408826,-33.235624],[-54.408961,-33.235521],[-54.409004,-33.235363],[-54.408564,-33.234249],[-54.408406,-33.234136],[-54.408179,-33.234267],[-54.408078,-33.234203],[-54.407792,-33.23303],[-54.40791,-33.23286],[-54.408329,-33.233044],[-54.40848,-33.232976],[-54.409128,-33.231681],[-54.408403,-33.231428],[-54.408252,-33.230899],[-54.408372,-33.230597],[-54.408346,-33.230468],[-54.408128,-33.230466],[-54.407923,-33.230658],[-54.407586,-33.230358],[-54.407467,-33.22952],[-54.407739,-33.229164],[-54.407113,-33.228649],[-54.406288,-33.22819],[-54.406259,-33.228042],[-54.406382,-33.227973],[-54.406385,-33.227838],[-54.406296,-33.227375],[-54.405664,-33.227011],[-54.405637,-33.226912],[-54.406015,-33.226606],[-54.40629,-33.226519],[-54.406253,-33.226318],[-54.40586,-33.225679],[-54.405599,-33.225544],[-54.405288,-33.225576],[-54.405248,-33.225438],[-54.404857,-33.22529],[-54.404218,-33.224864],[-54.404119,-33.224677],[-54.404149,-33.224581],[-54.404302,-33.224541],[-54.404597,-33.224611],[-54.404842,-33.224367],[-54.404781,-33.224129],[-54.40429,-33.223553],[-54.403893,-33.223673],[-54.403523,-33.223637],[-54.403404,-33.223344],[-54.403439,-33.223108],[-54.403587,-33.222906],[-54.403325,-33.222634],[-54.402763,-33.222279],[-54.402363,-33.222272],[-54.401797,-33.221199],[-54.401538,-33.221024],[-54.401049,-33.220892],[-54.400409,-33.221055],[-54.400019,-33.220886],[-54.399973,-33.220618],[-54.400419,-33.220229],[-54.400472,-33.21985],[-54.39998,-33.219747],[-54.399711,-33.22001],[-54.398935,-33.220098],[-54.398784,-33.220353],[-54.398707,-33.220901],[-54.398567,-33.221048],[-54.398239,-33.22135],[-54.39784,-33.221409],[-54.397181,-33.221719],[-54.394595,-33.220875],[-54.393661,-33.22089],[-54.393554,-33.220785],[-54.393665,-33.220349],[-54.394003,-33.219966],[-54.393799,-33.219456],[-54.393944,-33.219309],[-54.394128,-33.219296],[-54.39439,-33.219659],[-54.394608,-33.219735],[-54.39483,-33.219603],[-54.394932,-33.219392],[-54.395,-33.218467],[-54.39492,-33.218228],[-54.394605,-33.217877],[-54.394589,-33.217706],[-54.394669,-33.21759],[-54.394851,-33.217556],[-54.395391,-33.217755],[-54.395849,-33.217577],[-54.395983,-33.217305],[-54.395955,-33.217013],[-54.395839,-33.216951],[-54.395707,-33.216931],[-54.395315,-33.217224],[-54.395156,-33.217241],[-54.394991,-33.21718],[-54.39484,-33.216985],[-54.394791,-33.216717],[-54.395371,-33.216304],[-54.395555,-33.216031],[-54.395356,-33.215618],[-54.394896,-33.215341],[-54.394447,-33.21532],[-54.394405,-33.215256],[-54.394283,-33.214688],[-54.394411,-33.214269],[-54.394418,-33.213672],[-54.39464,-33.213384],[-54.395078,-33.213178],[-54.395302,-33.213242],[-54.395724,-33.213577],[-54.395993,-33.213611],[-54.396236,-33.213492],[-54.396349,-33.213257],[-54.396309,-33.212977],[-54.395547,-33.212846],[-54.395344,-33.212395],[-54.395487,-33.212165],[-54.395765,-33.212174],[-54.395866,-33.212266],[-54.39616,-33.212318],[-54.396377,-33.212194],[-54.396556,-33.211765],[-54.396607,-33.21139],[-54.396587,-33.211259],[-54.396084,-33.210839],[-54.395506,-33.210682],[-54.394979,-33.210408],[-54.394951,-33.210156],[-54.395051,-33.210111],[-54.395457,-33.210194],[-54.395859,-33.210023],[-54.395928,-33.209841],[-54.39584,-33.209598],[-54.395593,-33.209201],[-54.395269,-33.208998],[-54.394881,-33.208585],[-54.39474,-33.208352],[-54.3945,-33.207537],[-54.394121,-33.206951],[-54.393935,-33.206494],[-54.393377,-33.206502],[-54.393269,-33.206374],[-54.393209,-33.206182],[-54.393254,-33.205826],[-54.393553,-33.205037],[-54.394103,-33.204621],[-54.394522,-33.204503],[-54.396103,-33.204454],[-54.397194,-33.204672],[-54.397334,-33.204826],[-54.397443,-33.205295],[-54.397603,-33.205521],[-54.397896,-33.205679],[-54.398342,-33.20578],[-54.398498,-33.205651],[-54.398899,-33.204962],[-54.399087,-33.204224],[-54.399011,-33.203306],[-54.398765,-33.202541],[-54.397784,-33.200849],[-54.397539,-33.200643],[-54.39691,-33.200399],[-54.396515,-33.199851],[-54.395975,-33.19962],[-54.395919,-33.199347],[-54.395988,-33.198698],[-54.395561,-33.198151],[-54.395846,-33.197615],[-54.395421,-33.196777],[-54.394891,-33.196875],[-54.394275,-33.196482],[-54.393844,-33.196471],[-54.393631,-33.196771],[-54.393661,-33.197313],[-54.39335,-33.197929],[-54.393128,-33.198054],[-54.393181,-33.198388],[-54.392982,-33.198479],[-54.392725,-33.198392],[-54.392363,-33.198085],[-54.39216,-33.197543],[-54.392206,-33.197207],[-54.392089,-33.197047],[-54.39187,-33.196958],[-54.391584,-33.197149],[-54.391121,-33.197049],[-54.390965,-33.196887],[-54.390889,-33.196657],[-54.390802,-33.196633],[-54.39079,-33.196334],[-54.389965,-33.197236],[-54.387676,-33.197788],[-54.387273,-33.196536],[-54.383904,-33.197358],[-54.381459,-33.193368],[-54.381287,-33.194463],[-54.381249,-33.195263],[-54.376355,-33.196145],[-54.376741,-33.197561],[-54.381447,-33.196877],[-54.381993,-33.198839],[-54.348521,-33.203231],[-54.347387,-33.210419],[-54.34013,-33.20925],[-54.338947,-33.20903],[-54.336563,-33.208412],[-54.336134,-33.209568],[-54.335599,-33.210281],[-54.335585,-33.21046],[-54.335771,-33.210848],[-54.33617,-33.211167],[-54.336571,-33.211212],[-54.336963,-33.211504],[-54.337412,-33.211591],[-54.337898,-33.211871],[-54.338357,-33.211763],[-54.338705,-33.211802],[-54.339722,-33.212967],[-54.340138,-33.213113],[-54.34057,-33.213468],[-54.342557,-33.21448],[-54.342883,-33.214908],[-54.343179,-33.215127],[-54.343836,-33.215539],[-54.34463,-33.215888],[-54.344624,-33.216036],[-54.344786,-33.216342],[-54.345042,-33.21644],[-54.344697,-33.218597],[-54.344506,-33.218994],[-54.344544,-33.21924],[-54.344235,-33.219786],[-54.344109,-33.219881],[-54.344036,-33.220112],[-54.344093,-33.220699],[-54.343974,-33.221314],[-54.344257,-33.222205],[-54.344752,-33.222961],[-54.34479,-33.223288],[-54.348228,-33.224946],[-54.349675,-33.225831],[-54.365783,-33.238263],[-54.367848,-33.226711],[-54.369358,-33.220042],[-54.370309,-33.215169],[-54.374483,-33.216396],[-54.379921,-33.217843],[-54.381284,-33.211778],[-54.382128,-33.211491],[-54.388081,-33.212024],[-54.387615,-33.213386],[-54.387483,-33.213523],[-54.387702,-33.213956],[-54.387413,-33.214046],[-54.386342,-33.218364],[-54.388893,-33.218566],[-54.387671,-33.226532],[-54.39649,-33.227512],[-54.39586,-33.231222],[-54.399633,-33.231646],[-54.399156,-33.2364],[-54.39879,-33.236545],[-54.39851,-33.23624],[-54.39835,-33.236265],[-54.398606,-33.236679],[-54.39841,-33.236883],[-54.398625,-33.237547],[-54.392852,-33.238761],[-54.3906,-33.240006],[-54.390277,-33.240262],[-54.390561,-33.240214]]]]}},{"type":"Feature","properties":{"nombre":"Barrio Lopez Benitez","departamento":"Cerro Largo"},"geometry":{"type":"MultiPolygon","coordinates":[[[[-54.211819,-32.365207],[-54.212594,-32.365202],[-54.212594,-32.36505],[-54.212996,-32.365052],[-54.212992,-32.364431],[-54.212147,-32.364433],[-54.211999,-32.361149],[-54.210284,-32.360025],[-54.208802,-32.359325],[-54.208805,-32.35984],[-54.208715,-32.359986],[-54.208557,-32.365038],[-54.208368,-32.36534],[-54.209308,-32.36525],[-54.211819,-32.365207]]]]}},{"type":"Feature","properties":{"nombre":"Cerro de Pastoreo","departamento":"Tacuarembó"},"geometry":{"type":"MultiPolygon","coordinates":[[[[-56.107743,-31.686974],[-56.106711,-31.686229],[-56.105976,-31.68722],[-56.106431,-31.687377],[-56.1065,-31.687816],[-56.106921,-31.687824],[-56.107078,-31.687917],[-56.107192,-31.688128],[-56.107945,-31.688668],[-56.108709,-31.687657],[-56.107743,-31.686974]]]]}},{"type":"Feature","properties":{"nombre":"Cuchilla del Perdido","departamento":"Soriano"},"geometry":{"type":"MultiPolygon","coordinates":[[[[-57.26349,-33.721293],[-57.266278,-33.72123],[-57.266265,-33.720573],[-57.263598,-33.720522],[-57.26349,-33.721293]]]]}},{"type":"Feature","properties":{"nombre":"Ramon Trigo","departamento":"Cerro Largo"},"geometry":{"type":"MultiPolygon","coordinates":[[[[-54.638888,-32.3502],[-54.638597,-32.350194],[-54.638608,-32.349873],[-54.638337,-32.349386],[-54.638638,-32.349281],[-54.638283,-32.348371],[-54.638073,-32.348418],[-54.637768,-32.347699],[-54.638147,-32.34765],[-54.638097,-32.347295],[-54.637426,-32.34736],[-54.637325,-32.346801],[-54.637015,-32.346685],[-54.635102,-32.351216],[-54.637721,-32.35096],[-54.637676,-32.350627],[-54.639024,-32.350497],[-54.638888,-32.3502]]],[[[-54.644769,-32.33896],[-54.645193,-32.338749],[-54.645421,-32.33735],[-54.645597,-32.33616],[-54.645282,-32.335572],[-54.642206,-32.336951],[-54.643543,-32.339267],[-54.643708,-32.339339],[-54.644666,-32.338911],[-54.644769,-32.33896]]]]}},{"type":"Feature","properties":{"nombre":"Merinos","departamento":"Río Negro"},"geometry":{"type":"MultiPolygon","coordinates":[[[[-56.906862,-32.388424],[-56.906483,-32.38919],[-56.906469,-32.389468],[-56.91248,-32.388677],[-56.912624,-32.388496],[-56.912797,-32.387518],[-56.912507,-32.387123],[-56.911806,-32.38691],[-56.907402,-32.387533],[-56.902481,-32.388389],[-56.901954,-32.388514],[-56.90179,-32.388665],[-56.901769,-32.388831],[-56.901813,-32.389187],[-56.906862,-32.388424]]]]}},{"type":"Feature","properties":{"nombre":"Calnu","departamento":"Artigas"},"geometry":{"type":"MultiPolygon","coordinates":[[[[-57.618835,-30.332415],[-57.620506,-30.331812],[-57.620726,-30.331664],[-57.620952,-30.332008],[-57.621195,-30.332124],[-57.622218,-30.33234],[-57.62199,-30.33158],[-57.623292,-30.331124],[-57.623305,-30.331182],[-57.623959,-30.330932],[-57.624017,-30.331047],[-57.625228,-30.330641],[-57.624917,-30.329886],[-57.624574,-30.330002],[-57.62331,-30.327153],[-57.617778,-30.329152],[-57.617065,-30.329223],[-57.616095,-30.32955],[-57.616022,-30.32976],[-57.615785,-30.33263],[-57.615893,-30.332748],[-57.618649,-30.332493],[-57.618835,-30.332415]]]]}},{"type":"Feature","properties":{"nombre":"Durazno","departamento":"Durazno"},"geometry":{"type":"MultiPolygon","coordinates":[[[[-56.536261,-33.421873],[-56.536768,-33.422707],[-56.537347,-33.421975],[-56.545427,-33.41642],[-56.545684,-33.416063],[-56.550169,-33.407667],[-56.55153,-33.405876],[-56.553327,-33.406921],[-56.553539,-33.40668],[-56.554506,-33.407349],[-56.554929,-33.4073],[-56.555938,-33.406162],[-56.555618,-33.405878],[-56.554045,-33.404932],[-56.555139,-33.403959],[-56.554325,-33.403382],[-56.552073,-33.405199],[-56.541544,-33.398381],[-56.541984,-33.39793],[-56.541992,-33.397742],[-56.542179,-33.397663],[-56.542439,-33.39704],[-56.542842,-33.396404],[-56.543627,-33.395826],[-56.543854,-33.395742],[-56.543855,-33.395556],[-56.543973,-33.395437],[-56.544562,-33.395165],[-56.54458,-33.395102],[-56.544312,-33.394858],[-56.544321,-33.39473],[-56.544544,-33.394523],[-56.544944,-33.394487],[-56.545694,-33.39388],[-56.545764,-33.393668],[-56.54599,-33.393601],[-56.546,-33.39324],[-56.546222,-33.392996],[-56.546419,-33.392466],[-56.546173,-33.392202],[-56.545979,-33.392162],[-56.545919,-33.391997],[-56.545631,-33.39188],[-56.545478,-33.391606],[-56.545532,-33.391563],[-56.545476,-33.391235],[-56.545349,-33.39124],[-56.545242,-33.391126],[-56.545261,-33.390764],[-56.545039,-33.390197],[-56.54268,-33.389806],[-56.54056,-33.383705],[-56.540577,-33.383616],[-56.543168,-33.385017],[-56.551643,-33.384436],[-56.550747,-33.377588],[-56.550698,-33.375167],[-56.550513,-33.373499],[-56.550287,-33.373116],[-56.550474,-33.372147],[-56.550434,-33.371998],[-56.551737,-33.371468],[-56.552631,-33.37041],[-56.55353,-33.368605],[-56.553913,-33.368176],[-56.554736,-33.367884],[-56.555459,-33.367402],[-56.555741,-33.366978],[-56.555555,-33.366401],[-56.556128,-33.365384],[-56.55527,-33.36494],[-56.554411,-33.364708],[-56.55419,-33.364526],[-56.553717,-33.364369],[-56.55357,-33.364235],[-56.553303,-33.364202],[-56.552942,-33.363961],[-56.550772,-33.363141],[-56.550579,-33.362982],[-56.550245,-33.362919],[-56.549654,-33.362436],[-56.548792,-33.360749],[-56.548512,-33.36046],[-56.547421,-33.360097],[-56.546762,-33.36006],[-56.546248,-33.360232],[-56.544554,-33.360215],[-56.54417,-33.360494],[-56.54357,-33.361202],[-56.543448,-33.361704],[-56.543019,-33.36223],[-56.542701,-33.362483],[-56.542653,-33.362795],[-56.542258,-33.363257],[-56.541548,-33.363509],[-56.540772,-33.363527],[-56.540502,-33.363437],[-56.54016,-33.36359],[-56.539883,-33.363437],[-56.538015,-33.363149],[-56.536958,-33.363216],[-56.535836,-33.363177],[-56.533994,-33.362781],[-56.533698,-33.362901],[-56.533594,-33.362558],[-56.533215,-33.362436],[-56.532588,-33.362375],[-56.532056,-33.362448],[-56.532036,-33.362333],[-56.531959,-33.362331],[-56.530716,-33.362434],[-56.529644,-33.362169],[-56.528482,-33.36176],[-56.528187,-33.361477],[-56.527917,-33.361063],[-56.527913,-33.360721],[-56.527761,-33.360521],[-56.527841,-33.360199],[-56.527737,-33.360045],[-56.527846,-33.35992],[-56.527859,-33.359287],[-56.527706,-33.35921],[-56.527123,-33.359176],[-56.526295,-33.359386],[-56.52599,-33.358864],[-56.527427,-33.358634],[-56.528257,-33.358594],[-56.528722,-33.35803],[-56.528253,-33.357573],[-56.530561,-33.355067],[-56.530448,-33.354936],[-56.532422,-33.353209],[-56.530308,-33.351633],[-56.532942,-33.34924],[-56.53276,-33.349223],[-56.528948,-33.345969],[-56.528483,-33.345719],[-56.527986,-33.345598],[-56.527585,-33.345593],[-56.522913,-33.345895],[-56.522191,-33.333908],[-56.520817,-33.333972],[-56.521233,-33.341139],[-56.520806,-33.341117],[-56.519742,-33.340739],[-56.519999,-33.345695],[-56.519478,-33.345514],[-56.518974,-33.345448],[-56.516341,-33.344567],[-56.511266,-33.342694],[-56.510511,-33.341846],[-56.506208,-33.336214],[-56.505998,-33.335659],[-56.505865,-33.335522],[-56.505413,-33.338196],[-56.505327,-33.338979],[-56.505353,-33.339709],[-56.505593,-33.341488],[-56.506627,-33.347285],[-56.506902,-33.348429],[-56.507187,-33.349179],[-56.507853,-33.350315],[-56.511156,-33.354885],[-56.510924,-33.354873],[-56.510765,-33.354959],[-56.512683,-33.357641],[-56.512928,-33.358139],[-56.512955,-33.358652],[-56.51318,-33.358939],[-56.513218,-33.359146],[-56.513245,-33.360157],[-56.513158,-33.360648],[-56.512947,-33.361344],[-56.512525,-33.362155],[-56.512168,-33.362614],[-56.508235,-33.366776],[-56.507793,-33.367464],[-56.50755,-33.368342],[-56.507565,-33.368941],[-56.507715,-33.369529],[-56.507947,-33.370035],[-56.508507,-33.370726],[-56.512502,-33.373619],[-56.512398,-33.373942],[-56.512164,-33.374118],[-56.512035,-33.374354],[-56.512134,-33.374451],[-56.511957,-33.374628],[-56.511916,-33.374865],[-56.511622,-33.375367],[-56.511581,-33.376138],[-56.511888,-33.376454],[-56.511868,-33.376617],[-56.511581,-33.377235],[-56.511261,-33.377247],[-56.510649,-33.37753],[-56.510322,-33.377561],[-56.509836,-33.377859],[-56.509438,-33.37795],[-56.508931,-33.378195],[-56.508686,-33.378185],[-56.508359,-33.378294],[-56.50813,-33.378251],[-56.507771,-33.378353],[-56.506879,-33.378821],[-56.506625,-33.378818],[-56.506367,-33.379088],[-56.505789,-33.379309],[-56.50561,-33.379501],[-56.505338,-33.379546],[-56.505231,-33.379485],[-56.504764,-33.379534],[-56.504642,-33.379424],[-56.503905,-33.379464],[-56.503616,-33.379379],[-56.503553,-33.379399],[-56.503606,-33.379532],[-56.503537,-33.379589],[-56.503245,-33.379455],[-56.502573,-33.379468],[-56.502206,-33.37936],[-56.502283,-33.379326],[-56.502154,-33.379283],[-56.502161,-33.379198],[-56.501831,-33.379245],[-56.501674,-33.379094],[-56.500672,-33.378756],[-56.500381,-33.378725],[-56.500106,-33.378881],[-56.499949,-33.378736],[-56.500075,-33.378605],[-56.499206,-33.377878],[-56.497742,-33.377304],[-56.49741,-33.377215],[-56.497153,-33.377278],[-56.497198,-33.377023],[-56.496867,-33.37692],[-56.496098,-33.37692],[-56.495923,-33.377033],[-56.495779,-33.376939],[-56.495355,-33.376992],[-56.495261,-33.377091],[-56.495684,-33.377131],[-56.495778,-33.377242],[-56.495234,-33.377372],[-56.494859,-33.377319],[-56.494568,-33.377456],[-56.494347,-33.3774],[-56.494204,-33.377619],[-56.494024,-33.377525],[-56.493993,-33.377372],[-56.493719,-33.377372],[-56.493649,-33.377251],[-56.493149,-33.377266],[-56.492992,-33.377195],[-56.492915,-33.377328],[-56.492378,-33.37761],[-56.493442,-33.380644],[-56.493021,-33.384683],[-56.49314,-33.387924],[-56.493298,-33.388619],[-56.493555,-33.388886],[-56.493622,-33.388853],[-56.496494,-33.391854],[-56.492103,-33.393617],[-56.49437,-33.397432],[-56.497894,-33.401044],[-56.5032,-33.40215],[-56.500299,-33.407771],[-56.503827,-33.409081],[-56.510386,-33.413327],[-56.511236,-33.412209],[-56.511691,-33.411926],[-56.511767,-33.412028],[-56.512545,-33.412325],[-56.512631,-33.412514],[-56.516941,-33.415687],[-56.517064,-33.415684],[-56.517149,-33.415435],[-56.517348,-33.415495],[-56.517939,-33.415116],[-56.518091,-33.41483],[-56.518424,-33.414689],[-56.518644,-33.414771],[-56.518741,-33.414668],[-56.51892,-33.414649],[-56.519471,-33.414719],[-56.519881,-33.414466],[-56.520035,-33.414609],[-56.520213,-33.414645],[-56.520437,-33.414597],[-56.520542,-33.414331],[-56.520733,-33.414309],[-56.520949,-33.41437],[-56.52098,-33.414555],[-56.521657,-33.414657],[-56.521607,-33.414887],[-56.521847,-33.415203],[-56.52229,-33.415388],[-56.52255,-33.415662],[-56.523017,-33.415609],[-56.523298,-33.415741],[-56.523708,-33.41597],[-56.523759,-33.416242],[-56.524009,-33.416372],[-56.524406,-33.416156],[-56.524693,-33.416279],[-56.524782,-33.416713],[-56.525324,-33.416584],[-56.525501,-33.416733],[-56.525837,-33.416645],[-56.526688,-33.416783],[-56.526919,-33.416702],[-56.527073,-33.41653],[-56.527348,-33.416722],[-56.527601,-33.416783],[-56.527688,-33.416924],[-56.528373,-33.41679],[-56.528909,-33.416865],[-56.529301,-33.416658],[-56.529713,-33.416637],[-56.535149,-33.420015],[-56.536261,-33.421873]]]]}},{"type":"Feature","properties":{"nombre":"El Bellaco","departamento":"Treinta y Tres"},"geometry":{"type":"MultiPolygon","coordinates":[[[[-54.549335,-33.434596],[-54.552227,-33.440795],[-54.552744,-33.440774],[-54.553015,-33.440642],[-54.553167,-33.44045],[-54.550217,-33.43409],[-54.549335,-33.434596]]]]}},{"type":"Feature","properties":{"nombre":"Santa Ana del Mar","departamento":"Rocha"},"geometry":{"type":"MultiPolygon","coordinates":[[[[-53.496243,-33.866266],[-53.499035,-33.870481],[-53.508528,-33.868897],[-53.515612,-33.867903],[-53.51489,-33.863534],[-53.496243,-33.866266]]]]}},{"type":"Feature","properties":{"nombre":"La Paz","departamento":"Canelones"},"geometry":{"type":"MultiPolygon","coordinates":[[[[-56.235352,-34.765017],[-56.237065,-34.763971],[-56.237593,-34.763821],[-56.238236,-34.763839],[-56.23871,-34.763266],[-56.240058,-34.763041],[-56.240435,-34.762902],[-56.240783,-34.762641],[-56.241353,-34.76181],[-56.241111,-34.761649],[-56.239866,-34.761472],[-56.23661,-34.76146],[-56.236566,-34.758938],[-56.2367,-34.75501],[-56.236924,-34.754972],[-56.236892,-34.754647],[-56.236269,-34.754724],[-56.233264,-34.754725],[-56.233213,-34.745589],[-56.234723,-34.745635],[-56.233177,-34.738676],[-56.229586,-34.739553],[-56.223782,-34.739577],[-56.223799,-34.742508],[-56.22122,-34.742555],[-56.220118,-34.743607],[-56.219788,-34.744007],[-56.219785,-34.744251],[-56.219671,-34.744191],[-56.219132,-34.744865],[-56.218686,-34.745071],[-56.218679,-34.745237],[-56.218375,-34.745635],[-56.217817,-34.746087],[-56.217636,-34.746383],[-56.216933,-34.746488],[-56.216442,-34.746791],[-56.216371,-34.747156],[-56.216001,-34.747207],[-56.215962,-34.747536],[-56.215855,-34.747727],[-56.215938,-34.748022],[-56.215628,-34.748278],[-56.215513,-34.748598],[-56.215163,-34.748796],[-56.214952,-34.748712],[-56.214662,-34.74873],[-56.214384,-34.749265],[-56.214708,-34.749688],[-56.214865,-34.750294],[-56.21603,-34.751612],[-56.216432,-34.752531],[-56.216667,-34.753617],[-56.217576,-34.755032],[-56.218581,-34.755596],[-56.218803,-34.756279],[-56.219334,-34.756627],[-56.219484,-34.756826],[-56.219459,-34.756935],[-56.218971,-34.757346],[-56.219051,-34.757963],[-56.218517,-34.758609],[-56.218329,-34.759172],[-56.218062,-34.759485],[-56.21802,-34.759795],[-56.219741,-34.760834],[-56.219978,-34.761655],[-56.220163,-34.761799],[-56.220508,-34.761867],[-56.220967,-34.762312],[-56.221124,-34.76275],[-56.221122,-34.763375],[-56.221296,-34.763875],[-56.22097,-34.764838],[-56.221006,-34.765132],[-56.221119,-34.765282],[-56.221929,-34.765542],[-56.223163,-34.765587],[-56.223727,-34.765904],[-56.225086,-34.766188],[-56.225301,-34.766325],[-56.225477,-34.76657],[-56.225847,-34.766794],[-56.225953,-34.767155],[-56.2263,-34.76747],[-56.226783,-34.767679],[-56.227698,-34.767757],[-56.228022,-34.767886],[-56.228168,-34.768201],[-56.228005,-34.768815],[-56.228081,-34.769143],[-56.229993,-34.769419],[-56.230265,-34.769548],[-56.230607,-34.769925],[-56.230935,-34.770134],[-56.231143,-34.770146],[-56.231747,-34.769976],[-56.232236,-34.769732],[-56.232721,-34.76905],[-56.233248,-34.769059],[-56.233562,-34.76872],[-56.234046,-34.767851],[-56.234424,-34.767508],[-56.234311,-34.766816],[-56.234745,-34.766108],[-56.234843,-34.765402],[-56.235352,-34.765017]]]]}},{"type":"Feature","properties":{"nombre":"Pta. Rubia y Sta. Isabel de la Pedrera","departamento":"Rocha"},"geometry":{"type":"MultiPolygon","coordinates":[[[[-54.122913,-34.585814],[-54.130378,-34.582918],[-54.13028,-34.582369],[-54.130416,-34.582322],[-54.130157,-34.580072],[-54.129904,-34.578926],[-54.129454,-34.578065],[-54.128868,-34.577289],[-54.111185,-34.556052],[-54.107,-34.558582],[-54.10348,-34.561546],[-54.10272,-34.560936],[-54.102622,-34.561053],[-54.101933,-34.561373],[-54.101771,-34.56122],[-54.101772,-34.560948],[-54.101697,-34.560826],[-54.100646,-34.560465],[-54.100409,-34.560522],[-54.0956,-34.556976],[-54.089059,-34.552551],[-54.087703,-34.553024],[-54.087578,-34.553249],[-54.082603,-34.555059],[-54.084052,-34.556057],[-54.085224,-34.557077],[-54.085849,-34.557377],[-54.087132,-34.558181],[-54.093535,-34.562849],[-54.094786,-34.563642],[-54.094845,-34.563785],[-54.095422,-34.56416],[-54.095579,-34.564183],[-54.095754,-34.564389],[-54.095999,-34.564442],[-54.096007,-34.564557],[-54.096534,-34.564925],[-54.097321,-34.565664],[-54.098788,-34.566629],[-54.100265,-34.567807],[-54.100486,-34.567875],[-54.100537,-34.567998],[-54.101245,-34.568488],[-54.101642,-34.568877],[-54.102141,-34.56916],[-54.10479,-34.571331],[-54.105695,-34.571892],[-54.10631,-34.572511],[-54.106836,-34.572852],[-54.106959,-34.573034],[-54.107125,-34.573074],[-54.107237,-34.573271],[-54.107788,-34.573787],[-54.108101,-34.573934],[-54.109276,-34.575047],[-54.109822,-34.575497],[-54.109992,-34.575528],[-54.110621,-34.57618],[-54.110828,-34.576263],[-54.111577,-34.576995],[-54.111763,-34.577061],[-54.111919,-34.577338],[-54.112755,-34.578146],[-54.11291,-34.578201],[-54.113219,-34.57859],[-54.113421,-34.578675],[-54.113455,-34.578822],[-54.113639,-34.578946],[-54.113671,-34.579059],[-54.114791,-34.580057],[-54.115003,-34.580385],[-54.115659,-34.580928],[-54.11598,-34.581414],[-54.118329,-34.583923],[-54.120189,-34.586327],[-54.120441,-34.586545],[-54.120606,-34.586932],[-54.12088,-34.586642],[-54.121209,-34.586477],[-54.122854,-34.585928],[-54.122913,-34.585814]]]]}},{"type":"Feature","properties":{"nombre":"Las Palmas","departamento":"Durazno"},"geometry":{"type":"MultiPolygon","coordinates":[[[[-55.420266,-32.930047],[-55.420367,-32.929946],[-55.420863,-32.92993],[-55.42092,-32.930233],[-55.423385,-32.929936],[-55.423198,-32.929367],[-55.422848,-32.92882],[-55.421537,-32.927183],[-55.421126,-32.926887],[-55.42099,-32.926991],[-55.419757,-32.929628],[-55.419831,-32.929895],[-55.420266,-32.930047]]]]}},{"type":"Feature","properties":{"nombre":"Punta Colorada","departamento":"Maldonado"},"geometry":{"type":"MultiPolygon","coordinates":[[[[-55.260749,-34.904666],[-55.260907,-34.904643],[-55.261154,-34.904445],[-55.261593,-34.903903],[-55.261944,-34.903734],[-55.26203,-34.903821],[-55.262083,-34.903787],[-55.261827,-34.90317],[-55.261841,-34.902899],[-55.261975,-34.902767],[-55.261964,-34.902541],[-55.261659,-34.902225],[-55.261475,-34.9016],[-55.261563,-34.901201],[-55.261391,-34.900849],[-55.261616,-34.900602],[-55.261526,-34.900454],[-55.261242,-34.900301],[-55.261132,-34.900077],[-55.260957,-34.900015],[-55.261039,-34.899675],[-55.260488,-34.898916],[-55.260353,-34.89849],[-55.260182,-34.898326],[-55.259606,-34.898119],[-55.259308,-34.897917],[-55.259246,-34.897513],[-55.259001,-34.897307],[-55.25891,-34.89689],[-55.258949,-34.896611],[-55.259173,-34.896133],[-55.260454,-34.894482],[-55.260272,-34.894345],[-55.260357,-34.893747],[-55.26115,-34.892901],[-55.261043,-34.892722],[-55.261284,-34.892537],[-55.25797,-34.888536],[-55.258442,-34.888226],[-55.248768,-34.876474],[-55.248218,-34.876897],[-55.244211,-34.879378],[-55.252172,-34.889101],[-55.244954,-34.889271],[-55.240926,-34.891636],[-55.242081,-34.893141],[-55.234865,-34.895258],[-55.236104,-34.896802],[-55.235644,-34.89695],[-55.239578,-34.900968],[-55.240322,-34.901591],[-55.240763,-34.901268],[-55.241508,-34.900931],[-55.242492,-34.900636],[-55.243567,-34.900471],[-55.246092,-34.900322],[-55.24724,-34.900351],[-55.250482,-34.900708],[-55.253534,-34.901288],[-55.253728,-34.901451],[-55.25392,-34.901788],[-55.254164,-34.901895],[-55.254257,-34.901864],[-55.254189,-34.901756],[-55.254233,-34.901704],[-55.254992,-34.901799],[-55.255189,-34.901968],[-55.25578,-34.902184],[-55.256152,-34.902461],[-55.256182,-34.902562],[-55.256091,-34.902707],[-55.256155,-34.902823],[-55.256335,-34.902836],[-55.256318,-34.902664],[-55.256399,-34.902641],[-55.256491,-34.902932],[-55.25658,-34.902919],[-55.256807,-34.903168],[-55.256854,-34.903063],[-55.257162,-34.903173],[-55.257393,-34.903597],[-55.257736,-34.903647],[-55.258067,-34.90383],[-55.258155,-34.904059],[-55.258328,-34.904196],[-55.258745,-34.904259],[-55.258996,-34.90438],[-55.260044,-34.904343],[-55.260749,-34.904666]]]]}},{"type":"Feature","properties":{"nombre":"Totoral del Sauce","departamento":"Canelones"},"geometry":{"type":"MultiPolygon","coordinates":[[[[-55.997104,-34.668893],[-56.00111,-34.669302],[-56.000989,-34.670097],[-56.002529,-34.670232],[-56.00215,-34.669206],[-56.002805,-34.668991],[-55.999058,-34.665814],[-55.999268,-34.665636],[-56.000152,-34.665727],[-56.000369,-34.664332],[-55.998724,-34.664171],[-55.998704,-34.664328],[-55.99719,-34.664226],[-55.99512,-34.662454],[-55.99534,-34.661175],[-55.994382,-34.661097],[-55.99349,-34.660298],[-55.993459,-34.659962],[-55.997114,-34.660309],[-55.997245,-34.659275],[-55.992507,-34.658829],[-55.992749,-34.657154],[-55.992669,-34.657131],[-55.992753,-34.656442],[-55.991428,-34.6563],[-55.991674,-34.654323],[-55.982677,-34.653442],[-55.983723,-34.654415],[-55.98343,-34.654457],[-55.983011,-34.654396],[-55.982825,-34.655502],[-55.984379,-34.65567],[-55.984481,-34.655788],[-55.984414,-34.657003],[-55.985317,-34.657062],[-55.985718,-34.658273],[-55.98646,-34.658367],[-55.986687,-34.658779],[-55.986209,-34.658901],[-55.986264,-34.659111],[-55.991283,-34.659595],[-55.992379,-34.664441],[-55.992372,-34.665064],[-55.992574,-34.666004],[-55.997629,-34.666514],[-55.997303,-34.66853],[-55.997104,-34.668893]]]]}},{"type":"Feature","properties":{"nombre":"Arrocera la Querencia","departamento":"Treinta y Tres"},"geometry":{"type":"MultiPolygon","coordinates":[[[[-53.371425,-32.863697],[-53.372034,-32.86411],[-53.372724,-32.86379],[-53.373271,-32.863696],[-53.373118,-32.863563],[-53.374895,-32.861891],[-53.374498,-32.8616],[-53.374182,-32.86119],[-53.373321,-32.861873],[-53.373804,-32.862234],[-53.372683,-32.863322],[-53.372267,-32.862895],[-53.371425,-32.863697]]]]}},{"type":"Feature","properties":{"nombre":"Trinidad","departamento":"Flores"},"geometry":{"type":"MultiPolygon","coordinates":[[[[-56.911501,-33.525408],[-56.91134,-33.522016],[-56.912117,-33.522197],[-56.913027,-33.522195],[-56.913193,-33.522281],[-56.913887,-33.522147],[-56.912682,-33.51818],[-56.911169,-33.518217],[-56.91093,-33.512936],[-56.911651,-33.512877],[-56.917015,-33.511842],[-56.916998,-33.511685],[-56.916462,-33.511796],[-56.916295,-33.505701],[-56.916248,-33.505656],[-56.916204,-33.50598],[-56.916104,-33.506064],[-56.915821,-33.506042],[-56.915713,-33.506104],[-56.915738,-33.506449],[-56.915415,-33.506441],[-56.915315,-33.50659],[-56.914971,-33.50676],[-56.915115,-33.506887],[-56.915121,-33.506987],[-56.914951,-33.507177],[-56.914793,-33.507166],[-56.914807,-33.507286],[-56.914519,-33.50751],[-56.914335,-33.507456],[-56.91349,-33.508194],[-56.912936,-33.509061],[-56.912928,-33.509441],[-56.912589,-33.509909],[-56.910807,-33.510357],[-56.910594,-33.505877],[-56.89937,-33.506287],[-56.900145,-33.505604],[-56.900383,-33.504645],[-56.900681,-33.504405],[-56.9008,-33.504055],[-56.901225,-33.503513],[-56.901612,-33.503282],[-56.901652,-33.503059],[-56.901945,-33.502809],[-56.902038,-33.502556],[-56.902338,-33.502357],[-56.902343,-33.502225],[-56.902562,-33.50196],[-56.902804,-33.501967],[-56.903222,-33.501483],[-56.90319,-33.501309],[-56.903323,-33.501044],[-56.903243,-33.500878],[-56.903333,-33.500665],[-56.903285,-33.50046],[-56.903828,-33.499829],[-56.903807,-33.499698],[-56.903531,-33.499602],[-56.903558,-33.499411],[-56.903711,-33.499353],[-56.903857,-33.499085],[-56.903842,-33.49897],[-56.904045,-33.49869],[-56.903924,-33.498052],[-56.904341,-33.497909],[-56.904212,-33.497635],[-56.90423,-33.497453],[-56.904385,-33.497231],[-56.904607,-33.497114],[-56.904574,-33.496886],[-56.904916,-33.496729],[-56.905073,-33.496459],[-56.904929,-33.49597],[-56.904965,-33.495804],[-56.905516,-33.495115],[-56.905827,-33.495024],[-56.905732,-33.494799],[-56.906184,-33.494679],[-56.906255,-33.494458],[-56.90155,-33.4951],[-56.901408,-33.489362],[-56.897132,-33.489864],[-56.897788,-33.502837],[-56.895998,-33.502614],[-56.8962,-33.505733],[-56.895924,-33.505749],[-56.895957,-33.506419],[-56.885276,-33.506807],[-56.886365,-33.527666],[-56.886539,-33.527889],[-56.886868,-33.527975],[-56.892205,-33.527801],[-56.892191,-33.528002],[-56.891111,-33.528037],[-56.890374,-33.528203],[-56.889546,-33.528554],[-56.888637,-33.529203],[-56.881411,-33.538396],[-56.887117,-33.539176],[-56.88793,-33.539226],[-56.887833,-33.53978],[-56.888476,-33.53978],[-56.888607,-33.53922],[-56.891476,-33.539242],[-56.891129,-33.536288],[-56.902161,-33.534718],[-56.902016,-33.534298],[-56.900664,-33.527487],[-56.911396,-33.527109],[-56.911522,-33.527038],[-56.911561,-33.526882],[-56.911501,-33.525408]]]]}},{"type":"Feature","properties":{"nombre":"Tajamares de la Pedrera","departamento":"Rocha"},"geometry":{"type":"MultiPolygon","coordinates":[[[[-54.100972,-34.560577],[-54.101697,-34.560826],[-54.10186,-34.561346],[-54.101933,-34.561373],[-54.102622,-34.561053],[-54.10272,-34.560936],[-54.10348,-34.561546],[-54.107,-34.558582],[-54.111185,-34.556052],[-54.109843,-34.554463],[-54.106857,-34.551477],[-54.10511,-34.552351],[-54.105106,-34.552478],[-54.104845,-34.552547],[-54.103858,-34.553085],[-54.103771,-34.553016],[-54.0956,-34.556976],[-54.100409,-34.560522],[-54.100646,-34.560465],[-54.100972,-34.560577]]]]}},{"type":"Feature","properties":{"nombre":"Capilla del Sauce","departamento":"Florida"},"geometry":{"type":"MultiPolygon","coordinates":[[[[-55.636423,-33.466717],[-55.640291,-33.46415],[-55.640215,-33.464034],[-55.641201,-33.463955],[-55.641164,-33.463203],[-55.64185,-33.463222],[-55.640354,-33.462058],[-55.63836,-33.461038],[-55.636339,-33.461834],[-55.635941,-33.461146],[-55.63133,-33.464205],[-55.629027,-33.460625],[-55.627719,-33.461177],[-55.626881,-33.461227],[-55.625786,-33.461617],[-55.625009,-33.462065],[-55.623475,-33.463149],[-55.623286,-33.463501],[-55.623137,-33.463588],[-55.622274,-33.46359],[-55.621806,-33.463475],[-55.623456,-33.468177],[-55.621503,-33.468643],[-55.622043,-33.470204],[-55.622655,-33.470057],[-55.623107,-33.471243],[-55.623049,-33.472214],[-55.623341,-33.472754],[-55.62475,-33.472039],[-55.625232,-33.472706],[-55.62571,-33.472568],[-55.625737,-33.472119],[-55.6286,-33.471137],[-55.629814,-33.470896],[-55.629766,-33.470839],[-55.631475,-33.470436],[-55.631669,-33.470852],[-55.632246,-33.4707],[-55.631963,-33.470264],[-55.632532,-33.470127],[-55.632253,-33.469787],[-55.632616,-33.469597],[-55.632327,-33.469189],[-55.634812,-33.467755],[-55.636423,-33.466717]]]]}},{"type":"Feature","properties":{"nombre":"Centurion","departamento":"Cerro Largo"},"geometry":{"type":"MultiPolygon","coordinates":[[[[-53.785335,-32.145166],[-53.78497,-32.146628],[-53.785823,-32.146232],[-53.786152,-32.146309],[-53.785673,-32.147825],[-53.787689,-32.146417],[-53.787901,-32.145509],[-53.789086,-32.145678],[-53.789178,-32.146421],[-53.789331,-32.146601],[-53.790379,-32.146047],[-53.790538,-32.145833],[-53.790429,-32.145617],[-53.790552,-32.145208],[-53.790727,-32.145155],[-53.790618,-32.144761],[-53.790624,-32.144126],[-53.790541,-32.143921],[-53.790593,-32.143836],[-53.788075,-32.143305],[-53.787942,-32.1444],[-53.786983,-32.144248],[-53.786847,-32.144591],[-53.786202,-32.144513],[-53.786059,-32.145201],[-53.785335,-32.145166]]]]}},{"type":"Feature","properties":{"nombre":"La Micaela","departamento":"Cerro Largo"},"geometry":{"type":"MultiPolygon","coordinates":[[[[-53.895431,-32.60886],[-53.899632,-32.603394],[-53.90073,-32.603996],[-53.903142,-32.605645],[-53.903675,-32.604864],[-53.903768,-32.604038],[-53.902715,-32.603407],[-53.902058,-32.603682],[-53.901842,-32.603681],[-53.900424,-32.602789],[-53.900055,-32.602695],[-53.899012,-32.602011],[-53.899168,-32.601616],[-53.897806,-32.601173],[-53.895559,-32.600967],[-53.895227,-32.601257],[-53.895392,-32.601396],[-53.894207,-32.602497],[-53.890421,-32.605123],[-53.895431,-32.60886]]]]}},{"type":"Feature","properties":{"nombre":"Neptunia","departamento":"Canelones"},"geometry":{"type":"MultiPolygon","coordinates":[[[[-55.888274,-34.788536],[-55.889139,-34.787962],[-55.889665,-34.787492],[-55.890121,-34.78706],[-55.890662,-34.78627],[-55.891027,-34.785939],[-55.895479,-34.784649],[-55.896387,-34.78429],[-55.896891,-34.78408],[-55.898637,-34.782843],[-55.899368,-34.78216],[-55.900288,-34.780912],[-55.90058,-34.780437],[-55.901066,-34.779032],[-55.901248,-34.778741],[-55.899878,-34.778544],[-55.899071,-34.778654],[-55.889809,-34.776979],[-55.888686,-34.776398],[-55.887622,-34.775653],[-55.887754,-34.775953],[-55.887301,-34.776236],[-55.885841,-34.776186],[-55.876921,-34.77446],[-55.876769,-34.774181],[-55.876536,-34.774224],[-55.876408,-34.774345],[-55.874356,-34.773973],[-55.874592,-34.773103],[-55.874972,-34.772704],[-55.875113,-34.77217],[-55.875033,-34.771949],[-55.874021,-34.771277],[-55.873823,-34.770844],[-55.873858,-34.770478],[-55.874061,-34.770393],[-55.874262,-34.769955],[-55.874399,-34.769824],[-55.874321,-34.76974],[-55.874317,-34.769479],[-55.874425,-34.769087],[-55.874604,-34.768956],[-55.874535,-34.768681],[-55.874819,-34.768452],[-55.87522,-34.768316],[-55.875327,-34.768081],[-55.875179,-34.767944],[-55.874546,-34.767697],[-55.874146,-34.767671],[-55.874016,-34.767512],[-55.873878,-34.767153],[-55.874121,-34.766819],[-55.874026,-34.766366],[-55.874097,-34.766044],[-55.873953,-34.765884],[-55.87371,-34.765782],[-55.873738,-34.765338],[-55.873001,-34.764994],[-55.872864,-34.764823],[-55.872337,-34.764559],[-55.872088,-34.764527],[-55.872149,-34.764236],[-55.87177,-34.763852],[-55.871448,-34.763373],[-55.870241,-34.763111],[-55.869665,-34.762738],[-55.869577,-34.7626],[-55.869374,-34.762537],[-55.869493,-34.762324],[-55.869312,-34.761932],[-55.86932,-34.761614],[-55.869114,-34.76116],[-55.869284,-34.760969],[-55.869255,-34.760866],[-55.869083,-34.760684],[-55.86865,-34.760578],[-55.868367,-34.76028],[-55.868353,-34.75979],[-55.868023,-34.759568],[-55.868022,-34.759264],[-55.867897,-34.759143],[-55.866501,-34.764222],[-55.866744,-34.764271],[-55.866132,-34.766419],[-55.865946,-34.767488],[-55.865634,-34.768497],[-55.865431,-34.768543],[-55.865291,-34.768712],[-55.865175,-34.769364],[-55.862986,-34.777534],[-55.862726,-34.77876],[-55.858923,-34.792973],[-55.858813,-34.793454],[-55.858912,-34.793477],[-55.858904,-34.793989],[-55.858742,-34.794148],[-55.859113,-34.794436],[-55.859231,-34.79444],[-55.859768,-34.79426],[-55.86106,-34.794254],[-55.861463,-34.794124],[-55.861826,-34.794267],[-55.862158,-34.794269],[-55.862198,-34.794513],[-55.86327,-34.794161],[-55.864477,-34.794241],[-55.868297,-34.793648],[-55.872274,-34.793246],[-55.872964,-34.793264],[-55.874954,-34.793693],[-55.875776,-34.793617],[-55.87634,-34.793478],[-55.879483,-34.792327],[-55.880786,-34.791975],[-55.882943,-34.79118],[-55.886546,-34.789532],[-55.888274,-34.788536]]]]}},{"type":"Feature","properties":{"nombre":"Canelones","departamento":"Canelones"},"geometry":{"type":"MultiPolygon","coordinates":[[[[-56.294659,-34.530509],[-56.297121,-34.530194],[-56.297,-34.524231],[-56.297195,-34.523933],[-56.299082,-34.522185],[-56.298825,-34.521614],[-56.297131,-34.521706],[-56.29711,-34.520329],[-56.296906,-34.520341],[-56.296967,-34.520064],[-56.296711,-34.500225],[-56.296406,-34.50033],[-56.296133,-34.500559],[-56.295826,-34.500644],[-56.295096,-34.50039],[-56.295062,-34.500286],[-56.295238,-34.499877],[-56.29529,-34.499363],[-56.295231,-34.499144],[-56.294911,-34.498912],[-56.294952,-34.498683],[-56.294824,-34.498318],[-56.294943,-34.497777],[-56.294743,-34.497323],[-56.294255,-34.496913],[-56.293866,-34.496449],[-56.293474,-34.496341],[-56.292728,-34.496466],[-56.292397,-34.496297],[-56.291469,-34.496781],[-56.290948,-34.497154],[-56.290691,-34.49718],[-56.289202,-34.497828],[-56.289045,-34.497972],[-56.288992,-34.498188],[-56.288744,-34.49822],[-56.28852,-34.498421],[-56.287894,-34.498739],[-56.287692,-34.49894],[-56.287394,-34.498983],[-56.28694,-34.498723],[-56.286671,-34.498747],[-56.286119,-34.498065],[-56.285654,-34.497899],[-56.285146,-34.497901],[-56.284374,-34.498316],[-56.284124,-34.498693],[-56.284091,-34.498929],[-56.283967,-34.499134],[-56.283858,-34.499176],[-56.281673,-34.498876],[-56.280857,-34.498494],[-56.280404,-34.498457],[-56.280016,-34.49884],[-56.280386,-34.499984],[-56.279586,-34.50065],[-56.279534,-34.50074],[-56.279619,-34.501112],[-56.279575,-34.501442],[-56.279215,-34.501723],[-56.278854,-34.501889],[-56.278603,-34.50184],[-56.277908,-34.501494],[-56.277332,-34.501035],[-56.276889,-34.500882],[-56.276381,-34.501051],[-56.275481,-34.501674],[-56.274746,-34.501679],[-56.273922,-34.50207],[-56.273837,-34.50235],[-56.27397,-34.502698],[-56.274826,-34.503482],[-56.275311,-34.504308],[-56.275649,-34.505469],[-56.275599,-34.505676],[-56.275421,-34.505858],[-56.275176,-34.505878],[-56.274579,-34.505459],[-56.273387,-34.5054],[-56.273271,-34.505471],[-56.273099,-34.506299],[-56.273349,-34.507069],[-56.273557,-34.507272],[-56.273926,-34.507988],[-56.273906,-34.508476],[-56.273512,-34.508805],[-56.27331,-34.508819],[-56.273031,-34.508508],[-56.272646,-34.508337],[-56.272413,-34.507835],[-56.272161,-34.507778],[-56.27153,-34.508141],[-56.271447,-34.508483],[-56.271222,-34.508888],[-56.270941,-34.509117],[-56.270527,-34.509231],[-56.270327,-34.50955],[-56.270407,-34.509823],[-56.271011,-34.510086],[-56.271384,-34.510355],[-56.271673,-34.510428],[-56.272073,-34.51079],[-56.272225,-34.5111],[-56.272049,-34.511493],[-56.271434,-34.512019],[-56.270808,-34.512125],[-56.270329,-34.512422],[-56.269626,-34.512616],[-56.269245,-34.51288],[-56.269029,-34.512891],[-56.268803,-34.513379],[-56.268474,-34.513727],[-56.268064,-34.51393],[-56.267568,-34.514343],[-56.267394,-34.514851],[-56.267765,-34.51626],[-56.268148,-34.516867],[-56.268092,-34.517063],[-56.267537,-34.517433],[-56.266857,-34.517514],[-56.266575,-34.51739],[-56.266163,-34.51734],[-56.265903,-34.517471],[-56.265605,-34.517508],[-56.265002,-34.518042],[-56.265075,-34.518278],[-56.265983,-34.518959],[-56.266304,-34.51957],[-56.266376,-34.520211],[-56.266026,-34.520757],[-56.265494,-34.52119],[-56.265597,-34.52179],[-56.265946,-34.522226],[-56.266389,-34.523525],[-56.266238,-34.524044],[-56.26608,-34.524313],[-56.265854,-34.524474],[-56.265937,-34.524789],[-56.265522,-34.525424],[-56.265099,-34.525773],[-56.263932,-34.526446],[-56.263819,-34.526578],[-56.263678,-34.52705],[-56.263944,-34.527225],[-56.2642,-34.527238],[-56.265003,-34.527],[-56.265321,-34.527027],[-56.266294,-34.526882],[-56.26651,-34.526948],[-56.266707,-34.527131],[-56.266932,-34.527678],[-56.267619,-34.528124],[-56.267934,-34.528478],[-56.26842,-34.528794],[-56.268627,-34.529023],[-56.268616,-34.530169],[-56.268453,-34.530695],[-56.268423,-34.531805],[-56.268101,-34.532702],[-56.267958,-34.532825],[-56.267504,-34.532871],[-56.266594,-34.532685],[-56.266247,-34.532792],[-56.266078,-34.53297],[-56.26603,-34.533172],[-56.266129,-34.533353],[-56.266511,-34.533648],[-56.267092,-34.534506],[-56.267553,-34.534913],[-56.268147,-34.535205],[-56.26821,-34.53557],[-56.268487,-34.535649],[-56.268893,-34.535924],[-56.269764,-34.535921],[-56.270066,-34.535733],[-56.270592,-34.535688],[-56.270715,-34.535543],[-56.271068,-34.53568],[-56.271336,-34.535635],[-56.271966,-34.53589],[-56.272175,-34.535716],[-56.272534,-34.535576],[-56.274437,-34.543235],[-56.273669,-34.544487],[-56.270423,-34.553163],[-56.270807,-34.553104],[-56.270659,-34.553411],[-56.270813,-34.553473],[-56.274541,-34.545623],[-56.274898,-34.545307],[-56.275183,-34.544231],[-56.276357,-34.541846],[-56.276316,-34.541668],[-56.276714,-34.540842],[-56.277921,-34.541617],[-56.279282,-34.542326],[-56.279566,-34.543311],[-56.285047,-34.541689],[-56.284983,-34.54104],[-56.289964,-34.540893],[-56.289822,-34.539222],[-56.295645,-34.538584],[-56.294659,-34.530509]]]]}},{"type":"Feature","properties":{"nombre":"La Concordia","departamento":"Colonia"},"geometry":{"type":"MultiPolygon","coordinates":[[[[-58.302253,-33.952435],[-58.305692,-33.951844],[-58.304942,-33.948591],[-58.306466,-33.948354],[-58.305661,-33.944985],[-58.300591,-33.945758],[-58.302253,-33.952435]]]]}},{"type":"Feature","properties":{"nombre":"La Pedrera","departamento":"Cerro Largo"},"geometry":{"type":"MultiPolygon","coordinates":[[[[-54.082687,-32.390109],[-54.082544,-32.389705],[-54.082895,-32.389057],[-54.08287,-32.38836],[-54.083871,-32.388485],[-54.084171,-32.388402],[-54.085029,-32.388822],[-54.085828,-32.389393],[-54.086056,-32.389975],[-54.085961,-32.390614],[-54.08617,-32.391009],[-54.086624,-32.390951],[-54.087232,-32.390653],[-54.087265,-32.39047],[-54.087033,-32.388664],[-54.08661,-32.386724],[-54.086624,-32.386245],[-54.086061,-32.386203],[-54.081344,-32.384994],[-54.080514,-32.386988],[-54.081806,-32.389203],[-54.082687,-32.390109]]]]}},{"type":"Feature","properties":{"nombre":"Paso del Parque del Dayman","departamento":"Salto"},"geometry":{"type":"MultiPolygon","coordinates":[[[[-57.037881,-31.781362],[-57.037923,-31.78153],[-57.039987,-31.781991],[-57.040465,-31.780566],[-57.03812,-31.779949],[-57.037775,-31.78095],[-57.038016,-31.781005],[-57.037881,-31.781362]]]]}},{"type":"Feature","properties":{"nombre":"Puente Valizas","departamento":"Rocha"},"geometry":{"type":"MultiPolygon","coordinates":[[[[-53.844557,-34.359695],[-53.845478,-34.360021],[-53.845719,-34.359939],[-53.845573,-34.359423],[-53.846149,-34.35892],[-53.84617,-34.357096],[-53.845245,-34.357044],[-53.845173,-34.357536],[-53.844836,-34.358304],[-53.844252,-34.35796],[-53.843114,-34.357711],[-53.843157,-34.358253],[-53.843937,-34.358425],[-53.844265,-34.358714],[-53.844597,-34.358826],[-53.844228,-34.359588],[-53.844557,-34.359695]]]]}},{"type":"Feature","properties":{"nombre":"Cuchilla de Ramirez","departamento":"Durazno"},"geometry":{"type":"MultiPolygon","coordinates":[[[[-55.490629,-32.551516],[-55.489585,-32.551609],[-55.489748,-32.552175],[-55.490441,-32.551934],[-55.490588,-32.55203],[-55.493342,-32.551536],[-55.493635,-32.551632],[-55.493967,-32.551528],[-55.493748,-32.550948],[-55.493067,-32.550628],[-55.493716,-32.549192],[-55.492188,-32.548263],[-55.490715,-32.551514],[-55.490629,-32.551516]]]]}},{"type":"Feature","properties":{"nombre":"Ombues de Oribe","departamento":"Durazno"},"geometry":{"type":"MultiPolygon","coordinates":[[[[-56.354178,-33.296987],[-56.355204,-33.297634],[-56.355454,-33.297525],[-56.35512,-33.297263],[-56.356417,-33.296787],[-56.357563,-33.2975],[-56.358231,-33.297224],[-56.357611,-33.296843],[-56.357957,-33.296472],[-56.357398,-33.295901],[-56.357905,-33.295635],[-56.357608,-33.295168],[-56.357211,-33.295392],[-56.357102,-33.295235],[-56.356272,-33.29567],[-56.355372,-33.294454],[-56.355099,-33.29455],[-56.355136,-33.294649],[-56.353413,-33.295322],[-56.353407,-33.295438],[-56.353788,-33.295937],[-56.354171,-33.296734],[-56.354261,-33.29695],[-56.354178,-33.296987]]]]}},{"type":"Feature","properties":{"nombre":"Paysandu","departamento":"Paysandú"},"geometry":{"type":"MultiPolygon","coordinates":[[[[-58.098058,-32.33183],[-58.09796,-32.332453],[-58.098017,-32.332886],[-58.098492,-32.333522],[-58.098533,-32.333835],[-58.098661,-32.334057],[-58.099521,-32.335102],[-58.099745,-32.335482],[-58.101049,-32.336641],[-58.101263,-32.337354],[-58.101478,-32.337715],[-58.101889,-32.338083],[-58.102284,-32.338195],[-58.102955,-32.338159],[-58.103673,-32.337409],[-58.104388,-32.336298],[-58.104968,-32.335615],[-58.106063,-32.334801],[-58.107915,-32.332853],[-58.107635,-32.33222],[-58.107407,-32.331997],[-58.107222,-32.331517],[-58.107275,-32.330366],[-58.107433,-32.329935],[-58.107693,-32.329589],[-58.107637,-32.329184],[-58.107431,-32.328875],[-58.107521,-32.328397],[-58.107342,-32.327619],[-58.107109,-32.326854],[-58.106874,-32.326619],[-58.106795,-32.32636],[-58.10686,-32.325806],[-58.106739,-32.325621],[-58.106755,-32.325354],[-58.106856,-32.325019],[-58.107154,-32.324586],[-58.10711,-32.32377],[-58.106733,-32.322212],[-58.10646,-32.321885],[-58.106452,-32.321689],[-58.106602,-32.321521],[-58.106507,-32.321346],[-58.106394,-32.320625],[-58.106251,-32.320392],[-58.106282,-32.320139],[-58.106144,-32.319208],[-58.105381,-32.318851],[-58.10397,-32.317783],[-58.103969,-32.317712],[-58.104369,-32.317405],[-58.103779,-32.314304],[-58.104754,-32.314332],[-58.104873,-32.314202],[-58.104801,-32.314014],[-58.103058,-32.312677],[-58.103087,-32.312629],[-58.102146,-32.312186],[-58.102071,-32.312292],[-58.101851,-32.312254],[-58.101605,-32.312109],[-58.101587,-32.312016],[-58.100927,-32.311975],[-58.100857,-32.311571],[-58.100893,-32.311983],[-58.099688,-32.311576],[-58.099575,-32.310779],[-58.1,-32.310665],[-58.099595,-32.310371],[-58.099145,-32.309562],[-58.098949,-32.309349],[-58.098446,-32.309176],[-58.097938,-32.308875],[-58.097302,-32.308801],[-58.097266,-32.308664],[-58.097508,-32.308358],[-58.097613,-32.307871],[-58.097409,-32.307741],[-58.097315,-32.307512],[-58.097126,-32.307344],[-58.09682,-32.307139],[-58.096553,-32.307148],[-58.096504,-32.307034],[-58.096163,-32.306823],[-58.095928,-32.306405],[-58.095842,-32.305991],[-58.095979,-32.30596],[-58.096975,-32.305119],[-58.097108,-32.305082],[-58.096955,-32.304951],[-58.096864,-32.305028],[-58.096906,-32.305072],[-58.095924,-32.305848],[-58.095648,-32.305717],[-58.095267,-32.305088],[-58.094932,-32.305109],[-58.094966,-32.305487],[-58.094357,-32.305624],[-58.093878,-32.305582],[-58.093654,-32.305164],[-58.093524,-32.304726],[-58.094541,-32.304339],[-58.094637,-32.304381],[-58.094806,-32.304854],[-58.094913,-32.304921],[-58.094999,-32.304147],[-58.095144,-32.303972],[-58.095545,-32.303843],[-58.095859,-32.303677],[-58.095943,-32.303517],[-58.096102,-32.303498],[-58.095942,-32.303503],[-58.095934,-32.303376],[-58.095787,-32.303271],[-58.095308,-32.303206],[-58.095364,-32.303102],[-58.095742,-32.302982],[-58.095685,-32.30288],[-58.095042,-32.302996],[-58.094961,-32.302808],[-58.09529,-32.302721],[-58.094949,-32.30278],[-58.094969,-32.30256],[-58.095151,-32.302344],[-58.094673,-32.30224],[-58.093899,-32.301653],[-58.093652,-32.301284],[-58.093904,-32.301156],[-58.093581,-32.301185],[-58.093525,-32.300933],[-58.09357,-32.300703],[-58.093326,-32.300562],[-58.093356,-32.300457],[-58.093215,-32.300439],[-58.093139,-32.30032],[-58.092789,-32.298779],[-58.092277,-32.297442],[-58.09181,-32.296589],[-58.091705,-32.295856],[-58.091864,-32.295535],[-58.091645,-32.295379],[-58.091568,-32.295165],[-58.091732,-32.294482],[-58.091498,-32.294141],[-58.091382,-32.293333],[-58.090925,-32.292497],[-58.090823,-32.292427],[-58.090919,-32.291374],[-58.090748,-32.290988],[-58.090796,-32.290883],[-58.090728,-32.290641],[-58.090522,-32.290333],[-58.090457,-32.290002],[-58.066769,-32.293299],[-58.066672,-32.293412],[-58.066545,-32.293335],[-58.054556,-32.294844],[-58.057305,-32.310313],[-58.057231,-32.310516],[-58.057345,-32.310584],[-58.050339,-32.311993],[-58.056621,-32.335614],[-58.057197,-32.335477],[-58.060657,-32.334055],[-58.061154,-32.334013],[-58.062722,-32.34338],[-58.062493,-32.344636],[-58.062755,-32.344545],[-58.063043,-32.345111],[-58.063238,-32.345038],[-58.063522,-32.345128],[-58.063971,-32.345021],[-58.064499,-32.344664],[-58.064593,-32.344438],[-58.065594,-32.344337],[-58.06575,-32.344223],[-58.066457,-32.344049],[-58.066878,-32.343721],[-58.066989,-32.343108],[-58.067325,-32.34275],[-58.067248,-32.342429],[-58.067439,-32.342085],[-58.067626,-32.342056],[-58.067789,-32.342136],[-58.06803,-32.341991],[-58.068869,-32.341789],[-58.06926,-32.341457],[-58.069682,-32.340819],[-58.070059,-32.340427],[-58.070472,-32.340218],[-58.070606,-32.340016],[-58.070726,-32.340094],[-58.070883,-32.340001],[-58.070963,-32.339846],[-58.070908,-32.339486],[-58.071112,-32.338953],[-58.071609,-32.338953],[-58.072082,-32.338669],[-58.072742,-32.338491],[-58.072924,-32.338198],[-58.072879,-32.337765],[-58.072658,-32.337575],[-58.072629,-32.337387],[-58.072787,-32.336884],[-58.072974,-32.336635],[-58.072852,-32.336317],[-58.072903,-32.336033],[-58.073108,-32.335812],[-58.073559,-32.335798],[-58.073967,-32.336104],[-58.074201,-32.336353],[-58.074382,-32.336753],[-58.0746,-32.336936],[-58.074962,-32.336989],[-58.075306,-32.336781],[-58.075645,-32.336848],[-58.075824,-32.336801],[-58.076304,-32.336934],[-58.076446,-32.337078],[-58.076654,-32.33714],[-58.078782,-32.337123],[-58.079284,-32.337455],[-58.079705,-32.337304],[-58.080276,-32.336956],[-58.08058,-32.336032],[-58.080769,-32.335792],[-58.081271,-32.335578],[-58.081628,-32.335547],[-58.082672,-32.335184],[-58.083499,-32.335394],[-58.084328,-32.335735],[-58.084833,-32.335626],[-58.085016,-32.335326],[-58.085226,-32.335249],[-58.085517,-32.335345],[-58.08611,-32.335299],[-58.086857,-32.335457],[-58.087349,-32.335369],[-58.088123,-32.334764],[-58.088184,-32.334324],[-58.088431,-32.333971],[-58.089357,-32.333348],[-58.09034,-32.333374],[-58.0918,-32.333035],[-58.093477,-32.332905],[-58.09372,-32.332968],[-58.093984,-32.333255],[-58.094174,-32.333337],[-58.094573,-32.33328],[-58.094971,-32.332956],[-58.095587,-32.331765],[-58.096063,-32.331124],[-58.096382,-32.330883],[-58.097122,-32.330723],[-58.097732,-32.330791],[-58.098014,-32.330909],[-58.098058,-32.33183]]]]}},{"type":"Feature","properties":{"nombre":"Mendoza Chico","departamento":"Florida"},"geometry":{"type":"MultiPolygon","coordinates":[[[[-56.218625,-34.244311],[-56.219088,-34.24437],[-56.218495,-34.243674],[-56.218452,-34.243243],[-56.218217,-34.242889],[-56.221665,-34.241553],[-56.220888,-34.240011],[-56.222179,-34.23956],[-56.221073,-34.237402],[-56.219161,-34.238075],[-56.218714,-34.237983],[-56.218607,-34.237843],[-56.218722,-34.235986],[-56.213165,-34.237912],[-56.213316,-34.247921],[-56.21566,-34.247113],[-56.215734,-34.246849],[-56.216414,-34.246646],[-56.216623,-34.246091],[-56.217229,-34.246139],[-56.21781,-34.244192],[-56.218625,-34.244311]]]]}},{"type":"Feature","properties":{"nombre":"Polanco del Yi","departamento":"Florida"},"geometry":{"type":"MultiPolygon","coordinates":[[[[-56.155196,-33.487191],[-56.155457,-33.488342],[-56.155175,-33.488622],[-56.155233,-33.488849],[-56.15419,-33.489016],[-56.154817,-33.490514],[-56.155186,-33.489691],[-56.155355,-33.489723],[-56.155778,-33.488712],[-56.156686,-33.488973],[-56.156724,-33.489648],[-56.157504,-33.489666],[-56.157464,-33.489367],[-56.157641,-33.489347],[-56.157596,-33.489139],[-56.157449,-33.489174],[-56.15728,-33.488112],[-56.157199,-33.488086],[-56.157375,-33.487762],[-56.156495,-33.487417],[-56.158053,-33.484701],[-56.157289,-33.484651],[-56.157203,-33.485126],[-56.156764,-33.485121],[-56.156371,-33.485101],[-56.156349,-33.484622],[-56.155708,-33.484629],[-56.156261,-33.48706],[-56.155196,-33.487191]]]]}},{"type":"Feature","properties":{"nombre":"La Barra","departamento":"Maldonado"},"geometry":{"type":"MultiPolygon","coordinates":[[[[-54.860647,-34.916867],[-54.860817,-34.916959],[-54.861067,-34.916918],[-54.861308,-34.917005],[-54.861373,-34.916919],[-54.861368,-34.917024],[-54.861457,-34.916957],[-54.861477,-34.917027],[-54.86161,-34.916895],[-54.861861,-34.916831],[-54.864102,-34.917224],[-54.864614,-34.917203],[-54.865718,-34.916743],[-54.865888,-34.916623],[-54.865973,-34.916376],[-54.865849,-34.915562],[-54.866006,-34.91531],[-54.866046,-34.914414],[-54.866241,-34.913767],[-54.865947,-34.912694],[-54.865634,-34.912119],[-54.865666,-34.911633],[-54.866232,-34.910898],[-54.867073,-34.910084],[-54.867669,-34.909674],[-54.869479,-34.909216],[-54.870875,-34.909436],[-54.872063,-34.909897],[-54.872535,-34.910356],[-54.872568,-34.9094],[-54.87248,-34.908921],[-54.872336,-34.90875],[-54.872019,-34.908694],[-54.866427,-34.90924],[-54.866112,-34.909467],[-54.865419,-34.911076],[-54.865232,-34.911346],[-54.865213,-34.911064],[-54.864295,-34.911072],[-54.864255,-34.911283],[-54.864075,-34.911356],[-54.86178,-34.911285],[-54.861861,-34.909239],[-54.86102,-34.908807],[-54.860079,-34.908169],[-54.858932,-34.906818],[-54.857459,-34.905749],[-54.856882,-34.903874],[-54.856405,-34.902675],[-54.856132,-34.902347],[-54.848718,-34.899841],[-54.843566,-34.897959],[-54.84304,-34.898469],[-54.842731,-34.899772],[-54.842551,-34.900072],[-54.842545,-34.900295],[-54.842143,-34.900592],[-54.842138,-34.900815],[-54.841837,-34.901033],[-54.843913,-34.905803],[-54.844105,-34.906396],[-54.838864,-34.910879],[-54.840002,-34.911328],[-54.842076,-34.912363],[-54.842842,-34.912881],[-54.843308,-34.913343],[-54.844053,-34.913613],[-54.844392,-34.914213],[-54.844639,-34.914447],[-54.844896,-34.914487],[-54.844906,-34.914649],[-54.845049,-34.914789],[-54.845572,-34.914778],[-54.845728,-34.914912],[-54.845873,-34.914927],[-54.846325,-34.914804],[-54.846861,-34.914973],[-54.849219,-34.916513],[-54.8494,-34.91679],[-54.849523,-34.917293],[-54.84941,-34.917566],[-54.849473,-34.917855],[-54.849902,-34.91806],[-54.850105,-34.918032],[-54.850215,-34.917873],[-54.850428,-34.917866],[-54.85048,-34.918058],[-54.850733,-34.91819],[-54.851058,-34.91812],[-54.851108,-34.918525],[-54.851529,-34.918807],[-54.851826,-34.918871],[-54.852262,-34.91883],[-54.852511,-34.918692],[-54.852597,-34.918721],[-54.85262,-34.918846],[-54.852724,-34.918779],[-54.853287,-34.918801],[-54.85323,-34.918617],[-54.853417,-34.918592],[-54.853316,-34.918467],[-54.853619,-34.918391],[-54.854077,-34.917893],[-54.854856,-34.91759],[-54.85546,-34.917634],[-54.855748,-34.917782],[-54.856067,-34.91762],[-54.856428,-34.917714],[-54.856712,-34.917909],[-54.85702,-34.917739],[-54.85761,-34.917909],[-54.857608,-34.917591],[-54.857765,-34.917397],[-54.857725,-34.917304],[-54.857858,-34.916938],[-54.858134,-34.916694],[-54.858543,-34.91657],[-54.860114,-34.916658],[-54.860178,-34.916784],[-54.860402,-34.916837],[-54.860526,-34.916776],[-54.860647,-34.916867]]]]}},{"type":"Feature","properties":{"nombre":"Soto","departamento":"Paysandú"},"geometry":{"type":"MultiPolygon","coordinates":[[[[-57.554633,-31.975803],[-57.556037,-31.975579],[-57.555521,-31.974615],[-57.554358,-31.974531],[-57.554135,-31.975186],[-57.55361,-31.975299],[-57.5532,-31.975607],[-57.552807,-31.975717],[-57.552873,-31.97607],[-57.554633,-31.975803]]]]}},{"type":"Feature","properties":{"nombre":"Reboledo","departamento":"Florida"},"geometry":{"type":"MultiPolygon","coordinates":[[[[-55.650916,-33.999395],[-55.651586,-33.999442],[-55.652027,-33.998124],[-55.65241,-33.998234],[-55.652514,-33.997881],[-55.651569,-33.997598],[-55.65178,-33.997109],[-55.651784,-33.996859],[-55.651184,-33.996645],[-55.651879,-33.994355],[-55.652047,-33.993446],[-55.6521,-33.992594],[-55.651708,-33.989459],[-55.650848,-33.989339],[-55.650885,-33.990183],[-55.648885,-33.990256],[-55.648972,-33.990694],[-55.648112,-33.990702],[-55.648145,-33.992064],[-55.648067,-33.992073],[-55.647946,-33.991903],[-55.647692,-33.991999],[-55.647784,-33.992206],[-55.647761,-33.992677],[-55.647423,-33.992711],[-55.647207,-33.993032],[-55.645658,-33.993008],[-55.645687,-33.993896],[-55.645549,-33.994116],[-55.645711,-33.997047],[-55.644132,-33.997101],[-55.644199,-33.99826],[-55.645858,-33.998192],[-55.645965,-34.000071],[-55.648815,-34.000112],[-55.648226,-34.001632],[-55.649089,-34.001889],[-55.649757,-34.000253],[-55.650311,-34.000404],[-55.65052,-34.000353],[-55.650916,-33.999395]]]]}},{"type":"Feature","properties":{"nombre":"Puntas de Arroyo Negro","departamento":"Paysandú"},"geometry":{"type":"MultiPolygon","coordinates":[[[[-57.558483,-32.478204],[-57.560202,-32.478919],[-57.560475,-32.478461],[-57.561174,-32.478751],[-57.561439,-32.478098],[-57.56208,-32.477254],[-57.560175,-32.47639],[-57.559557,-32.477256],[-57.558642,-32.476843],[-57.55764,-32.476028],[-57.55723,-32.476497],[-57.558222,-32.47737],[-57.558178,-32.477447],[-57.558741,-32.477726],[-57.558483,-32.478204]]]]}},{"type":"Feature","properties":{"nombre":"Rincon de Valentin","departamento":"Salto"},"geometry":{"type":"MultiPolygon","coordinates":[[[[-57.202902,-31.285284],[-57.202425,-31.281809],[-57.202478,-31.281682],[-57.200093,-31.280772],[-57.198111,-31.280189],[-57.19641,-31.279827],[-57.196401,-31.27997],[-57.195501,-31.279859],[-57.195447,-31.282636],[-57.197466,-31.282444],[-57.19747,-31.282951],[-57.196674,-31.284462],[-57.195971,-31.286076],[-57.202902,-31.285284]]]]}},{"type":"Feature","properties":{"nombre":"Pueblo Nuevo","departamento":"Rocha"},"geometry":{"type":"MultiPolygon","coordinates":[[[[-54.028352,-34.51233],[-54.028676,-34.512331],[-54.028844,-34.512138],[-54.029099,-34.512131],[-54.029281,-34.512219],[-54.029484,-34.512085],[-54.02957,-34.511875],[-54.029762,-34.511892],[-54.030395,-34.511659],[-54.030337,-34.511421],[-54.030069,-34.511052],[-54.030121,-34.510881],[-54.030585,-34.510631],[-54.030868,-34.510682],[-54.031386,-34.510525],[-54.033342,-34.507392],[-54.023343,-34.502645],[-54.02014,-34.495358],[-54.013056,-34.507582],[-54.00425,-34.50259],[-54.002612,-34.504635],[-54.004884,-34.506155],[-54.006318,-34.506952],[-54.007261,-34.507335],[-54.008603,-34.508049],[-54.011712,-34.510232],[-54.012639,-34.510695],[-54.013872,-34.511459],[-54.014963,-34.51194],[-54.017248,-34.513321],[-54.018483,-34.514288],[-54.019686,-34.514871],[-54.021699,-34.51608],[-54.022243,-34.515816],[-54.023043,-34.515086],[-54.023895,-34.515037],[-54.024866,-34.51527],[-54.025526,-34.5151],[-54.026287,-34.514764],[-54.027098,-34.51462],[-54.027921,-34.513733],[-54.027769,-34.513201],[-54.027824,-34.512527],[-54.028352,-34.51233]]]]}},{"type":"Feature","properties":{"nombre":"Lomas de la Pedrera","departamento":"Rocha"},"geometry":{"type":"MultiPolygon","coordinates":[[[[-54.089059,-34.552551],[-54.0956,-34.556976],[-54.103771,-34.553016],[-54.103858,-34.553085],[-54.104845,-34.552547],[-54.105106,-34.552478],[-54.10511,-34.552351],[-54.106857,-34.551477],[-54.102729,-34.547278],[-54.089059,-34.552551]]]]}},{"type":"Feature","properties":{"nombre":"Villa Paz S.a.","departamento":"Canelones"},"geometry":{"type":"MultiPolygon","coordinates":[[[[-56.235731,-34.750639],[-56.234918,-34.746808],[-56.234798,-34.746694],[-56.234594,-34.745687],[-56.234449,-34.745624],[-56.233213,-34.745589],[-56.233252,-34.751046],[-56.235816,-34.751026],[-56.235731,-34.750639]]]]}},{"type":"Feature","properties":{"nombre":"Arrocera Santa Fe","departamento":"Treinta y Tres"},"geometry":{"type":"MultiPolygon","coordinates":[[[[-54.058875,-33.12515],[-54.059985,-33.125287],[-54.05996,-33.123901],[-54.059668,-33.123855],[-54.059681,-33.123611],[-54.058976,-33.123451],[-54.059018,-33.123296],[-54.058722,-33.123242],[-54.05862,-33.123537],[-54.058117,-33.123434],[-54.057824,-33.124792],[-54.058583,-33.125108],[-54.058875,-33.12515]]]]}},{"type":"Feature","properties":{"nombre":"Estacion Capilla del Sauce","departamento":"Florida"},"geometry":{"type":"MultiPolygon","coordinates":[[[[-55.624734,-33.455767],[-55.625422,-33.455504],[-55.624318,-33.453481],[-55.625392,-33.453146],[-55.625925,-33.453759],[-55.626036,-33.453777],[-55.62654,-33.453478],[-55.626593,-33.453328],[-55.623659,-33.449692],[-55.622914,-33.450158],[-55.624219,-33.451727],[-55.621979,-33.452636],[-55.62296,-33.453926],[-55.624734,-33.455767]]]]}},{"type":"Feature","properties":{"nombre":"Villa Hadita","departamento":"Canelones"},"geometry":{"type":"MultiPolygon","coordinates":[[[[-56.059565,-34.712649],[-56.059344,-34.712498],[-56.059349,-34.71239],[-56.059501,-34.712239],[-56.059182,-34.712219],[-56.050866,-34.707513],[-56.046427,-34.709751],[-56.047767,-34.710371],[-56.048456,-34.711046],[-56.048817,-34.710785],[-56.056805,-34.713647],[-56.059691,-34.712655],[-56.059565,-34.712649]]]]}},{"type":"Feature","properties":{"nombre":"Bella Union","departamento":"Artigas"},"geometry":{"type":"MultiPolygon","coordinates":[[[[-57.604505,-30.275445],[-57.612266,-30.277337],[-57.612638,-30.277382],[-57.61302,-30.27731],[-57.614449,-30.277631],[-57.614808,-30.277615],[-57.615462,-30.277936],[-57.615894,-30.277858],[-57.615421,-30.276899],[-57.614983,-30.275383],[-57.614555,-30.274516],[-57.614528,-30.27436],[-57.614645,-30.274189],[-57.614495,-30.274029],[-57.614452,-30.273663],[-57.614341,-30.27345],[-57.614273,-30.272464],[-57.613892,-30.271094],[-57.613579,-30.269003],[-57.613577,-30.267576],[-57.613471,-30.267111],[-57.613242,-30.266814],[-57.613192,-30.266569],[-57.613323,-30.265452],[-57.613174,-30.26479],[-57.613204,-30.264014],[-57.61301,-30.263488],[-57.613028,-30.263203],[-57.613182,-30.263125],[-57.613176,-30.262909],[-57.613033,-30.262713],[-57.613157,-30.262417],[-57.612979,-30.262284],[-57.612884,-30.261982],[-57.612143,-30.261249],[-57.61212,-30.261178],[-57.612236,-30.26107],[-57.612059,-30.261132],[-57.611609,-30.260738],[-57.611541,-30.260583],[-57.611775,-30.260396],[-57.611416,-30.260418],[-57.611166,-30.260255],[-57.610499,-30.259365],[-57.610158,-30.258543],[-57.609666,-30.256937],[-57.609631,-30.25623],[-57.609745,-30.256022],[-57.609914,-30.256131],[-57.609791,-30.255905],[-57.609821,-30.255724],[-57.609892,-30.255695],[-57.609711,-30.255589],[-57.609501,-30.25515],[-57.609481,-30.253829],[-57.60939,-30.253769],[-57.609378,-30.253583],[-57.609444,-30.253445],[-57.609421,-30.253052],[-57.608973,-30.252013],[-57.609252,-30.251721],[-57.60924,-30.251217],[-57.609376,-30.251213],[-57.609239,-30.250685],[-57.609313,-30.250211],[-57.609001,-30.249415],[-57.609007,-30.249162],[-57.609108,-30.248985],[-57.609092,-30.248657],[-57.608923,-30.248365],[-57.609001,-30.247981],[-57.60866,-30.247686],[-57.608644,-30.247456],[-57.608084,-30.247394],[-57.607998,-30.247237],[-57.608055,-30.247034],[-57.607646,-30.246904],[-57.607823,-30.246683],[-57.60822,-30.246502],[-57.6082,-30.246402],[-57.608004,-30.246212],[-57.607222,-30.246079],[-57.606655,-30.245828],[-57.606124,-30.245754],[-57.605358,-30.245885],[-57.604264,-30.245652],[-57.604004,-30.245662],[-57.581532,-30.240276],[-57.581423,-30.240767],[-57.581242,-30.240873],[-57.581351,-30.241033],[-57.579215,-30.247379],[-57.578322,-30.250303],[-57.578408,-30.250376],[-57.585526,-30.252097],[-57.582928,-30.260173],[-57.590315,-30.261951],[-57.587333,-30.271349],[-57.604505,-30.275445]]]]}},{"type":"Feature","properties":{"nombre":"La Boyada","departamento":"San José"},"geometry":{"type":"MultiPolygon","coordinates":[[[[-56.984848,-34.408686],[-56.985515,-34.40941],[-56.986335,-34.40897],[-56.986694,-34.408879],[-56.988032,-34.408878],[-56.988823,-34.409393],[-56.989019,-34.409269],[-56.989263,-34.409512],[-56.990046,-34.409033],[-56.988481,-34.408026],[-56.988613,-34.406299],[-56.984848,-34.408686]]]]}},{"type":"Feature","properties":{"nombre":"Radial Hernandez","departamento":"Colonia"},"geometry":{"type":"MultiPolygon","coordinates":[[[[-58.009553,-34.124516],[-58.009814,-34.124431],[-58.011132,-34.123393],[-58.008119,-34.120744],[-58.008135,-34.120592],[-58.00946,-34.120218],[-58.00852,-34.117897],[-58.009323,-34.11766],[-58.009417,-34.117536],[-58.008438,-34.114933],[-58.007538,-34.115358],[-58.006963,-34.115525],[-58.008042,-34.118187],[-58.0081,-34.118427],[-58.007979,-34.119497],[-58.007673,-34.119487],[-58.007315,-34.119757],[-58.006718,-34.120007],[-58.006668,-34.120265],[-58.006903,-34.120941],[-58.004341,-34.121665],[-58.004784,-34.122802],[-58.004921,-34.122852],[-58.006954,-34.122273],[-58.009389,-34.124445],[-58.009553,-34.124516]]]]}},{"type":"Feature","properties":{"nombre":"Capurro","departamento":"San José"},"geometry":{"type":"MultiPolygon","coordinates":[[[[-56.464595,-34.438173],[-56.469216,-34.437568],[-56.468339,-34.435181],[-56.469582,-34.434647],[-56.469089,-34.433306],[-56.469753,-34.433019],[-56.469243,-34.431971],[-56.469215,-34.431507],[-56.468734,-34.43095],[-56.468422,-34.430816],[-56.468325,-34.430367],[-56.468177,-34.430303],[-56.468161,-34.430113],[-56.467974,-34.430004],[-56.467975,-34.429803],[-56.468094,-34.429672],[-56.468004,-34.42953],[-56.468052,-34.42935],[-56.467339,-34.428857],[-56.466828,-34.428764],[-56.466498,-34.428543],[-56.46644,-34.428256],[-56.466174,-34.428207],[-56.466083,-34.42774],[-56.465861,-34.427311],[-56.465871,-34.427047],[-56.465683,-34.426846],[-56.465753,-34.426248],[-56.465501,-34.426194],[-56.465605,-34.425968],[-56.465394,-34.425834],[-56.465345,-34.425512],[-56.465011,-34.425373],[-56.465147,-34.425111],[-56.465103,-34.424976],[-56.46491,-34.42485],[-56.464981,-34.424666],[-56.464741,-34.424578],[-56.464565,-34.424361],[-56.464433,-34.424073],[-56.464321,-34.42403],[-56.464199,-34.423632],[-56.464015,-34.423382],[-56.463755,-34.423304],[-56.463666,-34.422853],[-56.463232,-34.422214],[-56.462646,-34.421804],[-56.462188,-34.420896],[-56.462126,-34.420556],[-56.461852,-34.42027],[-56.4618,-34.42009],[-56.458694,-34.420826],[-56.45856,-34.420071],[-56.456954,-34.420448],[-56.457225,-34.42103],[-56.457075,-34.421059],[-56.457789,-34.421898],[-56.458021,-34.421945],[-56.458848,-34.421741],[-56.4613,-34.427242],[-56.464245,-34.435384],[-56.456837,-34.437311],[-56.457266,-34.439053],[-56.464595,-34.438173]]]]}},{"type":"Feature","properties":{"nombre":"La Asuncion","departamento":"Canelones"},"geometry":{"type":"MultiPolygon","coordinates":[[[[-55.986753,-34.818818],[-55.988707,-34.813215],[-55.987282,-34.813244],[-55.98566,-34.813463],[-55.986279,-34.816005],[-55.986004,-34.815919],[-55.984785,-34.819546],[-55.986343,-34.820087],[-55.986753,-34.818818]]]]}},{"type":"Feature","properties":{"nombre":"Quintas del Bosque","departamento":"Canelones"},"geometry":{"type":"MultiPolygon","coordinates":[[[[-55.989373,-34.820182],[-55.989124,-34.820499],[-55.989932,-34.820922],[-55.991438,-34.818346],[-55.990715,-34.818091],[-55.990392,-34.818635],[-55.99008,-34.81891],[-55.989373,-34.820182]]]]}},{"type":"Feature","properties":{"nombre":"Paso Hospital","departamento":"Rivera"},"geometry":{"type":"MultiPolygon","coordinates":[[[[-54.622496,-31.654663],[-54.623337,-31.653737],[-54.6227,-31.651858],[-54.623215,-31.65171],[-54.623032,-31.651201],[-54.622931,-31.651147],[-54.622473,-31.649602],[-54.622141,-31.649694],[-54.622073,-31.64955],[-54.621773,-31.649452],[-54.621598,-31.648961],[-54.621292,-31.649052],[-54.621077,-31.648619],[-54.62032,-31.648816],[-54.620471,-31.649252],[-54.619845,-31.649344],[-54.619951,-31.649836],[-54.620605,-31.64966],[-54.622119,-31.654003],[-54.619081,-31.652877],[-54.61917,-31.652611],[-54.618159,-31.652273],[-54.61809,-31.652405],[-54.61875,-31.654722],[-54.618354,-31.654603],[-54.61826,-31.654805],[-54.618631,-31.654948],[-54.618463,-31.655537],[-54.620497,-31.656343],[-54.620389,-31.656578],[-54.620221,-31.65652],[-54.620146,-31.656664],[-54.620304,-31.656716],[-54.62023,-31.656881],[-54.620627,-31.65704],[-54.620812,-31.656723],[-54.620704,-31.656679],[-54.620841,-31.656463],[-54.623277,-31.657334],[-54.622367,-31.654728],[-54.622496,-31.654663]]]]}},{"type":"Feature","properties":{"nombre":"Parada Cabrera","departamento":"Canelones"},"geometry":{"type":"MultiPolygon","coordinates":[[[[-56.25859,-34.62705],[-56.265448,-34.62579],[-56.263901,-34.620244],[-56.261701,-34.613348],[-56.26149,-34.612829],[-56.260946,-34.611984],[-56.260611,-34.611694],[-56.260598,-34.612482],[-56.26031,-34.613561],[-56.256622,-34.622556],[-56.256465,-34.622502],[-56.243309,-34.625305],[-56.243739,-34.627455],[-56.243764,-34.62834],[-56.253952,-34.628003],[-56.253635,-34.6287],[-56.253859,-34.628729],[-56.254214,-34.627942],[-56.25859,-34.62705]]]]}},{"type":"Feature","properties":{"nombre":"Las Higueritas","departamento":"Canelones"},"geometry":{"type":"MultiPolygon","coordinates":[[[[-55.992846,-34.815933],[-55.993153,-34.815404],[-55.98813,-34.814822],[-55.987423,-34.816872],[-55.991438,-34.818346],[-55.992846,-34.815933]]]]}},{"type":"Feature","properties":{"nombre":"Poblado Uruguay","departamento":"Cerro Largo"},"geometry":{"type":"MultiPolygon","coordinates":[[[[-53.504938,-32.509636],[-53.509024,-32.504605],[-53.508971,-32.504462],[-53.505857,-32.502528],[-53.497627,-32.504161],[-53.504938,-32.509636]]]]}},{"type":"Feature","properties":{"nombre":"Barra de Valizas","departamento":"Rocha"},"geometry":{"type":"MultiPolygon","coordinates":[[[[-53.796228,-34.338821],[-53.797253,-34.338382],[-53.797226,-34.338322],[-53.800891,-34.336843],[-53.805,-34.333753],[-53.805202,-34.333465],[-53.8044,-34.333636],[-53.798686,-34.334371],[-53.797994,-34.333244],[-53.796989,-34.33287],[-53.796929,-34.332688],[-53.796431,-34.332177],[-53.796358,-34.331828],[-53.796604,-34.331318],[-53.796452,-34.330999],[-53.795444,-34.330382],[-53.795116,-34.330391],[-53.794798,-34.330162],[-53.794855,-34.329818],[-53.794616,-34.329601],[-53.79416,-34.329556],[-53.794155,-34.32932],[-53.794004,-34.329144],[-53.793693,-34.32906],[-53.793515,-34.32885],[-53.793087,-34.328189],[-53.792923,-34.328099],[-53.792872,-34.327838],[-53.792739,-34.327664],[-53.792914,-34.327348],[-53.792512,-34.326981],[-53.792446,-34.326387],[-53.79193,-34.326132],[-53.791818,-34.327713],[-53.791487,-34.32997],[-53.790784,-34.333347],[-53.790146,-34.335817],[-53.789242,-34.338524],[-53.788705,-34.339711],[-53.787866,-34.341247],[-53.788351,-34.341372],[-53.788764,-34.341717],[-53.788845,-34.341985],[-53.788305,-34.343322],[-53.788364,-34.343796],[-53.789353,-34.344192],[-53.790142,-34.344675],[-53.791257,-34.344774],[-53.792303,-34.344448],[-53.793142,-34.343837],[-53.793457,-34.343373],[-53.793906,-34.342201],[-53.794111,-34.341928],[-53.794958,-34.342178],[-53.795028,-34.341788],[-53.794585,-34.339872],[-53.794585,-34.339467],[-53.796228,-34.338821]]]]}},{"type":"Feature","properties":{"nombre":"Las Piedras","departamento":"Canelones"},"geometry":{"type":"MultiPolygon","coordinates":[[[[-56.241892,-34.736611],[-56.244428,-34.736097],[-56.244474,-34.736248],[-56.248138,-34.735654],[-56.24772,-34.734116],[-56.249436,-34.733808],[-56.250535,-34.738057],[-56.250825,-34.73799],[-56.248692,-34.729685],[-56.246526,-34.721923],[-56.246495,-34.721459],[-56.246734,-34.721062],[-56.245946,-34.720967],[-56.245355,-34.7213],[-56.244926,-34.721403],[-56.234765,-34.723215],[-56.234701,-34.721643],[-56.234528,-34.720845],[-56.23147,-34.720885],[-56.231436,-34.718236],[-56.230653,-34.71837],[-56.225997,-34.718358],[-56.225991,-34.71786],[-56.223741,-34.717865],[-56.223739,-34.718021],[-56.222122,-34.718067],[-56.219762,-34.715732],[-56.217078,-34.710983],[-56.216552,-34.70891],[-56.216353,-34.707079],[-56.215661,-34.7072],[-56.215918,-34.708525],[-56.215911,-34.709092],[-56.214059,-34.715626],[-56.214003,-34.716958],[-56.210702,-34.712855],[-56.202052,-34.704264],[-56.181733,-34.718429],[-56.184763,-34.718884],[-56.186265,-34.719418],[-56.185464,-34.720083],[-56.184804,-34.720451],[-56.183954,-34.720735],[-56.182946,-34.721434],[-56.182806,-34.721644],[-56.183262,-34.721675],[-56.183487,-34.721874],[-56.18389,-34.721877],[-56.183968,-34.7221],[-56.184324,-34.722117],[-56.184571,-34.722239],[-56.18515,-34.722256],[-56.185682,-34.721985],[-56.186901,-34.721945],[-56.187468,-34.722146],[-56.187729,-34.722387],[-56.187999,-34.722477],[-56.189536,-34.722205],[-56.19031,-34.721863],[-56.190806,-34.721852],[-56.191362,-34.721477],[-56.191658,-34.721415],[-56.192318,-34.721832],[-56.192903,-34.722523],[-56.192961,-34.723003],[-56.19315,-34.723257],[-56.193014,-34.723788],[-56.193308,-34.724152],[-56.193229,-34.724564],[-56.193319,-34.724987],[-56.1935,-34.725078],[-56.1939,-34.725109],[-56.193953,-34.725255],[-56.194457,-34.725382],[-56.194504,-34.725538],[-56.194853,-34.725866],[-56.195608,-34.72628],[-56.195852,-34.726644],[-56.196098,-34.726661],[-56.19661,-34.726894],[-56.197494,-34.727041],[-56.197799,-34.727227],[-56.19871,-34.727388],[-56.198963,-34.72782],[-56.199412,-34.727902],[-56.200344,-34.728344],[-56.200627,-34.728595],[-56.201081,-34.729222],[-56.201697,-34.729588],[-56.202042,-34.729888],[-56.203138,-34.730397],[-56.2036,-34.731004],[-56.203754,-34.731598],[-56.204003,-34.732031],[-56.20435,-34.732339],[-56.20414,-34.732866],[-56.204326,-34.733146],[-56.204336,-34.733351],[-56.204768,-34.733578],[-56.204809,-34.73382],[-56.204975,-34.733914],[-56.205041,-34.734059],[-56.204809,-34.734268],[-56.204867,-34.7347],[-56.204636,-34.73499],[-56.20472,-34.735203],[-56.205119,-34.735627],[-56.205294,-34.73571],[-56.20547,-34.736014],[-56.205489,-34.736275],[-56.205984,-34.737006],[-56.206406,-34.737057],[-56.206827,-34.737321],[-56.206936,-34.737452],[-56.206824,-34.737613],[-56.207365,-34.73802],[-56.207546,-34.738616],[-56.207593,-34.73919],[-56.207862,-34.73969],[-56.207876,-34.740176],[-56.20814,-34.7406],[-56.208239,-34.741004],[-56.208544,-34.741194],[-56.209163,-34.741294],[-56.209836,-34.741777],[-56.210976,-34.742213],[-56.211211,-34.742398],[-56.211316,-34.742722],[-56.211609,-34.743019],[-56.211988,-34.74319],[-56.212134,-34.74334],[-56.212201,-34.743801],[-56.212136,-34.743932],[-56.212194,-34.744276],[-56.212157,-34.744875],[-56.212378,-34.745808],[-56.21234,-34.745946],[-56.212014,-34.746285],[-56.212068,-34.746595],[-56.21244,-34.747007],[-56.212711,-34.747174],[-56.213378,-34.74811],[-56.213607,-34.74819],[-56.214091,-34.748141],[-56.214275,-34.748193],[-56.214462,-34.74835],[-56.214662,-34.74873],[-56.214952,-34.748712],[-56.215163,-34.748796],[-56.215485,-34.748627],[-56.215628,-34.748278],[-56.215938,-34.748022],[-56.215855,-34.747727],[-56.215962,-34.747536],[-56.216001,-34.747207],[-56.216371,-34.747156],[-56.216442,-34.746791],[-56.216933,-34.746488],[-56.217636,-34.746383],[-56.217817,-34.746087],[-56.218375,-34.745635],[-56.218679,-34.745237],[-56.218686,-34.745071],[-56.219132,-34.744865],[-56.219671,-34.744191],[-56.219785,-34.744251],[-56.219788,-34.744007],[-56.220118,-34.743607],[-56.22122,-34.742555],[-56.223799,-34.742508],[-56.223782,-34.739577],[-56.229586,-34.739553],[-56.241864,-34.736707],[-56.241892,-34.736611]]]]}},{"type":"Feature","properties":{"nombre":"Morato","departamento":"Paysandú"},"geometry":{"type":"MultiPolygon","coordinates":[[[[-56.703647,-32.381667],[-56.70531,-32.379984],[-56.704413,-32.379296],[-56.70471,-32.378965],[-56.704794,-32.378889],[-56.705604,-32.379495],[-56.706958,-32.378238],[-56.706027,-32.377513],[-56.705931,-32.377568],[-56.704352,-32.376355],[-56.704397,-32.376286],[-56.703375,-32.375482],[-56.701605,-32.377162],[-56.69854,-32.37483],[-56.694831,-32.375695],[-56.695931,-32.376398],[-56.695997,-32.376376],[-56.702659,-32.381042],[-56.702258,-32.381438],[-56.703201,-32.382137],[-56.703647,-32.381667]]]]}},{"type":"Feature","properties":{"nombre":"Haras del Lago","departamento":"Canelones"},"geometry":{"type":"MultiPolygon","coordinates":[[[[-55.989796,-34.82083],[-55.989124,-34.820499],[-55.989297,-34.820337],[-55.99008,-34.81891],[-55.990392,-34.818635],[-55.990715,-34.818091],[-55.987423,-34.816872],[-55.986343,-34.820087],[-55.989685,-34.821355],[-55.989932,-34.820922],[-55.989796,-34.82083]]]]}},{"type":"Feature","properties":{"nombre":"Constancia","departamento":"Paysandú"},"geometry":{"type":"MultiPolygon","coordinates":[[[[-58.010876,-32.210696],[-58.010787,-32.210283],[-58.009768,-32.21045],[-58.00975,-32.210402],[-58.009076,-32.210502],[-58.009109,-32.210939],[-58.006663,-32.209097],[-58.007444,-32.208614],[-58.007234,-32.208243],[-58.00702,-32.20809],[-58.006401,-32.207914],[-58.007461,-32.202358],[-58.00738,-32.202309],[-58.004181,-32.203413],[-58.003799,-32.20306],[-58.00127,-32.205472],[-58.005749,-32.208617],[-58.009361,-32.212121],[-58.01254,-32.211205],[-58.012328,-32.210445],[-58.010876,-32.210696]]]]}},{"type":"Feature","properties":{"nombre":"Colonia Delta","departamento":"San José"},"geometry":{"type":"MultiPolygon","coordinates":[[[[-57.019456,-34.44037],[-57.019802,-34.440223],[-57.020188,-34.440846],[-57.020775,-34.440522],[-57.021033,-34.440923],[-57.022996,-34.440185],[-57.022814,-34.439755],[-57.022576,-34.439637],[-57.021935,-34.438835],[-57.021316,-34.437637],[-57.021158,-34.437549],[-57.020216,-34.437799],[-57.020081,-34.438527],[-57.019966,-34.438669],[-57.018785,-34.439264],[-57.019456,-34.44037]]]]}},{"type":"Feature","properties":{"nombre":"Cuchilla de Fuego","departamento":"Paysandú"},"geometry":{"type":"MultiPolygon","coordinates":[[[[-56.914178,-32.090144],[-56.914261,-32.089985],[-56.914822,-32.090158],[-56.915055,-32.089582],[-56.914983,-32.089561],[-56.915525,-32.088428],[-56.914429,-32.088082],[-56.913934,-32.087696],[-56.913238,-32.087336],[-56.912767,-32.087924],[-56.913744,-32.088353],[-56.912856,-32.089484],[-56.914178,-32.090144]]]]}},{"type":"Feature","properties":{"nombre":"Cerro Chapeu","departamento":"Rivera"},"geometry":{"type":"MultiPolygon","coordinates":[[[[-55.505242,-30.935072],[-55.506464,-30.935834],[-55.506842,-30.935131],[-55.508809,-30.932223],[-55.508057,-30.930892],[-55.510698,-30.92927],[-55.508242,-30.92645],[-55.508807,-30.926403],[-55.509802,-30.926137],[-55.509312,-30.925635],[-55.511784,-30.923918],[-55.513122,-30.924143],[-55.512727,-30.92273],[-55.510613,-30.922419],[-55.51084,-30.921633],[-55.509795,-30.920875],[-55.508544,-30.922463],[-55.507372,-30.921816],[-55.506743,-30.922365],[-55.505874,-30.92214],[-55.50497,-30.923463],[-55.504004,-30.924522],[-55.501772,-30.925377],[-55.500459,-30.929141],[-55.497277,-30.931498],[-55.500277,-30.932967],[-55.500831,-30.932266],[-55.505242,-30.935072]]]]}},{"type":"Feature","properties":{"nombre":"19 de Junio","departamento":"Lavalleja"},"geometry":{"type":"MultiPolygon","coordinates":[[[[-54.32976,-33.610475],[-54.329801,-33.60983],[-54.328637,-33.609787],[-54.327774,-33.609554],[-54.327501,-33.609744],[-54.327835,-33.61095],[-54.328196,-33.611776],[-54.328859,-33.612733],[-54.329191,-33.613116],[-54.330168,-33.613867],[-54.331293,-33.614422],[-54.331908,-33.613691],[-54.332005,-33.613628],[-54.332348,-33.61367],[-54.332624,-33.612703],[-54.333186,-33.612307],[-54.334423,-33.611635],[-54.335307,-33.610997],[-54.335907,-33.609967],[-54.336522,-33.608681],[-54.335231,-33.609886],[-54.334022,-33.610613],[-54.334103,-33.609454],[-54.330982,-33.609445],[-54.330989,-33.609317],[-54.330203,-33.609288],[-54.330126,-33.610495],[-54.32976,-33.610475]]]]}},{"type":"Feature","properties":{"nombre":"Punta de Carretera","departamento":"Tacuarembó"},"geometry":{"type":"MultiPolygon","coordinates":[[[[-55.186455,-32.083948],[-55.186152,-32.082944],[-55.186042,-32.08292],[-55.185571,-32.081178],[-55.185496,-32.0806],[-55.184341,-32.080791],[-55.184414,-32.081177],[-55.183619,-32.083225],[-55.183837,-32.0846],[-55.186577,-32.084206],[-55.186455,-32.083948]]]]}},{"type":"Feature","properties":{"nombre":"Huerta de los Horneros","departamento":"Canelones"},"geometry":{"type":"MultiPolygon","coordinates":[[[[-55.978174,-34.800181],[-55.977317,-34.796892],[-55.972809,-34.797688],[-55.973679,-34.800976],[-55.978174,-34.800181]]]]}},{"type":"Feature","properties":{"nombre":"Puntas de Valentin","departamento":"Salto"},"geometry":{"type":"MultiPolygon","coordinates":[[[[-57.134701,-31.500812],[-57.134836,-31.500775],[-57.134949,-31.500387],[-57.134709,-31.499164],[-57.134618,-31.499114],[-57.134533,-31.498761],[-57.133823,-31.498727],[-57.133769,-31.498459],[-57.133481,-31.498492],[-57.133382,-31.498207],[-57.132413,-31.498348],[-57.132408,-31.498602],[-57.131925,-31.498677],[-57.131991,-31.498988],[-57.131349,-31.499088],[-57.131701,-31.501197],[-57.135316,-31.502144],[-57.135671,-31.501136],[-57.134701,-31.500812]]]]}},{"type":"Feature","properties":{"nombre":"Blanca Arena","departamento":"Colonia"},"geometry":{"type":"MultiPolygon","coordinates":[[[[-57.295577,-34.437026],[-57.300363,-34.437675],[-57.300156,-34.436645],[-57.300069,-34.435281],[-57.299967,-34.434737],[-57.299767,-34.434747],[-57.299579,-34.433085],[-57.29688,-34.433313],[-57.296861,-34.432447],[-57.296521,-34.429901],[-57.294508,-34.430028],[-57.294658,-34.43119],[-57.294928,-34.431173],[-57.295133,-34.432698],[-57.289448,-34.432973],[-57.289099,-34.434935],[-57.289142,-34.435276],[-57.289296,-34.435616],[-57.289244,-34.436345],[-57.295577,-34.437026]]]]}},{"type":"Feature","properties":{"nombre":"Capilla de Cella","departamento":"Canelones"},"geometry":{"type":"MultiPolygon","coordinates":[[[[-55.520957,-34.700064],[-55.522685,-34.699664],[-55.521924,-34.697385],[-55.519363,-34.698036],[-55.51599,-34.698671],[-55.516234,-34.699902],[-55.516097,-34.700043],[-55.516085,-34.700186],[-55.516194,-34.700255],[-55.516045,-34.700435],[-55.516578,-34.700764],[-55.516887,-34.700432],[-55.517281,-34.700732],[-55.517519,-34.700748],[-55.518748,-34.699903],[-55.520632,-34.69948],[-55.520711,-34.699801],[-55.520882,-34.699773],[-55.520957,-34.700064]]]]}},{"type":"Feature","properties":{"nombre":"Punta Ballena","departamento":"Maldonado"},"geometry":{"type":"MultiPolygon","coordinates":[[[[-55.073162,-34.878766],[-55.075551,-34.878346],[-55.076376,-34.878344],[-55.080883,-34.878002],[-55.080874,-34.874233],[-55.081604,-34.87347],[-55.079387,-34.873444],[-55.0788,-34.873507],[-55.078665,-34.873398],[-55.077995,-34.872279],[-55.078818,-34.871572],[-55.078715,-34.871544],[-55.080258,-34.869793],[-55.079735,-34.869433],[-55.079486,-34.86911],[-55.079213,-34.869004],[-55.078775,-34.869043],[-55.078312,-34.869232],[-55.077966,-34.869225],[-55.077772,-34.869093],[-55.07763,-34.868804],[-55.077576,-34.868163],[-55.077469,-34.867848],[-55.077067,-34.86704],[-55.076736,-34.866727],[-55.076558,-34.866682],[-55.076348,-34.866784],[-55.07613,-34.866782],[-55.075962,-34.866625],[-55.075942,-34.866422],[-55.076454,-34.865597],[-55.076457,-34.86543],[-55.076314,-34.865214],[-55.075768,-34.864854],[-55.075138,-34.864713],[-55.074675,-34.86409],[-55.073858,-34.86352],[-55.073612,-34.863676],[-55.073826,-34.864031],[-55.073765,-34.864243],[-55.073452,-34.864392],[-55.072337,-34.8643],[-55.071733,-34.864104],[-55.070746,-34.86357],[-55.069382,-34.86335],[-55.068961,-34.86316],[-55.068799,-34.86299],[-55.069011,-34.862612],[-55.068738,-34.86244],[-55.068496,-34.862482],[-55.067724,-34.862256],[-55.067205,-34.862324],[-55.066337,-34.862219],[-55.066249,-34.862065],[-55.065807,-34.861951],[-55.06534,-34.861349],[-55.065272,-34.861119],[-55.064778,-34.860852],[-55.064603,-34.860453],[-55.064253,-34.860356],[-55.06368,-34.860362],[-55.062745,-34.859996],[-55.061935,-34.859815],[-55.061828,-34.859631],[-55.061627,-34.859551],[-55.060667,-34.859422],[-55.060573,-34.859272],[-55.060566,-34.859008],[-55.059959,-34.858781],[-55.05947,-34.858899],[-55.058417,-34.858756],[-55.058465,-34.858493],[-55.058261,-34.858307],[-55.057339,-34.858475],[-55.057106,-34.858368],[-55.057122,-34.858254],[-55.057022,-34.858378],[-55.055575,-34.858436],[-55.055188,-34.858349],[-55.055177,-34.858223],[-55.05529,-34.858156],[-55.055041,-34.858095],[-55.054955,-34.858219],[-55.054567,-34.858156],[-55.05406,-34.857838],[-55.053709,-34.85797],[-55.053476,-34.857852],[-55.053376,-34.857953],[-55.053072,-34.85788],[-55.052979,-34.857718],[-55.052078,-34.857612],[-55.051031,-34.857801],[-55.050576,-34.857611],[-55.050381,-34.857665],[-55.04843,-34.857278],[-55.048199,-34.857057],[-55.047842,-34.856879],[-55.047397,-34.856861],[-55.046548,-34.857076],[-55.044749,-34.856566],[-55.044525,-34.856643],[-55.044067,-34.856624],[-55.042951,-34.856193],[-55.042122,-34.855985],[-55.041801,-34.856026],[-55.041484,-34.855918],[-55.041005,-34.855589],[-55.041054,-34.855427],[-55.040947,-34.855013],[-55.040979,-34.854735],[-55.041236,-34.854598],[-55.041642,-34.853938],[-55.041591,-34.85317],[-55.041469,-34.852825],[-55.041202,-34.852579],[-55.040989,-34.852163],[-55.04098,-34.851957],[-55.041534,-34.851484],[-55.041624,-34.851188],[-55.041297,-34.850476],[-55.040421,-34.850855],[-55.036657,-34.851318],[-55.035681,-34.851329],[-55.033734,-34.847146],[-55.033382,-34.846176],[-55.031844,-34.846369],[-55.029787,-34.84763],[-55.028817,-34.847306],[-55.02825,-34.846983],[-55.027962,-34.846909],[-55.027812,-34.847],[-55.028046,-34.847324],[-55.028051,-34.84744],[-55.026841,-34.847548],[-55.026682,-34.849492],[-55.026384,-34.849789],[-55.026461,-34.850564],[-55.026287,-34.850881],[-55.027213,-34.854307],[-55.036384,-34.852941],[-55.040002,-34.860993],[-55.03979,-34.861101],[-55.038684,-34.863814],[-55.038231,-34.865177],[-55.038352,-34.866442],[-55.038788,-34.866843],[-55.042163,-34.867694],[-55.040072,-34.878631],[-55.041171,-34.879436],[-55.042462,-34.880584],[-55.043854,-34.881625],[-55.045178,-34.882745],[-55.043417,-34.883823],[-55.041728,-34.884719],[-55.039707,-34.886065],[-55.039597,-34.886075],[-55.039196,-34.886019],[-55.038723,-34.885731],[-55.037209,-34.884477],[-55.036924,-34.884354],[-55.036685,-34.884517],[-55.036238,-34.885095],[-55.035964,-34.885175],[-55.035638,-34.885137],[-55.034495,-34.884575],[-55.033363,-34.884319],[-55.033042,-34.884317],[-55.028273,-34.88535],[-55.026879,-34.885565],[-55.02364,-34.885775],[-55.021731,-34.885782],[-55.021739,-34.885696],[-55.019625,-34.885513],[-55.017444,-34.885092],[-55.016273,-34.88477],[-55.014786,-34.884188],[-55.014107,-34.884026],[-55.01096,-34.883496],[-55.005838,-34.882459],[-55.004722,-34.88238],[-55.004726,-34.882459],[-55.000535,-34.88302],[-55.000745,-34.88347],[-55.000989,-34.884668],[-55.001324,-34.885428],[-55.001286,-34.885814],[-55.001118,-34.886149],[-55.001195,-34.886368],[-55.001453,-34.886625],[-55.001569,-34.886986],[-55.001412,-34.887448],[-55.000539,-34.888312],[-55.000281,-34.888673],[-55.00032,-34.888943],[-55.001015,-34.889716],[-55.001711,-34.890308],[-55.002548,-34.89054],[-55.002754,-34.891236],[-55.003629,-34.891339],[-55.004145,-34.891545],[-55.005239,-34.892833],[-55.005252,-34.893026],[-55.005999,-34.893258],[-55.006128,-34.893476],[-55.007089,-34.894353],[-55.006768,-34.894722],[-55.006849,-34.894858],[-55.006781,-34.89498],[-55.006426,-34.894946],[-55.006234,-34.895046],[-55.006184,-34.89523],[-55.006031,-34.895272],[-55.005816,-34.895205],[-55.005531,-34.894806],[-55.005046,-34.894458],[-55.004867,-34.894282],[-55.004807,-34.894038],[-55.004677,-34.893945],[-55.00398,-34.893933],[-55.003767,-34.894053],[-55.003595,-34.894371],[-55.003248,-34.894357],[-55.003151,-34.894479],[-55.00316,-34.894626],[-55.003359,-34.894749],[-55.003115,-34.895014],[-55.002514,-34.895188],[-55.002436,-34.895465],[-55.002552,-34.896044],[-55.003239,-34.896456],[-55.003323,-34.89691],[-55.004478,-34.897783],[-55.00533,-34.898722],[-55.005665,-34.899232],[-55.005817,-34.899686],[-55.005982,-34.90078],[-55.00648,-34.90218],[-55.006672,-34.902395],[-55.006263,-34.902701],[-55.005866,-34.903271],[-55.005408,-34.904435],[-55.005244,-34.904619],[-55.005264,-34.9051],[-55.005176,-34.905302],[-55.005297,-34.905912],[-55.005435,-34.906127],[-55.005576,-34.906191],[-55.005687,-34.906495],[-55.005916,-34.907362],[-55.005925,-34.907791],[-55.006158,-34.908259],[-55.006246,-34.908289],[-55.006198,-34.908574],[-55.006347,-34.908907],[-55.006494,-34.908993],[-55.006827,-34.909004],[-55.008161,-34.908851],[-55.008398,-34.909738],[-55.011003,-34.909654],[-55.012317,-34.909726],[-55.012502,-34.909804],[-55.012797,-34.910353],[-55.013623,-34.911075],[-55.013997,-34.911245],[-55.014021,-34.911496],[-55.013584,-34.911674],[-55.013596,-34.911881],[-55.014442,-34.912468],[-55.015415,-34.912827],[-55.01549,-34.912606],[-55.015714,-34.912352],[-55.015538,-34.91172],[-55.015693,-34.911333],[-55.016465,-34.910964],[-55.017099,-34.910814],[-55.019545,-34.910675],[-55.022049,-34.910134],[-55.023791,-34.909933],[-55.02695,-34.909802],[-55.028627,-34.909904],[-55.02876,-34.909823],[-55.029192,-34.909913],[-55.029715,-34.909844],[-55.02981,-34.909938],[-55.030668,-34.909937],[-55.030916,-34.910004],[-55.031988,-34.909971],[-55.032436,-34.909885],[-55.03264,-34.909978],[-55.032931,-34.90992],[-55.033186,-34.909996],[-55.033943,-34.909966],[-55.034512,-34.910083],[-55.036694,-34.9101],[-55.03736,-34.910263],[-55.038022,-34.91028],[-55.039651,-34.910574],[-55.040612,-34.910665],[-55.041187,-34.91082],[-55.041499,-34.910801],[-55.042683,-34.911118],[-55.042932,-34.911116],[-55.042923,-34.911484],[-55.043013,-34.911578],[-55.043329,-34.911472],[-55.043451,-34.911524],[-55.043521,-34.91188],[-55.043805,-34.912065],[-55.043641,-34.912263],[-55.043667,-34.912435],[-55.044067,-34.91247],[-55.044077,-34.912733],[-55.044669,-34.913853],[-55.04491,-34.913935],[-55.045029,-34.913818],[-55.045149,-34.913851],[-55.045164,-34.914017],[-55.04501,-34.914043],[-55.045003,-34.914117],[-55.04528,-34.914398],[-55.045257,-34.914508],[-55.045423,-34.914479],[-55.045551,-34.914701],[-55.045259,-34.914789],[-55.045259,-34.914901],[-55.045171,-34.914952],[-55.045266,-34.915114],[-55.045797,-34.915308],[-55.04605,-34.915133],[-55.046184,-34.915229],[-55.046169,-34.915367],[-55.046258,-34.915411],[-55.04609,-34.915544],[-55.04604,-34.915703],[-55.046194,-34.915672],[-55.046116,-34.915786],[-55.045947,-34.915838],[-55.045892,-34.916052],[-55.045975,-34.91621],[-55.046438,-34.916478],[-55.04602,-34.916392],[-55.046052,-34.916522],[-55.046352,-34.916822],[-55.046353,-34.916663],[-55.046647,-34.916691],[-55.046785,-34.916863],[-55.046785,-34.916999],[-55.046866,-34.917014],[-55.047135,-34.916904],[-55.047201,-34.916655],[-55.047341,-34.916619],[-55.047342,-34.916352],[-55.047539,-34.9161],[-55.047432,-34.915948],[-55.047517,-34.915675],[-55.047456,-34.915428],[-55.047505,-34.915333],[-55.047712,-34.915394],[-55.047678,-34.915126],[-55.047466,-34.914667],[-55.047588,-34.914641],[-55.047573,-34.914559],[-55.047038,-34.91426],[-55.047175,-34.914107],[-55.04692,-34.913745],[-55.046861,-34.913524],[-55.046574,-34.913303],[-55.046584,-34.913143],[-55.046436,-34.912897],[-55.046728,-34.912931],[-55.046556,-34.912723],[-55.046441,-34.912692],[-55.046423,-34.912492],[-55.046174,-34.912089],[-55.046063,-34.91204],[-55.046177,-34.911875],[-55.046048,-34.911689],[-55.046212,-34.911596],[-55.046247,-34.911463],[-55.046151,-34.911256],[-55.045935,-34.911212],[-55.046069,-34.911148],[-55.045951,-34.910905],[-55.046199,-34.910706],[-55.046216,-34.910599],[-55.045962,-34.910282],[-55.046057,-34.910217],[-55.045913,-34.910057],[-55.045886,-34.909699],[-55.045657,-34.909549],[-55.045653,-34.909173],[-55.045421,-34.908739],[-55.045553,-34.90841],[-55.04581,-34.908199],[-55.045841,-34.908007],[-55.045726,-34.907788],[-55.045997,-34.90749],[-55.045933,-34.907105],[-55.046121,-34.906786],[-55.046121,-34.906537],[-55.046599,-34.905809],[-55.046595,-34.905062],[-55.04651,-34.904757],[-55.046647,-34.904619],[-55.046697,-34.90434],[-55.046332,-34.903721],[-55.046135,-34.903554],[-55.046171,-34.903333],[-55.04604,-34.902734],[-55.046133,-34.902653],[-55.0461,-34.902581],[-55.046418,-34.902478],[-55.046498,-34.902524],[-55.046442,-34.90243],[-55.046052,-34.902551],[-55.045478,-34.901452],[-55.045341,-34.90142],[-55.045094,-34.900867],[-55.044879,-34.900768],[-55.044726,-34.900808],[-55.044528,-34.900468],[-55.044228,-34.90028],[-55.044159,-34.899867],[-55.04385,-34.899413],[-55.043215,-34.899074],[-55.042478,-34.89884],[-55.042288,-34.898573],[-55.041985,-34.898403],[-55.041725,-34.898009],[-55.041359,-34.897687],[-55.041316,-34.897543],[-55.041172,-34.897512],[-55.041022,-34.89678],[-55.040784,-34.896701],[-55.040709,-34.8966],[-55.040763,-34.896466],[-55.041029,-34.896339],[-55.040997,-34.895492],[-55.040881,-34.894779],[-55.040534,-34.893675],[-55.041017,-34.893149],[-55.041025,-34.892824],[-55.042679,-34.891023],[-55.043768,-34.889958],[-55.044947,-34.889052],[-55.045932,-34.888562],[-55.046674,-34.888011],[-55.049492,-34.886367],[-55.051152,-34.885249],[-55.05358,-34.884272],[-55.05404,-34.883914],[-55.055332,-34.883627],[-55.058293,-34.882179],[-55.059148,-34.881999],[-55.061373,-34.88119],[-55.065846,-34.880052],[-55.066969,-34.87959],[-55.06856,-34.879501],[-55.069225,-34.879261],[-55.07106,-34.878797],[-55.071831,-34.878873],[-55.073162,-34.878766]]]]}},{"type":"Feature","properties":{"nombre":"Arevalo","departamento":"Cerro Largo"},"geometry":{"type":"MultiPolygon","coordinates":[[[[-55.078946,-32.640518],[-55.079591,-32.639184],[-55.081501,-32.639264],[-55.081627,-32.639016],[-55.082885,-32.638726],[-55.082944,-32.637256],[-55.081385,-32.637415],[-55.078238,-32.637152],[-55.078521,-32.635414],[-55.077834,-32.6354],[-55.077836,-32.637109],[-55.076706,-32.637011],[-55.076468,-32.637708],[-55.078074,-32.637847],[-55.076266,-32.641417],[-55.074777,-32.641004],[-55.07482,-32.640923],[-55.074104,-32.640808],[-55.073693,-32.641828],[-55.073428,-32.641809],[-55.073607,-32.642736],[-55.072371,-32.645963],[-55.073643,-32.646342],[-55.073116,-32.647335],[-55.073165,-32.647362],[-55.073656,-32.646545],[-55.074662,-32.64475],[-55.077196,-32.645619],[-55.078064,-32.644059],[-55.077587,-32.643932],[-55.078718,-32.641853],[-55.078537,-32.641365],[-55.078946,-32.640518]]]]}},{"type":"Feature","properties":{"nombre":"La Cantera","departamento":"Canelones"},"geometry":{"type":"MultiPolygon","coordinates":[[[[-55.965357,-34.790979],[-55.96609,-34.793553],[-55.969644,-34.792795],[-55.970325,-34.79276],[-55.968134,-34.785312],[-55.96733,-34.785555],[-55.966533,-34.785956],[-55.965842,-34.786416],[-55.96543,-34.786561],[-55.96418,-34.786755],[-55.965357,-34.790979]]]]}},{"type":"Feature","properties":{"nombre":"Russo","departamento":"Salto"},"geometry":{"type":"MultiPolygon","coordinates":[[[[-56.664977,-31.072252],[-56.664695,-31.070652],[-56.664329,-31.069181],[-56.66364,-31.06874],[-56.662293,-31.0702],[-56.662489,-31.070397],[-56.662051,-31.070709],[-56.6626,-31.071134],[-56.660708,-31.072737],[-56.661802,-31.073284],[-56.665297,-31.074358],[-56.664977,-31.072252]]]]}},{"type":"Feature","properties":{"nombre":"Colinas de Carrasco","departamento":"Canelones"},"geometry":{"type":"MultiPolygon","coordinates":[[[[-56.02153,-34.79155],[-56.019757,-34.784783],[-56.017653,-34.785206],[-56.017179,-34.783359],[-56.013724,-34.784061],[-56.013925,-34.784216],[-56.014414,-34.785526],[-56.015226,-34.787164],[-56.015472,-34.787906],[-56.015654,-34.788879],[-56.015703,-34.789655],[-56.015625,-34.790648],[-56.015299,-34.79192],[-56.014716,-34.793256],[-56.02153,-34.79155]]]]}},{"type":"Feature","properties":{"nombre":"Villa los Nolitos","departamento":"Canelones"},"geometry":{"type":"MultiPolygon","coordinates":[[[[-56.041103,-34.701198],[-56.039234,-34.696661],[-56.035853,-34.697129],[-56.04075,-34.701293],[-56.041103,-34.701198]]]]}},{"type":"Feature","properties":{"nombre":"Arrocera la Catumbera","departamento":"Treinta y Tres"},"geometry":{"type":"MultiPolygon","coordinates":[[[[-53.384991,-32.832481],[-53.386191,-32.83243],[-53.385931,-32.831862],[-53.385843,-32.831463],[-53.38544,-32.830957],[-53.385033,-32.830713],[-53.385009,-32.830224],[-53.384592,-32.830355],[-53.384439,-32.830198],[-53.384542,-32.830102],[-53.384111,-32.829903],[-53.383258,-32.831659],[-53.383636,-32.831779],[-53.383206,-32.832757],[-53.383611,-32.832848],[-53.383806,-32.832416],[-53.384991,-32.832481]]]]}},{"type":"Feature","properties":{"nombre":"Belen","departamento":"Salto"},"geometry":{"type":"MultiPolygon","coordinates":[[[[-57.783379,-30.792649],[-57.783396,-30.792561],[-57.783078,-30.792356],[-57.782674,-30.791865],[-57.782598,-30.791552],[-57.782686,-30.791226],[-57.783043,-30.791181],[-57.783244,-30.79126],[-57.784214,-30.791323],[-57.785054,-30.791136],[-57.786018,-30.791177],[-57.78616,-30.790632],[-57.786297,-30.790401],[-57.786142,-30.790032],[-57.786149,-30.789576],[-57.785864,-30.788785],[-57.785428,-30.788308],[-57.784704,-30.787999],[-57.784472,-30.787706],[-57.784463,-30.787323],[-57.784291,-30.787101],[-57.784297,-30.786547],[-57.784546,-30.78581],[-57.784874,-30.785388],[-57.784849,-30.784968],[-57.784536,-30.784938],[-57.78429,-30.784781],[-57.783557,-30.78462],[-57.783162,-30.784785],[-57.782823,-30.784848],[-57.782622,-30.784805],[-57.782551,-30.784943],[-57.782344,-30.784895],[-57.782214,-30.785039],[-57.782035,-30.785048],[-57.781583,-30.785414],[-57.78108,-30.785661],[-57.780802,-30.786046],[-57.780392,-30.786234],[-57.780319,-30.786352],[-57.779763,-30.786438],[-57.779403,-30.786276],[-57.779036,-30.78627],[-57.779234,-30.785449],[-57.779505,-30.784819],[-57.779473,-30.784397],[-57.779682,-30.784214],[-57.779738,-30.784011],[-57.779967,-30.783827],[-57.780022,-30.783892],[-57.780229,-30.783525],[-57.781355,-30.782481],[-57.782486,-30.781102],[-57.782602,-30.780742],[-57.78261,-30.780344],[-57.782559,-30.780095],[-57.782346,-30.779768],[-57.782398,-30.779255],[-57.782332,-30.778798],[-57.781994,-30.778298],[-57.781462,-30.777799],[-57.781021,-30.777701],[-57.780408,-30.777841],[-57.779934,-30.77831],[-57.779894,-30.778573],[-57.779728,-30.778567],[-57.7794,-30.778381],[-57.778764,-30.778339],[-57.778092,-30.778156],[-57.777871,-30.77838],[-57.777641,-30.779042],[-57.777567,-30.779692],[-57.777624,-30.780027],[-57.777135,-30.780251],[-57.776551,-30.780201],[-57.776036,-30.780034],[-57.774404,-30.780337],[-57.7743,-30.780267],[-57.774243,-30.779935],[-57.77425,-30.779648],[-57.774383,-30.779476],[-57.774526,-30.778931],[-57.774451,-30.778568],[-57.774149,-30.778486],[-57.772434,-30.778985],[-57.77217,-30.778963],[-57.772067,-30.778852],[-57.772204,-30.778383],[-57.772623,-30.777749],[-57.772768,-30.777315],[-57.772813,-30.776876],[-57.772669,-30.776653],[-57.772007,-30.77646],[-57.771182,-30.776555],[-57.770719,-30.776528],[-57.770088,-30.776271],[-57.769743,-30.776002],[-57.769213,-30.775755],[-57.76883,-30.775814],[-57.768327,-30.776094],[-57.772,-30.780938],[-57.76961,-30.781877],[-57.772015,-30.787868],[-57.768951,-30.789067],[-57.766867,-30.790012],[-57.768122,-30.792905],[-57.773136,-30.790697],[-57.773665,-30.791855],[-57.774639,-30.791268],[-57.77567,-30.793716],[-57.776467,-30.793588],[-57.776613,-30.793892],[-57.776747,-30.793939],[-57.776943,-30.794209],[-57.777427,-30.794503],[-57.777431,-30.794683],[-57.777786,-30.794414],[-57.778724,-30.794546],[-57.779065,-30.79442],[-57.779315,-30.794583],[-57.779906,-30.794641],[-57.780179,-30.794652],[-57.780519,-30.794538],[-57.780994,-30.794551],[-57.781611,-30.794881],[-57.781974,-30.794968],[-57.782299,-30.794834],[-57.782862,-30.793762],[-57.783006,-30.793623],[-57.783513,-30.793403],[-57.783676,-30.792911],[-57.783379,-30.792649]]]]}},{"type":"Feature","properties":{"nombre":"Arrocera los Teros","departamento":"Treinta y Tres"},"geometry":{"type":"MultiPolygon","coordinates":[[[[-53.921489,-33.151271],[-53.921245,-33.152108],[-53.922947,-33.15205],[-53.922778,-33.151817],[-53.922653,-33.151175],[-53.92469,-33.151071],[-53.92553,-33.149904],[-53.925517,-33.149198],[-53.922134,-33.149333],[-53.921654,-33.151099],[-53.921744,-33.151228],[-53.921489,-33.151271]]]]}},{"type":"Feature","properties":{"nombre":"Eden Rock","departamento":"Maldonado"},"geometry":{"type":"MultiPolygon","coordinates":[[[[-54.756373,-34.870433],[-54.763439,-34.865282],[-54.770324,-34.860519],[-54.767381,-34.856308],[-54.763106,-34.858694],[-54.7607,-34.855201],[-54.740278,-34.866318],[-54.737867,-34.867533],[-54.747904,-34.87237],[-54.751357,-34.874175],[-54.756373,-34.870433]]]]}},{"type":"Feature","properties":{"nombre":"Playa Fomento","departamento":"Colonia"},"geometry":{"type":"MultiPolygon","coordinates":[[[[-57.253756,-34.435081],[-57.255838,-34.428137],[-57.252829,-34.427352],[-57.252673,-34.425427],[-57.251701,-34.425792],[-57.24933,-34.431495],[-57.249022,-34.432683],[-57.250728,-34.43306],[-57.250686,-34.433221],[-57.250243,-34.433475],[-57.24973,-34.4341],[-57.249638,-34.434323],[-57.249961,-34.435153],[-57.250334,-34.435315],[-57.250508,-34.435875],[-57.25106,-34.436281],[-57.251054,-34.436438],[-57.253578,-34.436294],[-57.253585,-34.43569],[-57.253756,-34.435081]]]]}},{"type":"Feature","properties":{"nombre":"Cerro de las Cuentas","departamento":"Cerro Largo"},"geometry":{"type":"MultiPolygon","coordinates":[[[[-54.59517,-32.626627],[-54.595679,-32.625034],[-54.595701,-32.62472],[-54.595409,-32.624357],[-54.593257,-32.623365],[-54.59414,-32.620706],[-54.594166,-32.62065],[-54.594913,-32.620583],[-54.597974,-32.619441],[-54.596049,-32.618738],[-54.596429,-32.618054],[-54.595378,-32.617714],[-54.595034,-32.618378],[-54.593616,-32.617916],[-54.593274,-32.617635],[-54.593175,-32.617233],[-54.591781,-32.616859],[-54.588755,-32.631198],[-54.589358,-32.630905],[-54.589844,-32.629429],[-54.590549,-32.629595],[-54.591401,-32.626991],[-54.591997,-32.627121],[-54.595037,-32.628461],[-54.59559,-32.62674],[-54.59517,-32.626627]]]]}},{"type":"Feature","properties":{"nombre":"Jardines de Pando","departamento":"Canelones"},"geometry":{"type":"MultiPolygon","coordinates":[[[[-55.968111,-34.688275],[-55.968185,-34.682774],[-55.962813,-34.682008],[-55.962528,-34.688777],[-55.968099,-34.688886],[-55.968111,-34.688275]]]]}},{"type":"Feature","properties":{"nombre":"Treinta y Tres","departamento":"Treinta y Tres"},"geometry":{"type":"MultiPolygon","coordinates":[[[[-54.396378,-33.250127],[-54.396499,-33.249986],[-54.396519,-33.249744],[-54.396368,-33.249189],[-54.396418,-33.248927],[-54.396852,-33.248241],[-54.397861,-33.246919],[-54.398688,-33.246435],[-54.399954,-33.245439],[-54.395713,-33.241808],[-54.394394,-33.240867],[-54.393386,-33.240439],[-54.39244,-33.240221],[-54.391325,-33.240149],[-54.390277,-33.240262],[-54.3906,-33.240006],[-54.392852,-33.238761],[-54.398625,-33.237547],[-54.39841,-33.236883],[-54.398606,-33.236679],[-54.39835,-33.236265],[-54.39851,-33.23624],[-54.39879,-33.236545],[-54.399156,-33.2364],[-54.399633,-33.231646],[-54.39586,-33.231222],[-54.39649,-33.227512],[-54.387671,-33.226532],[-54.388893,-33.218566],[-54.386342,-33.218364],[-54.387413,-33.214046],[-54.387702,-33.213956],[-54.387483,-33.213523],[-54.387615,-33.213386],[-54.388081,-33.212024],[-54.382128,-33.211491],[-54.381284,-33.211778],[-54.379921,-33.217843],[-54.374483,-33.216396],[-54.370309,-33.215169],[-54.369358,-33.220042],[-54.367848,-33.226711],[-54.365783,-33.238263],[-54.349064,-33.225409],[-54.34479,-33.223288],[-54.344177,-33.223617],[-54.343736,-33.223591],[-54.343448,-33.223687],[-54.343228,-33.223825],[-54.3429,-33.224244],[-54.342858,-33.224822],[-54.343174,-33.225486],[-54.343696,-33.226238],[-54.343763,-33.226542],[-54.344344,-33.227219],[-54.344422,-33.227653],[-54.344918,-33.2282],[-54.345112,-33.228567],[-54.344997,-33.228734],[-54.344797,-33.228838],[-54.344687,-33.229658],[-54.345075,-33.230124],[-54.344935,-33.230652],[-54.345009,-33.231021],[-54.345518,-33.231549],[-54.345716,-33.23206],[-54.346106,-33.232395],[-54.346254,-33.232763],[-54.346742,-33.232964],[-54.3472,-33.233344],[-54.347284,-33.233586],[-54.347183,-33.23405],[-54.346958,-33.234169],[-54.346765,-33.234442],[-54.346919,-33.234679],[-54.346732,-33.235137],[-54.346627,-33.235916],[-54.346187,-33.236851],[-54.346159,-33.237687],[-54.345659,-33.238165],[-54.344255,-33.238563],[-54.34389,-33.238905],[-54.343845,-33.239113],[-54.344024,-33.239646],[-54.344463,-33.239921],[-54.345029,-33.240662],[-54.345369,-33.241512],[-54.345992,-33.242544],[-54.346231,-33.243861],[-54.346249,-33.244286],[-54.346166,-33.24463],[-54.345993,-33.244934],[-54.345679,-33.245203],[-54.344449,-33.245718],[-54.343945,-33.245824],[-54.342605,-33.245608],[-54.342102,-33.245769],[-54.341803,-33.246433],[-54.341796,-33.246657],[-54.341892,-33.247243],[-54.342301,-33.248062],[-54.342274,-33.248455],[-54.342159,-33.248669],[-54.341578,-33.24909],[-54.341421,-33.249315],[-54.361686,-33.261526],[-54.366377,-33.256499],[-54.371999,-33.260089],[-54.375424,-33.262028],[-54.375373,-33.262352],[-54.375648,-33.262495],[-54.37587,-33.262828],[-54.376495,-33.263019],[-54.376929,-33.263463],[-54.377534,-33.263665],[-54.377635,-33.263601],[-54.378537,-33.26172],[-54.378654,-33.261203],[-54.377958,-33.260154],[-54.377366,-33.259989],[-54.377245,-33.25987],[-54.377231,-33.259666],[-54.377514,-33.259156],[-54.378783,-33.258591],[-54.379235,-33.258264],[-54.379522,-33.258258],[-54.379744,-33.25852],[-54.379757,-33.25915],[-54.379912,-33.259506],[-54.380216,-33.259843],[-54.380829,-33.259991],[-54.381358,-33.259996],[-54.381664,-33.259895],[-54.381892,-33.25969],[-54.382055,-33.259321],[-54.382001,-33.258987],[-54.381813,-33.258588],[-54.3818,-33.258195],[-54.382112,-33.257629],[-54.382423,-33.25729],[-54.38331,-33.256704],[-54.384409,-33.256153],[-54.384846,-33.256111],[-54.386129,-33.256351],[-54.386301,-33.256573],[-54.386452,-33.257421],[-54.387127,-33.258685],[-54.387531,-33.259146],[-54.387703,-33.25963],[-54.388152,-33.260342],[-54.388525,-33.260495],[-54.388831,-33.260521],[-54.389054,-33.260437],[-54.390396,-33.25847],[-54.391082,-33.258076],[-54.391566,-33.258104],[-54.392,-33.257874],[-54.392676,-33.257047],[-54.393352,-33.255675],[-54.393332,-33.2551],[-54.393211,-33.254939],[-54.392989,-33.254707],[-54.392293,-33.254303],[-54.39205,-33.254001],[-54.39197,-33.253446],[-54.39198,-33.253083],[-54.392081,-33.25279],[-54.392958,-33.252276],[-54.393685,-33.252004],[-54.396378,-33.250127]]]]}},{"type":"Feature","properties":{"nombre":"Rosario","departamento":"Colonia"},"geometry":{"type":"MultiPolygon","coordinates":[[[[-57.364064,-34.318301],[-57.367276,-34.316159],[-57.362447,-34.305645],[-57.366711,-34.304328],[-57.366154,-34.303088],[-57.366256,-34.302831],[-57.366461,-34.302699],[-57.366153,-34.302492],[-57.365917,-34.302159],[-57.365273,-34.301958],[-57.365025,-34.301284],[-57.365016,-34.300935],[-57.364791,-34.300758],[-57.364573,-34.300317],[-57.364342,-34.300174],[-57.36315,-34.300004],[-57.362085,-34.299736],[-57.361894,-34.299636],[-57.361834,-34.29944],[-57.36163,-34.299235],[-57.36132,-34.299097],[-57.360739,-34.29905],[-57.359814,-34.298708],[-57.359361,-34.298375],[-57.358859,-34.298135],[-57.357739,-34.297845],[-57.357076,-34.297887],[-57.355967,-34.297444],[-57.355115,-34.297346],[-57.354815,-34.297394],[-57.354501,-34.297572],[-57.353852,-34.298137],[-57.353424,-34.29884],[-57.352924,-34.299159],[-57.352269,-34.300364],[-57.350854,-34.301992],[-57.348894,-34.300703],[-57.347638,-34.302035],[-57.3473,-34.302204],[-57.347012,-34.301781],[-57.345948,-34.300985],[-57.345443,-34.301654],[-57.346396,-34.3026],[-57.345491,-34.303002],[-57.3472,-34.305962],[-57.346701,-34.306216],[-57.346134,-34.306633],[-57.344494,-34.308615],[-57.34396,-34.309652],[-57.343821,-34.310703],[-57.343029,-34.312574],[-57.342241,-34.31387],[-57.341707,-34.314281],[-57.342136,-34.315239],[-57.34225,-34.316187],[-57.341853,-34.318088],[-57.34158,-34.3182],[-57.341566,-34.318424],[-57.341739,-34.319475],[-57.341796,-34.319548],[-57.342019,-34.319498],[-57.342356,-34.320187],[-57.343032,-34.321002],[-57.346216,-34.323101],[-57.34608,-34.323444],[-57.344366,-34.326247],[-57.342818,-34.327991],[-57.342875,-34.3283],[-57.343365,-34.328507],[-57.342663,-34.330308],[-57.342336,-34.330197],[-57.336544,-34.336118],[-57.330891,-34.334793],[-57.330796,-34.334954],[-57.336412,-34.336269],[-57.334203,-34.338632],[-57.334124,-34.338832],[-57.334071,-34.339662],[-57.350924,-34.339791],[-57.350959,-34.339688],[-57.35509,-34.340659],[-57.355137,-34.340464],[-57.346491,-34.338419],[-57.346857,-34.337388],[-57.342012,-34.336294],[-57.342435,-34.335158],[-57.342001,-34.334896],[-57.34255,-34.334092],[-57.343573,-34.330563],[-57.343929,-34.330765],[-57.344372,-34.330807],[-57.344774,-34.330724],[-57.344746,-34.330418],[-57.34484,-34.330232],[-57.345054,-34.3303],[-57.345262,-34.330478],[-57.345574,-34.33094],[-57.345714,-34.331354],[-57.346087,-34.331783],[-57.347731,-34.332805],[-57.348438,-34.333035],[-57.348987,-34.333083],[-57.349177,-34.333189],[-57.349604,-34.333148],[-57.350096,-34.333373],[-57.350853,-34.33351],[-57.351018,-34.333522],[-57.351383,-34.333169],[-57.351427,-34.33272],[-57.351248,-34.332518],[-57.350917,-34.332354],[-57.351111,-34.331997],[-57.351129,-34.331725],[-57.351359,-34.331704],[-57.352476,-34.332247],[-57.352923,-34.33278],[-57.353648,-34.332878],[-57.353992,-34.333301],[-57.354313,-34.333392],[-57.354897,-34.333228],[-57.355075,-34.333451],[-57.355247,-34.334114],[-57.355487,-34.334407],[-57.355857,-34.334472],[-57.356154,-34.334381],[-57.356568,-34.334581],[-57.356723,-34.334741],[-57.356963,-34.334674],[-57.357027,-34.334546],[-57.356966,-34.334324],[-57.357176,-34.334175],[-57.35718,-34.333965],[-57.357054,-34.333762],[-57.357136,-34.333617],[-57.357985,-34.333269],[-57.358257,-34.332676],[-57.358477,-34.332478],[-57.359553,-34.332339],[-57.360028,-34.332155],[-57.356169,-34.323673],[-57.361177,-34.320119],[-57.364064,-34.318301]]]]}},{"type":"Feature","properties":{"nombre":"Nueva Palmira","departamento":"Colonia"},"geometry":{"type":"MultiPolygon","coordinates":[[[[-58.413722,-33.917438],[-58.414025,-33.917158],[-58.414561,-33.916965],[-58.414639,-33.916839],[-58.415114,-33.916572],[-58.415038,-33.916355],[-58.415343,-33.916104],[-58.415993,-33.914806],[-58.416125,-33.914111],[-58.415986,-33.91342],[-58.416069,-33.91328],[-58.416369,-33.9131],[-58.416883,-33.912564],[-58.417949,-33.912079],[-58.418121,-33.911833],[-58.41832,-33.91128],[-58.418336,-33.910947],[-58.418245,-33.910623],[-58.418021,-33.910345],[-58.417735,-33.910188],[-58.417492,-33.909611],[-58.417748,-33.909376],[-58.417753,-33.909085],[-58.417549,-33.908747],[-58.417608,-33.908632],[-58.41746,-33.908468],[-58.417467,-33.908252],[-58.417148,-33.907739],[-58.41694,-33.907112],[-58.416799,-33.906319],[-58.417011,-33.905989],[-58.417157,-33.905937],[-58.417589,-33.906247],[-58.418073,-33.90644],[-58.418595,-33.90647],[-58.418892,-33.906583],[-58.4191,-33.906539],[-58.419137,-33.906326],[-58.419351,-33.906257],[-58.419533,-33.905964],[-58.419554,-33.905475],[-58.419745,-33.905347],[-58.419609,-33.905141],[-58.419851,-33.904567],[-58.419761,-33.904259],[-58.419852,-33.904008],[-58.419758,-33.903855],[-58.419815,-33.903726],[-58.419711,-33.903582],[-58.41974,-33.903416],[-58.419519,-33.902601],[-58.419219,-33.902044],[-58.419156,-33.901768],[-58.418926,-33.901587],[-58.418734,-33.901176],[-58.418517,-33.900924],[-58.418195,-33.900845],[-58.41781,-33.900946],[-58.417672,-33.901239],[-58.417671,-33.901691],[-58.416777,-33.902162],[-58.416596,-33.901862],[-58.416112,-33.901763],[-58.415915,-33.900966],[-58.416068,-33.90074],[-58.416526,-33.900557],[-58.416667,-33.900413],[-58.416653,-33.899891],[-58.416794,-33.899473],[-58.417106,-33.899308],[-58.417358,-33.899354],[-58.417517,-33.899211],[-58.41759,-33.898998],[-58.417571,-33.898575],[-58.417662,-33.898388],[-58.418037,-33.898022],[-58.418405,-33.898024],[-58.41853,-33.897807],[-58.419272,-33.897135],[-58.419643,-33.896543],[-58.419592,-33.895869],[-58.419959,-33.895294],[-58.420191,-33.894608],[-58.420151,-33.893971],[-58.419873,-33.893476],[-58.4192,-33.89309],[-58.419079,-33.892505],[-58.419491,-33.891716],[-58.419464,-33.890908],[-58.419843,-33.890539],[-58.420148,-33.889344],[-58.420362,-33.889174],[-58.420914,-33.889085],[-58.421264,-33.888839],[-58.421819,-33.888316],[-58.42204,-33.887888],[-58.422006,-33.887599],[-58.422132,-33.887337],[-58.422034,-33.887033],[-58.422055,-33.886756],[-58.422214,-33.88662],[-58.421997,-33.884003],[-58.422594,-33.883827],[-58.422564,-33.883404],[-58.422145,-33.883106],[-58.42191,-33.883094],[-58.42186,-33.883022],[-58.42194,-33.88272],[-58.42181,-33.88248],[-58.421877,-33.882162],[-58.421399,-33.881632],[-58.421305,-33.880891],[-58.421083,-33.880911],[-58.420918,-33.880235],[-58.420995,-33.87957],[-58.422029,-33.879456],[-58.422156,-33.879378],[-58.421938,-33.878073],[-58.421534,-33.873555],[-58.421438,-33.873498],[-58.420579,-33.873543],[-58.419901,-33.874123],[-58.419699,-33.874071],[-58.419386,-33.873832],[-58.41901,-33.873378],[-58.418521,-33.872385],[-58.418547,-33.872077],[-58.418451,-33.871999],[-58.417661,-33.872659],[-58.418252,-33.873395],[-58.417678,-33.873877],[-58.417701,-33.873958],[-58.417553,-33.874025],[-58.417514,-33.873856],[-58.416976,-33.873464],[-58.417306,-33.872832],[-58.417161,-33.872825],[-58.416977,-33.872665],[-58.417134,-33.872362],[-58.417672,-33.871935],[-58.417675,-33.871826],[-58.418243,-33.871294],[-58.417204,-33.870843],[-58.41616,-33.870218],[-58.415333,-33.869363],[-58.414656,-33.868245],[-58.414325,-33.867433],[-58.414392,-33.867092],[-58.414222,-33.866683],[-58.414146,-33.866049],[-58.414536,-33.865302],[-58.414537,-33.865131],[-58.414336,-33.864642],[-58.41426,-33.864032],[-58.414106,-33.86374],[-58.413852,-33.86235],[-58.413704,-33.86222],[-58.412892,-33.861914],[-58.412249,-33.86099],[-58.411587,-33.859576],[-58.410734,-33.857263],[-58.41055,-33.855515],[-58.410623,-33.855217],[-58.410519,-33.854646],[-58.41063,-33.853295],[-58.41072,-33.853026],[-58.411,-33.852303],[-58.412401,-33.849861],[-58.412735,-33.849034],[-58.413849,-33.847693],[-58.414297,-33.847298],[-58.414653,-33.846735],[-58.414614,-33.846478],[-58.414066,-33.845499],[-58.413829,-33.844673],[-58.413822,-33.84449],[-58.414261,-33.843504],[-58.414253,-33.843322],[-58.414369,-33.843081],[-58.414295,-33.842466],[-58.414577,-33.842119],[-58.414906,-33.841922],[-58.414985,-33.841724],[-58.415569,-33.841366],[-58.41573,-33.841152],[-58.41578,-33.840905],[-58.415943,-33.840839],[-58.416266,-33.840882],[-58.416328,-33.840807],[-58.416285,-33.840754],[-58.416616,-33.840568],[-58.415872,-33.840377],[-58.412941,-33.840643],[-58.412124,-33.840434],[-58.411595,-33.840101],[-58.411311,-33.840038],[-58.410987,-33.840234],[-58.410852,-33.840623],[-58.410837,-33.840946],[-58.410913,-33.84128],[-58.411606,-33.842596],[-58.411838,-33.843502],[-58.411714,-33.844137],[-58.411448,-33.844519],[-58.411157,-33.844745],[-58.410645,-33.845022],[-58.410312,-33.845101],[-58.409786,-33.845004],[-58.409537,-33.844805],[-58.409355,-33.844499],[-58.40902,-33.84432],[-58.408641,-33.844279],[-58.408211,-33.844342],[-58.40755,-33.844573],[-58.407308,-33.844706],[-58.407127,-33.845176],[-58.407193,-33.845393],[-58.407488,-33.845757],[-58.407608,-33.846138],[-58.407659,-33.846649],[-58.407537,-33.846856],[-58.407386,-33.846961],[-58.407168,-33.846974],[-58.406052,-33.846937],[-58.405847,-33.847058],[-58.405107,-33.848077],[-58.40435,-33.848305],[-58.403184,-33.848286],[-58.402189,-33.848035],[-58.400834,-33.847393],[-58.400077,-33.847249],[-58.398876,-33.846571],[-58.398372,-33.846473],[-58.397975,-33.846544],[-58.396664,-33.847292],[-58.396715,-33.848164],[-58.396485,-33.849363],[-58.396328,-33.849543],[-58.395875,-33.849727],[-58.394828,-33.849832],[-58.394347,-33.849977],[-58.393929,-33.850372],[-58.393577,-33.850981],[-58.393101,-33.851313],[-58.392722,-33.851434],[-58.391573,-33.85297],[-58.389611,-33.853962],[-58.389166,-33.854846],[-58.388209,-33.854986],[-58.387851,-33.854767],[-58.388148,-33.85718],[-58.388403,-33.860907],[-58.388881,-33.86965],[-58.388825,-33.870755],[-58.388524,-33.872125],[-58.38808,-33.873257],[-58.385224,-33.877991],[-58.384913,-33.878739],[-58.38471,-33.879837],[-58.384798,-33.883546],[-58.384749,-33.883783],[-58.384373,-33.884149],[-58.383538,-33.884286],[-58.384399,-33.884338],[-58.384784,-33.884633],[-58.384845,-33.884784],[-58.384934,-33.887087],[-58.385058,-33.887671],[-58.385189,-33.888002],[-58.385658,-33.888666],[-58.386461,-33.889361],[-58.387027,-33.889683],[-58.387714,-33.889917],[-58.388818,-33.890071],[-58.392725,-33.889563],[-58.39516,-33.899253],[-58.395795,-33.90251],[-58.396393,-33.904923],[-58.396507,-33.90494],[-58.39663,-33.905086],[-58.396708,-33.905567],[-58.396612,-33.905652],[-58.397463,-33.908648],[-58.397596,-33.908664],[-58.399586,-33.917076],[-58.395263,-33.917821],[-58.397059,-33.924414],[-58.397266,-33.924456],[-58.398072,-33.924311],[-58.399609,-33.923397],[-58.400758,-33.924604],[-58.401386,-33.924159],[-58.402109,-33.924308],[-58.402778,-33.924131],[-58.403585,-33.924698],[-58.403448,-33.924925],[-58.404174,-33.925115],[-58.404305,-33.924711],[-58.404431,-33.924586],[-58.404145,-33.924102],[-58.404143,-33.923907],[-58.403948,-33.923874],[-58.403923,-33.923717],[-58.40422,-33.923341],[-58.405069,-33.922822],[-58.405118,-33.922476],[-58.405481,-33.92207],[-58.405391,-33.921936],[-58.405811,-33.921581],[-58.406414,-33.921312],[-58.407297,-33.921144],[-58.407366,-33.921053],[-58.407351,-33.920875],[-58.407497,-33.920732],[-58.408355,-33.920419],[-58.408396,-33.919681],[-58.408681,-33.919291],[-58.409062,-33.919106],[-58.409743,-33.918941],[-58.409838,-33.918749],[-58.41035,-33.918349],[-58.412921,-33.917936],[-58.413219,-33.917697],[-58.413331,-33.917735],[-58.413639,-33.917607],[-58.413722,-33.917438]]]]}},{"type":"Feature","properties":{"nombre":"Chacras de Paysandu","departamento":"Paysandú"},"geometry":{"type":"MultiPolygon","coordinates":[[[[-58.055011,-32.359024],[-58.063742,-32.348589],[-58.093211,-32.354117],[-58.101107,-32.353196],[-58.098027,-32.349693],[-58.096187,-32.347862],[-58.094369,-32.344052],[-58.09397,-32.342423],[-58.090017,-32.343097],[-58.089446,-32.33789],[-58.085265,-32.338194],[-58.085127,-32.335262],[-58.084833,-32.335626],[-58.084418,-32.335736],[-58.084103,-32.335679],[-58.082853,-32.335188],[-58.082672,-32.335184],[-58.081628,-32.335547],[-58.081271,-32.335578],[-58.080667,-32.335888],[-58.080276,-32.336956],[-58.080157,-32.337074],[-58.079284,-32.337455],[-58.078782,-32.337123],[-58.076654,-32.33714],[-58.076446,-32.337078],[-58.076304,-32.336934],[-58.075824,-32.336801],[-58.075645,-32.336848],[-58.075306,-32.336781],[-58.074962,-32.336989],[-58.0746,-32.336936],[-58.074382,-32.336753],[-58.074201,-32.336353],[-58.073967,-32.336104],[-58.073559,-32.335798],[-58.073108,-32.335812],[-58.072903,-32.336033],[-58.072852,-32.336317],[-58.072974,-32.336635],[-58.072787,-32.336884],[-58.072629,-32.337387],[-58.072658,-32.337575],[-58.072879,-32.337765],[-58.072924,-32.338198],[-58.072843,-32.338395],[-58.072548,-32.338562],[-58.072082,-32.338669],[-58.071609,-32.338953],[-58.071112,-32.338953],[-58.070908,-32.339486],[-58.070963,-32.339846],[-58.070883,-32.340001],[-58.070726,-32.340094],[-58.070606,-32.340016],[-58.070472,-32.340218],[-58.070059,-32.340427],[-58.069682,-32.340819],[-58.06926,-32.341457],[-58.068869,-32.341789],[-58.06803,-32.341991],[-58.067789,-32.342136],[-58.067626,-32.342056],[-58.067439,-32.342085],[-58.067248,-32.342429],[-58.067325,-32.34275],[-58.066989,-32.343108],[-58.066839,-32.343777],[-58.066457,-32.344049],[-58.06575,-32.344223],[-58.065594,-32.344337],[-58.064593,-32.344438],[-58.064499,-32.344664],[-58.064227,-32.34487],[-58.063675,-32.345111],[-58.063238,-32.345038],[-58.063043,-32.345111],[-58.062755,-32.344545],[-58.062493,-32.344636],[-58.062722,-32.34338],[-58.061154,-32.334013],[-58.060657,-32.334055],[-58.057197,-32.335477],[-58.056621,-32.335614],[-58.050339,-32.311993],[-58.057345,-32.310584],[-58.057231,-32.310516],[-58.057305,-32.310313],[-58.055425,-32.299937],[-58.051144,-32.274867],[-58.041541,-32.27646],[-58.040927,-32.276478],[-58.04074,-32.276312],[-58.037406,-32.278118],[-58.036839,-32.278132],[-58.036582,-32.277991],[-58.036361,-32.277678],[-58.035943,-32.276388],[-58.035199,-32.273491],[-58.034564,-32.270341],[-58.034098,-32.270123],[-58.03381,-32.27014],[-58.033659,-32.270342],[-58.033394,-32.27031],[-58.033267,-32.270096],[-58.033161,-32.270053],[-58.032186,-32.270171],[-58.031864,-32.270072],[-58.031585,-32.269834],[-58.031209,-32.269797],[-58.029908,-32.270129],[-58.029498,-32.269993],[-58.028928,-32.270198],[-58.028821,-32.270466],[-58.028394,-32.270855],[-58.028381,-32.271081],[-58.028577,-32.271496],[-58.028524,-32.271775],[-58.028335,-32.272061],[-58.028367,-32.272439],[-58.027622,-32.273569],[-58.027575,-32.273769],[-58.027604,-32.274257],[-58.028005,-32.274461],[-58.028016,-32.274586],[-58.027816,-32.275011],[-58.028254,-32.275413],[-58.02828,-32.275738],[-58.029031,-32.27591],[-58.029356,-32.276149],[-58.030013,-32.276205],[-58.030344,-32.276339],[-58.030714,-32.276685],[-58.031058,-32.277213],[-58.031176,-32.27758],[-58.031748,-32.278274],[-58.031814,-32.278726],[-58.03128,-32.27982],[-58.031173,-32.280259],[-58.030934,-32.280533],[-58.030385,-32.280766],[-58.03016,-32.281009],[-58.029826,-32.281199],[-58.029622,-32.281508],[-58.029295,-32.281726],[-58.02867,-32.28166],[-58.028562,-32.281524],[-58.028467,-32.281003],[-58.028026,-32.280885],[-58.027397,-32.281143],[-58.026425,-32.281278],[-58.025868,-32.281588],[-58.025515,-32.28159],[-58.024856,-32.281363],[-58.024434,-32.281535],[-58.024063,-32.282324],[-58.023803,-32.282543],[-58.023462,-32.283049],[-58.023042,-32.284435],[-58.022918,-32.28452],[-58.022596,-32.284509],[-58.02205,-32.284742],[-58.021776,-32.284957],[-58.021654,-32.286162],[-58.021924,-32.287464],[-58.02262,-32.288062],[-58.023227,-32.288804],[-58.023439,-32.288923],[-58.023516,-32.289083],[-58.023447,-32.289402],[-58.023914,-32.289696],[-58.023771,-32.290504],[-58.023344,-32.290939],[-58.022384,-32.291006],[-58.022031,-32.291446],[-58.021852,-32.291985],[-58.021508,-32.292241],[-58.021158,-32.292257],[-58.020047,-32.291708],[-58.019571,-32.291581],[-58.019419,-32.291456],[-58.019307,-32.291131],[-58.019134,-32.290979],[-58.017497,-32.290262],[-58.016068,-32.290358],[-58.015882,-32.290322],[-58.015519,-32.290081],[-58.015194,-32.290037],[-58.014899,-32.290111],[-58.014285,-32.290585],[-58.013449,-32.290843],[-58.012035,-32.290878],[-58.011537,-32.290976],[-58.011188,-32.290906],[-58.010587,-32.291043],[-58.010068,-32.290955],[-58.009794,-32.291149],[-58.009144,-32.291283],[-58.007432,-32.291265],[-58.006984,-32.291353],[-58.006032,-32.291369],[-58.005426,-32.291682],[-58.004401,-32.292744],[-58.004272,-32.292994],[-58.00369,-32.293393],[-58.003563,-32.294167],[-58.003368,-32.294427],[-58.00338,-32.294578],[-58.003579,-32.294752],[-58.003566,-32.294845],[-58.003266,-32.295031],[-58.002871,-32.295085],[-58.002303,-32.294885],[-58.002112,-32.294594],[-58.001988,-32.294543],[-58.001398,-32.294545],[-58.001079,-32.294309],[-58.000615,-32.294217],[-58.000415,-32.294051],[-58.000199,-32.294067],[-57.999896,-32.29377],[-58.000075,-32.293503],[-57.999998,-32.29278],[-58.000361,-32.292326],[-58.001459,-32.29184],[-58.001795,-32.291425],[-58.002744,-32.291099],[-58.00287,-32.290854],[-58.003163,-32.290602],[-58.003234,-32.290071],[-58.002261,-32.289266],[-58.001187,-32.288674],[-58.001012,-32.288112],[-58.000718,-32.288045],[-58.000463,-32.287878],[-58.000502,-32.287248],[-58.000131,-32.28711],[-58.000064,-32.286891],[-57.999951,-32.286844],[-57.999226,-32.286808],[-57.998725,-32.286993],[-57.998454,-32.287199],[-57.997907,-32.287255],[-57.99698,-32.287952],[-57.996394,-32.287979],[-57.996149,-32.288105],[-57.995913,-32.28846],[-57.995501,-32.288754],[-57.995305,-32.289364],[-57.995079,-32.289662],[-57.995091,-32.290023],[-57.994511,-32.29057],[-57.993452,-32.290896],[-57.993021,-32.290861],[-57.992307,-32.291051],[-57.9919,-32.291051],[-57.991516,-32.291301],[-57.991248,-32.291056],[-57.990885,-32.291109],[-57.99051,-32.291272],[-57.989849,-32.291398],[-57.989617,-32.291666],[-57.989392,-32.291597],[-57.988983,-32.291668],[-57.988491,-32.291961],[-57.988339,-32.292242],[-57.988109,-32.292448],[-57.988015,-32.292839],[-57.987855,-32.293005],[-57.987716,-32.293355],[-57.987206,-32.293669],[-57.986846,-32.294078],[-57.986765,-32.294539],[-57.986277,-32.295114],[-57.986251,-32.295436],[-57.985783,-32.29599],[-57.985723,-32.296171],[-57.985734,-32.296367],[-57.985926,-32.296735],[-57.985767,-32.297016],[-57.985882,-32.297292],[-57.985886,-32.297703],[-57.98601,-32.297925],[-57.986293,-32.298136],[-57.986395,-32.29854],[-57.98666,-32.298764],[-57.986678,-32.298869],[-57.986464,-32.299287],[-57.986601,-32.299538],[-57.986594,-32.299769],[-57.986699,-32.300042],[-57.986959,-32.300275],[-57.986859,-32.30054],[-57.987098,-32.301108],[-57.987037,-32.301301],[-57.986447,-32.301736],[-57.98592,-32.301752],[-57.984666,-32.301988],[-57.984034,-32.301957],[-57.98376,-32.302034],[-57.982539,-32.301706],[-57.978329,-32.301796],[-57.97768,-32.302046],[-57.977221,-32.302386],[-57.976696,-32.302459],[-57.975946,-32.302887],[-57.974921,-32.303135],[-57.974595,-32.302998],[-57.974307,-32.303097],[-57.974097,-32.303485],[-57.974095,-32.304227],[-57.97392,-32.304428],[-57.973784,-32.304443],[-57.973518,-32.30429],[-57.973126,-32.304313],[-57.972757,-32.304179],[-57.971915,-32.304346],[-57.971847,-32.304413],[-57.97185,-32.304669],[-57.971379,-32.305154],[-57.971279,-32.3052],[-57.970988,-32.305139],[-57.970239,-32.305414],[-57.969952,-32.305341],[-57.969244,-32.304734],[-57.967092,-32.303252],[-57.965636,-32.302947],[-57.965326,-32.302996],[-57.965043,-32.30287],[-57.964676,-32.302959],[-57.964567,-32.30306],[-57.964409,-32.303542],[-57.964147,-32.303701],[-57.963776,-32.30361],[-57.962655,-32.303651],[-57.961939,-32.303466],[-57.960126,-32.303863],[-57.960112,-32.303981],[-57.960284,-32.304227],[-57.960398,-32.305008],[-57.960287,-32.305479],[-57.96049,-32.305695],[-57.960466,-32.305848],[-57.960177,-32.306254],[-57.960196,-32.306781],[-57.959966,-32.30817],[-57.959898,-32.308346],[-57.958875,-32.309322],[-57.958346,-32.310045],[-57.958153,-32.310458],[-57.957901,-32.311501],[-57.957899,-32.312014],[-57.95811,-32.3124],[-57.958089,-32.312572],[-57.957946,-32.312736],[-57.957984,-32.313003],[-57.957806,-32.313175],[-57.956742,-32.313791],[-57.956575,-32.314105],[-57.955878,-32.314146],[-57.954869,-32.313906],[-57.954581,-32.313822],[-57.954106,-32.313511],[-57.954312,-32.312876],[-57.954493,-32.312719],[-57.95452,-32.31261],[-57.954407,-32.312386],[-57.953942,-32.312142],[-57.953803,-32.311882],[-57.953468,-32.311738],[-57.953226,-32.311769],[-57.952981,-32.311993],[-57.952826,-32.311981],[-57.952826,-32.311658],[-57.952642,-32.311584],[-57.952037,-32.312004],[-57.951907,-32.312177],[-57.951917,-32.31256],[-57.95151,-32.312757],[-57.951177,-32.313166],[-57.950834,-32.313251],[-57.950548,-32.313628],[-57.950256,-32.313761],[-57.950335,-32.314241],[-57.950593,-32.314478],[-57.950626,-32.314746],[-57.950786,-32.314834],[-57.950839,-32.315071],[-57.951399,-32.315615],[-57.952052,-32.316043],[-57.952032,-32.316202],[-57.952286,-32.316375],[-57.95266,-32.31698],[-57.952604,-32.318171],[-57.952713,-32.318436],[-57.952767,-32.319321],[-57.952894,-32.319964],[-57.952717,-32.32044],[-57.952867,-32.321305],[-57.952757,-32.321792],[-57.953039,-32.321995],[-57.953217,-32.322613],[-57.953184,-32.322811],[-57.953456,-32.323462],[-57.953577,-32.32356],[-57.953605,-32.323683],[-57.953422,-32.323932],[-57.953378,-32.324692],[-57.953245,-32.324975],[-57.953432,-32.325353],[-57.953492,-32.325775],[-57.953787,-32.326355],[-57.95385,-32.326972],[-57.95404,-32.327245],[-57.954151,-32.327734],[-57.954097,-32.328407],[-57.95398,-32.328734],[-57.953873,-32.328819],[-57.953802,-32.329144],[-57.953823,-32.32942],[-57.953962,-32.329511],[-57.954179,-32.329864],[-57.954124,-32.330158],[-57.953893,-32.33076],[-57.953723,-32.330929],[-57.953671,-32.331382],[-57.95346,-32.331587],[-57.953445,-32.332399],[-57.953278,-32.332512],[-57.953061,-32.332491],[-57.952912,-32.332703],[-57.952794,-32.333148],[-57.95234,-32.33377],[-57.952396,-32.334127],[-57.952814,-32.33469],[-57.953095,-32.334767],[-57.953369,-32.33512],[-57.954121,-32.335622],[-57.954013,-32.335881],[-57.95449,-32.336168],[-57.954529,-32.336475],[-57.954717,-32.336666],[-57.954662,-32.336783],[-57.954379,-32.33695],[-57.954304,-32.337236],[-57.954054,-32.337566],[-57.953933,-32.338215],[-57.954003,-32.338558],[-57.953837,-32.339606],[-57.953597,-32.339935],[-57.95216,-32.343346],[-57.9484,-32.344042],[-57.950527,-32.347831],[-57.95718,-32.346556],[-57.958578,-32.351686],[-57.953778,-32.353082],[-57.953494,-32.353084],[-57.952872,-32.353391],[-57.952256,-32.354064],[-57.950365,-32.356568],[-57.954013,-32.370935],[-57.953932,-32.37082],[-57.953671,-32.370827],[-57.953404,-32.370716],[-57.953298,-32.370733],[-57.953263,-32.370835],[-57.953087,-32.37066],[-57.952858,-32.370724],[-57.952503,-32.370947],[-57.952386,-32.371292],[-57.951751,-32.371468],[-57.951541,-32.371646],[-57.951121,-32.371814],[-57.951217,-32.372435],[-57.950808,-32.372734],[-57.950153,-32.372847],[-57.949854,-32.373066],[-57.949628,-32.372864],[-57.949404,-32.372855],[-57.947483,-32.373245],[-57.94721,-32.373072],[-57.946834,-32.373026],[-57.946209,-32.372756],[-57.946061,-32.372423],[-57.945404,-32.372382],[-57.945088,-32.37252],[-57.944997,-32.372638],[-57.944434,-32.372778],[-57.943125,-32.372328],[-57.942607,-32.372384],[-57.942456,-32.372174],[-57.942261,-32.372219],[-57.942037,-32.372153],[-57.941501,-32.371725],[-57.940877,-32.371636],[-57.940236,-32.371875],[-57.940225,-32.371966],[-57.940101,-32.371883],[-57.938719,-32.37217],[-57.938275,-32.372376],[-57.937199,-32.372043],[-57.936035,-32.37156],[-57.935616,-32.371697],[-57.934978,-32.371627],[-57.9345,-32.371662],[-57.934089,-32.371503],[-57.933109,-32.371617],[-57.932985,-32.371508],[-57.932264,-32.371425],[-57.931613,-32.370845],[-57.931259,-32.370698],[-57.931052,-32.370806],[-57.930065,-32.370847],[-57.929553,-32.370656],[-57.929441,-32.370492],[-57.92882,-32.370401],[-57.92848,-32.370253],[-57.927143,-32.370108],[-57.926619,-32.369884],[-57.926033,-32.369912],[-57.925819,-32.369762],[-57.925275,-32.369833],[-57.924856,-32.369682],[-57.924678,-32.369731],[-57.924505,-32.369901],[-57.924377,-32.369588],[-57.924184,-32.369482],[-57.923766,-32.369525],[-57.923018,-32.369227],[-57.922655,-32.369223],[-57.922307,-32.36888],[-57.921527,-32.368833],[-57.921534,-32.368706],[-57.921403,-32.36858],[-57.920849,-32.368601],[-57.919934,-32.368218],[-57.919504,-32.368304],[-57.919257,-32.368194],[-57.919233,-32.368349],[-57.921803,-32.378138],[-57.93108,-32.376348],[-57.935282,-32.392111],[-57.939956,-32.391189],[-57.942792,-32.402032],[-57.939223,-32.403528],[-57.939306,-32.403686],[-57.939232,-32.403868],[-57.939728,-32.404369],[-57.940247,-32.404642],[-57.940512,-32.404979],[-57.941104,-32.405278],[-57.942312,-32.406683],[-57.942925,-32.40667],[-57.943207,-32.406871],[-57.943393,-32.4072],[-57.94388,-32.407637],[-57.944159,-32.407771],[-57.944359,-32.407738],[-57.944832,-32.408715],[-57.944896,-32.409093],[-57.945282,-32.409796],[-57.946208,-32.410589],[-57.947261,-32.41196],[-57.947613,-32.412154],[-57.948137,-32.412786],[-57.949011,-32.413438],[-57.949161,-32.41386],[-57.949364,-32.414151],[-57.949464,-32.414712],[-57.949728,-32.414838],[-57.950014,-32.415163],[-57.950576,-32.415438],[-57.951006,-32.415877],[-57.951743,-32.416397],[-57.952184,-32.417062],[-57.953177,-32.418265],[-57.95313,-32.418444],[-57.953271,-32.418637],[-57.953503,-32.418723],[-57.95382,-32.419204],[-57.954436,-32.419877],[-57.955505,-32.420679],[-57.956032,-32.421279],[-57.956215,-32.421684],[-57.956773,-32.421819],[-57.957113,-32.422175],[-57.957472,-32.422232],[-57.95807,-32.422642],[-57.959338,-32.423328],[-57.960441,-32.423313],[-57.961215,-32.423054],[-57.961586,-32.423008],[-57.961997,-32.42313],[-57.962277,-32.423128],[-57.962433,-32.423221],[-57.963159,-32.423112],[-57.963554,-32.423263],[-57.963617,-32.423473],[-57.964488,-32.423621],[-57.96515,-32.423446],[-57.965327,-32.423525],[-57.96562,-32.423497],[-57.965897,-32.423261],[-57.967294,-32.422733],[-57.968472,-32.422122],[-57.969431,-32.422094],[-57.969668,-32.421717],[-57.97036,-32.421664],[-57.970769,-32.422017],[-57.970869,-32.422324],[-57.971981,-32.422473],[-57.97229,-32.421675],[-57.972464,-32.421576],[-57.972698,-32.421622],[-57.973,-32.421477],[-57.97323,-32.421576],[-57.973904,-32.421545],[-57.974171,-32.421795],[-57.97427,-32.422095],[-57.974307,-32.422769],[-57.976145,-32.423305],[-57.976571,-32.423594],[-57.976781,-32.42407],[-57.977109,-32.424295],[-57.97798,-32.424687],[-57.978443,-32.424762],[-57.978742,-32.424938],[-57.980179,-32.425401],[-57.980654,-32.425739],[-57.980862,-32.426325],[-57.981368,-32.426694],[-57.981475,-32.426904],[-57.982794,-32.426883],[-57.983086,-32.426991],[-57.983215,-32.427162],[-57.983601,-32.427373],[-57.983771,-32.427388],[-57.984041,-32.427333],[-57.984382,-32.427096],[-57.984673,-32.427179],[-57.985003,-32.427128],[-57.985336,-32.427201],[-57.986697,-32.427132],[-57.987274,-32.427365],[-57.987851,-32.42736],[-57.988298,-32.427266],[-57.988594,-32.427317],[-57.989002,-32.427278],[-57.990124,-32.426966],[-57.99086,-32.426888],[-57.991114,-32.426978],[-57.991385,-32.427206],[-57.991877,-32.427299],[-57.992311,-32.427043],[-57.992409,-32.426867],[-57.993079,-32.426302],[-57.993478,-32.425045],[-57.993842,-32.424939],[-57.994205,-32.425111],[-57.994604,-32.425116],[-57.995175,-32.424562],[-57.995589,-32.424374],[-57.995855,-32.424381],[-57.997058,-32.425378],[-57.99698,-32.425848],[-57.997253,-32.42606],[-57.997465,-32.426606],[-57.998267,-32.427388],[-57.998661,-32.427639],[-57.999776,-32.427906],[-58.000539,-32.42777],[-58.000752,-32.427635],[-58.002029,-32.427679],[-58.002242,-32.427591],[-58.002654,-32.427222],[-58.003141,-32.427007],[-58.003485,-32.427045],[-58.003708,-32.427189],[-58.007095,-32.421795],[-58.013466,-32.409672],[-58.040677,-32.376891],[-58.041831,-32.37539],[-58.042257,-32.375307],[-58.04256,-32.374775],[-58.043419,-32.373674],[-58.04792,-32.368068],[-58.048071,-32.367344],[-58.048556,-32.366709],[-58.050024,-32.364861],[-58.050484,-32.364471],[-58.050619,-32.364149],[-58.051586,-32.363006],[-58.051932,-32.362482],[-58.053514,-32.360911],[-58.055011,-32.359024]],[[-57.967448,-32.390012],[-57.967609,-32.390027],[-57.967685,-32.389935],[-57.968749,-32.389679],[-57.969166,-32.391133],[-57.973565,-32.38935],[-57.975449,-32.396429],[-57.966172,-32.39823],[-57.964773,-32.392881],[-57.964377,-32.393031],[-57.964681,-32.392572],[-57.964149,-32.390652],[-57.967448,-32.390012]]]]}},{"type":"Feature","properties":{"nombre":"La Juana","departamento":"Canelones"},"geometry":{"type":"MultiPolygon","coordinates":[[[[-56.014999,-34.792648],[-56.015299,-34.79192],[-56.015625,-34.790648],[-56.015703,-34.789655],[-56.015654,-34.788879],[-56.015472,-34.787906],[-56.015226,-34.787164],[-56.014414,-34.785526],[-56.013925,-34.784216],[-56.013724,-34.784061],[-56.009547,-34.784904],[-56.012073,-34.794153],[-56.014715,-34.79363],[-56.014716,-34.793256],[-56.014999,-34.792648]]]]}},{"type":"Feature","properties":{"nombre":"Rincon del Pino","departamento":"San José"},"geometry":{"type":"MultiPolygon","coordinates":[[[[-56.835583,-34.504551],[-56.835762,-34.50537],[-56.835849,-34.505429],[-56.837464,-34.505171],[-56.83787,-34.505979],[-56.839406,-34.505466],[-56.838578,-34.504022],[-56.835701,-34.501063],[-56.835225,-34.500112],[-56.834636,-34.500541],[-56.833534,-34.500879],[-56.834011,-34.501942],[-56.832502,-34.502674],[-56.832814,-34.503457],[-56.833092,-34.503283],[-56.833176,-34.503383],[-56.830285,-34.505179],[-56.830399,-34.505366],[-56.834231,-34.504712],[-56.835583,-34.504551]]]]}},{"type":"Feature","properties":{"nombre":"Cuchilla de Sierra","departamento":"Canelones"},"geometry":{"type":"MultiPolygon","coordinates":[[[[-56.273896,-34.73418],[-56.273083,-34.734367],[-56.273695,-34.736168],[-56.273914,-34.736191],[-56.275618,-34.735796],[-56.274982,-34.733897],[-56.273896,-34.73418]]]]}},{"type":"Feature","properties":{"nombre":"Jose Pedro Varela","departamento":"Lavalleja"},"geometry":{"type":"MultiPolygon","coordinates":[[[[-54.547272,-33.464661],[-54.547289,-33.464571],[-54.54685,-33.463736],[-54.545397,-33.461062],[-54.5453,-33.461027],[-54.545716,-33.460856],[-54.547366,-33.460513],[-54.547614,-33.460998],[-54.549393,-33.460772],[-54.548626,-33.460343],[-54.550968,-33.460068],[-54.550006,-33.458674],[-54.550116,-33.458595],[-54.549854,-33.458202],[-54.55025,-33.458067],[-54.550252,-33.457838],[-54.550071,-33.457783],[-54.550204,-33.457654],[-54.55002,-33.457499],[-54.549816,-33.457482],[-54.549512,-33.457167],[-54.551184,-33.456861],[-54.550829,-33.455845],[-54.548677,-33.456234],[-54.548644,-33.456111],[-54.548423,-33.456081],[-54.548506,-33.455623],[-54.548308,-33.455339],[-54.548372,-33.455196],[-54.548312,-33.454936],[-54.548215,-33.455042],[-54.547846,-33.454665],[-54.547994,-33.45399],[-54.547769,-33.453971],[-54.547781,-33.453737],[-54.547654,-33.453687],[-54.547649,-33.453758],[-54.547399,-33.453635],[-54.547394,-33.45353],[-54.54729,-33.453555],[-54.547345,-33.453423],[-54.547133,-33.453287],[-54.547305,-33.452955],[-54.546884,-33.452738],[-54.547058,-33.452598],[-54.546991,-33.452427],[-54.54677,-33.452436],[-54.546818,-33.452188],[-54.546627,-33.452139],[-54.546699,-33.451996],[-54.546583,-33.451825],[-54.54648,-33.451808],[-54.546444,-33.451619],[-54.546089,-33.45147],[-54.545966,-33.451215],[-54.545872,-33.451183],[-54.545839,-33.451086],[-54.545921,-33.451019],[-54.545708,-33.450695],[-54.545743,-33.450577],[-54.545667,-33.450454],[-54.545527,-33.450395],[-54.545412,-33.450485],[-54.545246,-33.450382],[-54.545293,-33.450193],[-54.545202,-33.450097],[-54.5447,-33.450039],[-54.544661,-33.449913],[-54.544759,-33.449809],[-54.544615,-33.449601],[-54.544431,-33.448974],[-54.544249,-33.44893],[-54.544034,-33.44907],[-54.543946,-33.449035],[-54.543914,-33.448923],[-54.54402,-33.448843],[-54.543725,-33.448662],[-54.543971,-33.448558],[-54.544,-33.448424],[-54.543942,-33.448349],[-54.54374,-33.448338],[-54.543552,-33.448061],[-54.543521,-33.447989],[-54.54363,-33.447957],[-54.543468,-33.447859],[-54.543474,-33.44765],[-54.543225,-33.447538],[-54.543219,-33.447652],[-54.542966,-33.447717],[-54.543003,-33.447494],[-54.543327,-33.447402],[-54.543296,-33.447214],[-54.543116,-33.447203],[-54.542892,-33.447336],[-54.542587,-33.44694],[-54.542442,-33.446926],[-54.542429,-33.447081],[-54.542173,-33.44694],[-54.542247,-33.446852],[-54.542094,-33.446667],[-54.541781,-33.446687],[-54.541434,-33.446588],[-54.541103,-33.446645],[-54.541028,-33.4466],[-54.541058,-33.446405],[-54.540913,-33.446323],[-54.540264,-33.446245],[-54.541289,-33.444948],[-54.541392,-33.444869],[-54.541635,-33.444898],[-54.541697,-33.444819],[-54.541681,-33.444724],[-54.541519,-33.444693],[-54.541361,-33.44454],[-54.541272,-33.444107],[-54.541934,-33.443264],[-54.542729,-33.443385],[-54.542867,-33.443223],[-54.543115,-33.441484],[-54.542938,-33.438535],[-54.541424,-33.438313],[-54.540678,-33.438045],[-54.540163,-33.437995],[-54.539789,-33.437771],[-54.539,-33.437807],[-54.538658,-33.437948],[-54.536755,-33.439152],[-54.535702,-33.439516],[-54.535006,-33.439672],[-54.533681,-33.439627],[-54.532929,-33.439802],[-54.532329,-33.440121],[-54.532235,-33.440255],[-54.532187,-33.440781],[-54.532431,-33.441001],[-54.532485,-33.44119],[-54.532431,-33.441844],[-54.532286,-33.442006],[-54.531674,-33.442371],[-54.530496,-33.442667],[-54.529824,-33.442927],[-54.529588,-33.443123],[-54.529473,-33.44356],[-54.529719,-33.444247],[-54.529712,-33.444732],[-54.529412,-33.445406],[-54.529422,-33.445678],[-54.529332,-33.445876],[-54.5288,-33.446808],[-54.528485,-33.44721],[-54.527362,-33.448139],[-54.527146,-33.448355],[-54.527061,-33.448566],[-54.526603,-33.448973],[-54.526302,-33.449416],[-54.525691,-33.449786],[-54.525411,-33.450237],[-54.524912,-33.450686],[-54.52473,-33.450715],[-54.52431,-33.450602],[-54.524299,-33.45082],[-54.524192,-33.450901],[-54.521508,-33.451959],[-54.520851,-33.452019],[-54.52179,-33.457735],[-54.520806,-33.457888],[-54.515292,-33.458179],[-54.515418,-33.459642],[-54.514705,-33.459786],[-54.514527,-33.459953],[-54.515431,-33.459801],[-54.515566,-33.461273],[-54.520836,-33.460394],[-54.520766,-33.458914],[-54.523156,-33.458468],[-54.524373,-33.458126],[-54.524983,-33.458121],[-54.525137,-33.458361],[-54.525408,-33.459499],[-54.525928,-33.460573],[-54.532547,-33.469293],[-54.535643,-33.467618],[-54.53569,-33.467514],[-54.536793,-33.468522],[-54.53728,-33.468363],[-54.536569,-33.467613],[-54.537938,-33.46663],[-54.536115,-33.464768],[-54.535899,-33.464679],[-54.53531,-33.461889],[-54.53494,-33.460518],[-54.535015,-33.460486],[-54.535583,-33.460591],[-54.53624,-33.460323],[-54.537681,-33.460214],[-54.538083,-33.460293],[-54.538374,-33.460259],[-54.538529,-33.460404],[-54.538932,-33.460544],[-54.539134,-33.460864],[-54.539414,-33.460737],[-54.540255,-33.460789],[-54.540322,-33.460667],[-54.540577,-33.460594],[-54.540839,-33.460097],[-54.542887,-33.460444],[-54.54353,-33.461268],[-54.544229,-33.461092],[-54.544229,-33.462397],[-54.544526,-33.462468],[-54.54592,-33.465111],[-54.546102,-33.465134],[-54.547272,-33.464661]]]]}},{"type":"Feature","properties":{"nombre":"Ceramicas Salinas","departamento":"Canelones"},"geometry":{"type":"MultiPolygon","coordinates":[[[[-55.845267,-34.746379],[-55.839726,-34.745248],[-55.839623,-34.746565],[-55.839389,-34.747491],[-55.846024,-34.748744],[-55.845723,-34.74647],[-55.845267,-34.746379]]]]}},{"type":"Feature","properties":{"nombre":"Kiyu-ordeig","departamento":"San José"},"geometry":{"type":"MultiPolygon","coordinates":[[[[-56.756624,-34.697471],[-56.765474,-34.696054],[-56.769983,-34.695532],[-56.770157,-34.694498],[-56.769945,-34.694274],[-56.769911,-34.694093],[-56.768239,-34.694169],[-56.766812,-34.694434],[-56.766229,-34.694305],[-56.764658,-34.693747],[-56.764047,-34.693614],[-56.762519,-34.693462],[-56.760288,-34.693649],[-56.758952,-34.694028],[-56.758831,-34.693578],[-56.758723,-34.693523],[-56.757516,-34.693928],[-56.754733,-34.689602],[-56.753283,-34.6903],[-56.751782,-34.69133],[-56.751071,-34.69197],[-56.750312,-34.691502],[-56.749845,-34.692151],[-56.748946,-34.691685],[-56.748853,-34.691206],[-56.745719,-34.691557],[-56.747051,-34.696475],[-56.738472,-34.698243],[-56.732252,-34.699357],[-56.731968,-34.697455],[-56.728061,-34.698042],[-56.728205,-34.699166],[-56.727297,-34.699324],[-56.72735,-34.700226],[-56.718928,-34.701762],[-56.718687,-34.701409],[-56.71851,-34.700938],[-56.718239,-34.700948],[-56.717514,-34.699901],[-56.71681,-34.699268],[-56.716439,-34.699444],[-56.716407,-34.699308],[-56.715682,-34.699636],[-56.715236,-34.700059],[-56.714094,-34.70051],[-56.713882,-34.70071],[-56.711941,-34.700756],[-56.712004,-34.701062],[-56.710027,-34.700872],[-56.708426,-34.700423],[-56.707874,-34.700486],[-56.70817,-34.701961],[-56.700213,-34.703097],[-56.699776,-34.703067],[-56.699009,-34.702837],[-56.698669,-34.702846],[-56.698326,-34.703073],[-56.698115,-34.703366],[-56.697954,-34.704397],[-56.697729,-34.704878],[-56.697524,-34.705088],[-56.697256,-34.70519],[-56.696756,-34.705136],[-56.695654,-34.704849],[-56.69544,-34.704298],[-56.695212,-34.703986],[-56.694918,-34.703733],[-56.694696,-34.703707],[-56.693982,-34.703911],[-56.692693,-34.704545],[-56.692118,-34.704618],[-56.691851,-34.704888],[-56.691484,-34.705569],[-56.691364,-34.70618],[-56.692336,-34.707043],[-56.693198,-34.708266],[-56.694039,-34.708862],[-56.694232,-34.708576],[-56.694671,-34.708517],[-56.69511,-34.708349],[-56.695886,-34.708392],[-56.696294,-34.708274],[-56.696539,-34.708309],[-56.698027,-34.708153],[-56.698715,-34.708176],[-56.699309,-34.707985],[-56.700933,-34.707719],[-56.701815,-34.707473],[-56.702328,-34.707457],[-56.702464,-34.707521],[-56.702665,-34.707335],[-56.703106,-34.707198],[-56.704495,-34.706906],[-56.704745,-34.706748],[-56.705746,-34.706451],[-56.706301,-34.706384],[-56.709267,-34.705526],[-56.714204,-34.704545],[-56.722422,-34.702577],[-56.724633,-34.702247],[-56.727948,-34.701551],[-56.731619,-34.701059],[-56.733738,-34.700625],[-56.735443,-34.700395],[-56.736626,-34.700326],[-56.737871,-34.700064],[-56.744438,-34.699208],[-56.745201,-34.698981],[-56.748242,-34.698644],[-56.754339,-34.697705],[-56.756624,-34.697471]]],[[[-56.76735,-34.68334],[-56.769334,-34.683239],[-56.769134,-34.680338],[-56.763332,-34.681649],[-56.764201,-34.683728],[-56.765501,-34.683433],[-56.76735,-34.68334]]]]}},{"type":"Feature","properties":{"nombre":"Villa San Jose","departamento":"Canelones"},"geometry":{"type":"MultiPolygon","coordinates":[[[[-56.077136,-34.720576],[-56.075721,-34.719725],[-56.077951,-34.718169],[-56.076899,-34.717568],[-56.07984,-34.714018],[-56.076152,-34.711814],[-56.072137,-34.714923],[-56.068384,-34.717433],[-56.075693,-34.72172],[-56.077136,-34.720576]]]]}},{"type":"Feature","properties":{"nombre":"Cañada Grande","departamento":"San José"},"geometry":{"type":"MultiPolygon","coordinates":[[[[-56.74922,-34.47072],[-56.749418,-34.471339],[-56.748892,-34.471486],[-56.74901,-34.47189],[-56.74955,-34.47179],[-56.749806,-34.472615],[-56.752309,-34.472207],[-56.75111,-34.466197],[-56.754679,-34.465885],[-56.754323,-34.463624],[-56.75195,-34.46369],[-56.751157,-34.459638],[-56.749802,-34.45964],[-56.750794,-34.464617],[-56.749501,-34.464819],[-56.750551,-34.470594],[-56.74922,-34.47072]]]]}},{"type":"Feature","properties":{"nombre":"Arrocera los Ceibos","departamento":"Treinta y Tres"},"geometry":{"type":"MultiPolygon","coordinates":[[[[-53.563978,-32.953234],[-53.566073,-32.95463],[-53.565794,-32.954961],[-53.566823,-32.955648],[-53.567328,-32.955025],[-53.567599,-32.955201],[-53.567771,-32.954926],[-53.565556,-32.953643],[-53.565896,-32.953329],[-53.565,-32.952721],[-53.564716,-32.953037],[-53.56446,-32.952678],[-53.564605,-32.952138],[-53.564567,-32.951965],[-53.563718,-32.951559],[-53.562979,-32.951735],[-53.562623,-32.9519],[-53.561805,-32.952649],[-53.561293,-32.952093],[-53.560387,-32.952982],[-53.560993,-32.953426],[-53.561543,-32.952907],[-53.562814,-32.95378],[-53.563203,-32.95333],[-53.563578,-32.953639],[-53.563978,-32.953234]]]]}},{"type":"Feature","properties":{"nombre":"Cuchilla de Guaviyu","departamento":"Salto"},"geometry":{"type":"MultiPolygon","coordinates":[[[[-56.635337,-31.035891],[-56.636,-31.035631],[-56.636157,-31.035128],[-56.636001,-31.034567],[-56.6372,-31.033717],[-56.636597,-31.033047],[-56.635991,-31.033369],[-56.635632,-31.032854],[-56.635457,-31.032948],[-56.634922,-31.032224],[-56.634569,-31.032415],[-56.63385,-31.031444],[-56.633779,-31.031538],[-56.633419,-31.031573],[-56.632901,-31.031919],[-56.632591,-31.032006],[-56.63215,-31.032679],[-56.633204,-31.033316],[-56.632466,-31.034081],[-56.632633,-31.034257],[-56.631984,-31.034688],[-56.631827,-31.034513],[-56.631626,-31.034669],[-56.630967,-31.036274],[-56.632771,-31.036756],[-56.634236,-31.03638],[-56.635337,-31.035891]]]]}},{"type":"Feature","properties":{"nombre":"Rio Branco","departamento":"Cerro Largo"},"geometry":{"type":"MultiPolygon","coordinates":[[[[-53.406142,-32.612375],[-53.403376,-32.609747],[-53.406078,-32.607623],[-53.406449,-32.608077],[-53.409613,-32.607205],[-53.414934,-32.604723],[-53.405498,-32.602311],[-53.405134,-32.602184],[-53.404992,-32.602015],[-53.404485,-32.601978],[-53.404755,-32.600624],[-53.404937,-32.600381],[-53.405241,-32.600199],[-53.405525,-32.600226],[-53.405541,-32.600093],[-53.404698,-32.599311],[-53.404448,-32.599347],[-53.403994,-32.599116],[-53.403879,-32.598904],[-53.403916,-32.598581],[-53.403789,-32.598481],[-53.403915,-32.598325],[-53.403549,-32.597875],[-53.40343,-32.597514],[-53.403285,-32.597376],[-53.402667,-32.597324],[-53.402538,-32.597242],[-53.402467,-32.597126],[-53.402699,-32.596896],[-53.402712,-32.596711],[-53.402415,-32.59609],[-53.402153,-32.595977],[-53.401908,-32.595723],[-53.401605,-32.595598],[-53.400952,-32.595463],[-53.400411,-32.595446],[-53.399859,-32.595211],[-53.39889,-32.595452],[-53.398207,-32.595066],[-53.39748,-32.595016],[-53.397175,-32.595204],[-53.397028,-32.595609],[-53.396907,-32.595705],[-53.396677,-32.595737],[-53.396273,-32.595445],[-53.396133,-32.595432],[-53.39583,-32.595462],[-53.395517,-32.595697],[-53.395206,-32.5958],[-53.39507,-32.595975],[-53.395002,-32.596296],[-53.393776,-32.597532],[-53.393676,-32.597556],[-53.393024,-32.597229],[-53.392619,-32.596838],[-53.39233,-32.596821],[-53.392041,-32.596655],[-53.391657,-32.59658],[-53.391408,-32.59662],[-53.391113,-32.597035],[-53.390925,-32.597022],[-53.390726,-32.596695],[-53.390433,-32.596562],[-53.390421,-32.596407],[-53.390271,-32.596295],[-53.39016,-32.595649],[-53.389938,-32.595301],[-53.389985,-32.595081],[-53.389777,-32.594897],[-53.389258,-32.594807],[-53.389057,-32.594556],[-53.388848,-32.594555],[-53.388732,-32.594356],[-53.388902,-32.594238],[-53.389227,-32.59338],[-53.389969,-32.592362],[-53.390335,-32.591656],[-53.390609,-32.591392],[-53.391038,-32.591196],[-53.391509,-32.591166],[-53.391411,-32.590346],[-53.391742,-32.589347],[-53.391782,-32.589004],[-53.391767,-32.588512],[-53.391667,-32.588248],[-53.389828,-32.587456],[-53.388397,-32.587739],[-53.387334,-32.58744],[-53.386288,-32.587081],[-53.38578,-32.586706],[-53.385135,-32.586364],[-53.384856,-32.586317],[-53.383904,-32.585065],[-53.383258,-32.584321],[-53.382898,-32.584025],[-53.381811,-32.582708],[-53.381691,-32.582474],[-53.381737,-32.582206],[-53.381582,-32.582229],[-53.381497,-32.582329],[-53.381303,-32.582271],[-53.380721,-32.581509],[-53.380656,-32.581236],[-53.38033,-32.5807],[-53.379929,-32.580247],[-53.379838,-32.579839],[-53.379554,-32.579209],[-53.37949,-32.578807],[-53.379499,-32.578177],[-53.379751,-32.577864],[-53.379485,-32.577928],[-53.379341,-32.577713],[-53.379428,-32.577636],[-53.379553,-32.577665],[-53.379586,-32.57744],[-53.379253,-32.576537],[-53.37931,-32.576],[-53.379228,-32.575548],[-53.378016,-32.572996],[-53.37784,-32.572781],[-53.377459,-32.572551],[-53.377311,-32.572143],[-53.377131,-32.572004],[-53.375893,-32.571594],[-53.375508,-32.571545],[-53.375275,-32.571353],[-53.374537,-32.571106],[-53.375239,-32.572849],[-53.374813,-32.572793],[-53.374771,-32.572994],[-53.374846,-32.573283],[-53.374636,-32.573348],[-53.374765,-32.573746],[-53.373824,-32.574006],[-53.3731,-32.577472],[-53.371341,-32.57833],[-53.37428,-32.581152],[-53.370898,-32.583477],[-53.37015,-32.585503],[-53.367492,-32.587597],[-53.371131,-32.591363],[-53.36737,-32.593462],[-53.364112,-32.595491],[-53.36265,-32.596577],[-53.360509,-32.599296],[-53.357682,-32.602574],[-53.351215,-32.608217],[-53.356796,-32.608719],[-53.361655,-32.608667],[-53.36554,-32.604402],[-53.367398,-32.601525],[-53.370331,-32.604621],[-53.370607,-32.604533],[-53.372253,-32.603399],[-53.375132,-32.60641],[-53.378727,-32.609607],[-53.383407,-32.613448],[-53.3845,-32.609976],[-53.389203,-32.606433],[-53.393246,-32.609],[-53.394264,-32.61189],[-53.398568,-32.60964],[-53.401281,-32.612884],[-53.404382,-32.615095],[-53.407556,-32.613877],[-53.407539,-32.613692],[-53.406142,-32.612375]]]]}},{"type":"Feature","properties":{"nombre":"Puntas del Parao","departamento":"Treinta y Tres"},"geometry":{"type":"MultiPolygon","coordinates":[[[[-54.376238,-32.727659],[-54.376216,-32.727297],[-54.375828,-32.72732],[-54.375851,-32.727673],[-54.374818,-32.72773],[-54.375046,-32.728491],[-54.376813,-32.728416],[-54.376686,-32.727633],[-54.376238,-32.727659]]],[[[-54.380043,-32.725143],[-54.380322,-32.725505],[-54.381047,-32.725198],[-54.38114,-32.724801],[-54.380883,-32.724379],[-54.380223,-32.724156],[-54.379981,-32.723941],[-54.378977,-32.723785],[-54.378863,-32.722966],[-54.378679,-32.722966],[-54.378007,-32.722479],[-54.377352,-32.723347],[-54.377761,-32.723551],[-54.377846,-32.723693],[-54.377923,-32.727598],[-54.378501,-32.72758],[-54.378695,-32.727494],[-54.379259,-32.725774],[-54.379748,-32.725939],[-54.380043,-32.725143]]]]}},{"type":"Feature","properties":{"nombre":"La Pedrera","departamento":"Rocha"},"geometry":{"type":"MultiPolygon","coordinates":[[[[-54.133572,-34.603616],[-54.135385,-34.605093],[-54.135825,-34.605756],[-54.136449,-34.606257],[-54.136839,-34.606791],[-54.137853,-34.607764],[-54.13898,-34.609177],[-54.139914,-34.609964],[-54.140194,-34.610505],[-54.141349,-34.611718],[-54.14372,-34.614724],[-54.152352,-34.609486],[-54.152722,-34.609746],[-54.152813,-34.609618],[-54.150101,-34.607865],[-54.149012,-34.606825],[-54.133032,-34.590248],[-54.132905,-34.589735],[-54.132547,-34.589442],[-54.130656,-34.583391],[-54.130416,-34.582322],[-54.13028,-34.582369],[-54.130378,-34.582918],[-54.122913,-34.585814],[-54.122854,-34.585928],[-54.121209,-34.586477],[-54.12088,-34.586642],[-54.120606,-34.586932],[-54.12083,-34.587537],[-54.121312,-34.58822],[-54.121391,-34.588601],[-54.121181,-34.58919],[-54.12119,-34.58963],[-54.120985,-34.589779],[-54.120925,-34.590025],[-54.120506,-34.590451],[-54.120457,-34.590632],[-54.120534,-34.590754],[-54.120748,-34.590669],[-54.12073,-34.590824],[-54.120962,-34.590894],[-54.120911,-34.591277],[-54.120993,-34.5917],[-54.120761,-34.591837],[-54.120819,-34.591979],[-54.121132,-34.592076],[-54.120937,-34.592322],[-54.12103,-34.592486],[-54.120921,-34.592591],[-54.121045,-34.592683],[-54.121044,-34.592787],[-54.12071,-34.59291],[-54.120952,-34.593229],[-54.120739,-34.593372],[-54.12079,-34.594035],[-54.120734,-34.594164],[-54.120884,-34.594179],[-54.120796,-34.594323],[-54.120925,-34.594528],[-54.121062,-34.594498],[-54.121927,-34.594922],[-54.122691,-34.595111],[-54.123083,-34.595374],[-54.123642,-34.595591],[-54.124114,-34.595975],[-54.124812,-34.596369],[-54.12525,-34.59674],[-54.125473,-34.597378],[-54.126092,-34.597915],[-54.127114,-34.598381],[-54.127389,-34.598708],[-54.129183,-34.599773],[-54.129594,-34.600244],[-54.13066,-34.600995],[-54.131343,-34.601653],[-54.132878,-34.602875],[-54.133572,-34.603616]]]]}},{"type":"Feature","properties":{"nombre":"Blanes Viale","departamento":"Lavalleja"},"geometry":{"type":"MultiPolygon","coordinates":[[[[-55.251508,-34.331861],[-55.251737,-34.331464],[-55.249689,-34.33051],[-55.247419,-34.333528],[-55.248051,-34.33373],[-55.248082,-34.333648],[-55.250104,-34.334284],[-55.251508,-34.331861]]]]}},{"type":"Feature","properties":{"nombre":"Palo Solo","departamento":"Soriano"},"geometry":{"type":"MultiPolygon","coordinates":[[[[-58.025062,-33.830099],[-58.026349,-33.825896],[-58.024391,-33.825543],[-58.024285,-33.826309],[-58.024528,-33.826485],[-58.024052,-33.826974],[-58.023414,-33.826574],[-58.02253,-33.827517],[-58.022393,-33.827356],[-58.019171,-33.829652],[-58.01924,-33.829799],[-58.019486,-33.829837],[-58.019963,-33.830196],[-58.020254,-33.83026],[-58.024497,-33.830327],[-58.024337,-33.830488],[-58.025104,-33.830204],[-58.025062,-33.830099]]]]}},{"type":"Feature","properties":{"nombre":"Cardozo","departamento":"Tacuarembó"},"geometry":{"type":"MultiPolygon","coordinates":[[[[-56.328322,-32.647381],[-56.329191,-32.64727],[-56.330218,-32.647408],[-56.330634,-32.647371],[-56.331248,-32.647473],[-56.331824,-32.647459],[-56.332172,-32.647574],[-56.3331,-32.647518],[-56.334523,-32.646817],[-56.334931,-32.646427],[-56.335491,-32.645603],[-56.335696,-32.645031],[-56.335666,-32.644725],[-56.335373,-32.644514],[-56.334625,-32.644195],[-56.334429,-32.644018],[-56.333672,-32.642791],[-56.333643,-32.642524],[-56.333786,-32.642107],[-56.334222,-32.641397],[-56.334301,-32.641068],[-56.334169,-32.640184],[-56.334081,-32.640039],[-56.334146,-32.63973],[-56.333873,-32.639577],[-56.333752,-32.638935],[-56.333582,-32.638795],[-56.333422,-32.638497],[-56.332592,-32.63813],[-56.332195,-32.638131],[-56.331761,-32.637914],[-56.330501,-32.637511],[-56.330143,-32.637466],[-56.329616,-32.637639],[-56.328987,-32.638145],[-56.328602,-32.639262],[-56.32833,-32.639778],[-56.327811,-32.639982],[-56.327397,-32.639977],[-56.327298,-32.639907],[-56.326939,-32.640134],[-56.326884,-32.640335],[-56.326236,-32.641006],[-56.32607,-32.641317],[-56.326094,-32.641654],[-56.325951,-32.641822],[-56.325832,-32.641836],[-56.325809,-32.641973],[-56.325347,-32.641902],[-56.325153,-32.642208],[-56.324362,-32.642198],[-56.323906,-32.641774],[-56.323706,-32.641431],[-56.323426,-32.641316],[-56.323177,-32.641553],[-56.322441,-32.641767],[-56.322321,-32.641911],[-56.322122,-32.641934],[-56.322039,-32.64212],[-56.321844,-32.642148],[-56.321801,-32.642297],[-56.321894,-32.642523],[-56.321654,-32.642729],[-56.321456,-32.642738],[-56.321306,-32.643064],[-56.320815,-32.643414],[-56.320769,-32.643739],[-56.320356,-32.644026],[-56.320353,-32.644111],[-56.319603,-32.644953],[-56.319037,-32.645191],[-56.31894,-32.64543],[-56.318458,-32.645661],[-56.318243,-32.64594],[-56.323194,-32.652999],[-56.324846,-32.655213],[-56.3251,-32.655219],[-56.325331,-32.655],[-56.32638,-32.654668],[-56.326792,-32.654057],[-56.327026,-32.653876],[-56.327736,-32.652681],[-56.328567,-32.652216],[-56.329028,-32.651831],[-56.329466,-32.65116],[-56.329611,-32.650507],[-56.329548,-32.650121],[-56.328981,-32.649225],[-56.328661,-32.648862],[-56.328421,-32.648775],[-56.328398,-32.648618],[-56.328108,-32.648405],[-56.327948,-32.648124],[-56.327948,-32.647784],[-56.328198,-32.647564],[-56.328201,-32.647397],[-56.328322,-32.647381]]]]}},{"type":"Feature","properties":{"nombre":"Minas de Corrales","departamento":"Rivera"},"geometry":{"type":"MultiPolygon","coordinates":[[[[-55.477588,-31.581896],[-55.477837,-31.581937],[-55.478135,-31.581643],[-55.478334,-31.581621],[-55.478469,-31.581738],[-55.478555,-31.582145],[-55.479215,-31.582384],[-55.479657,-31.582971],[-55.480007,-31.58323],[-55.480351,-31.582997],[-55.480731,-31.582921],[-55.481279,-31.582355],[-55.481804,-31.582052],[-55.481962,-31.582005],[-55.482347,-31.582069],[-55.48286,-31.582321],[-55.485404,-31.581187],[-55.485235,-31.580961],[-55.485007,-31.580949],[-55.484862,-31.580657],[-55.484809,-31.580348],[-55.484628,-31.580121],[-55.484611,-31.57987],[-55.484698,-31.579671],[-55.484582,-31.579508],[-55.48457,-31.579327],[-55.484861,-31.579357],[-55.484961,-31.579228],[-55.485247,-31.579181],[-55.485678,-31.579263],[-55.485941,-31.579012],[-55.486034,-31.578785],[-55.486332,-31.57875],[-55.48639,-31.578895],[-55.486746,-31.578709],[-55.486816,-31.578571],[-55.487017,-31.578449],[-55.486653,-31.575523],[-55.484918,-31.576785],[-55.483584,-31.578539],[-55.48342,-31.578644],[-55.483305,-31.578541],[-55.483175,-31.578359],[-55.483105,-31.577997],[-55.482516,-31.578026],[-55.482312,-31.578149],[-55.482335,-31.5783],[-55.48188,-31.578417],[-55.481365,-31.578926],[-55.481136,-31.578689],[-55.480319,-31.577089],[-55.480088,-31.576892],[-55.476339,-31.575247],[-55.476838,-31.574848],[-55.480078,-31.57307],[-55.48223,-31.571074],[-55.483389,-31.570528],[-55.48126,-31.567868],[-55.484143,-31.566025],[-55.485684,-31.564722],[-55.484851,-31.563435],[-55.483168,-31.564291],[-55.4826,-31.563379],[-55.480589,-31.565212],[-55.480434,-31.564843],[-55.480588,-31.564367],[-55.480249,-31.563863],[-55.47961,-31.563897],[-55.478699,-31.563669],[-55.477685,-31.563896],[-55.476981,-31.563561],[-55.476311,-31.563452],[-55.47606,-31.563599],[-55.475797,-31.563608],[-55.475673,-31.56383],[-55.475177,-31.564017],[-55.474507,-31.563705],[-55.474356,-31.563727],[-55.473858,-31.564137],[-55.473847,-31.564264],[-55.473568,-31.564403],[-55.47298,-31.564477],[-55.473,-31.564926],[-55.472624,-31.565105],[-55.472248,-31.565568],[-55.472223,-31.565745],[-55.47282,-31.565928],[-55.472903,-31.566064],[-55.472882,-31.566446],[-55.47314,-31.567154],[-55.4731,-31.567672],[-55.472572,-31.567567],[-55.471905,-31.567766],[-55.471215,-31.567606],[-55.470753,-31.567631],[-55.46983,-31.568068],[-55.468491,-31.568218],[-55.468257,-31.568342],[-55.468037,-31.56831],[-55.467812,-31.568562],[-55.46747,-31.568546],[-55.467279,-31.568666],[-55.467185,-31.568905],[-55.467795,-31.569527],[-55.46786,-31.569731],[-55.467791,-31.57017],[-55.467542,-31.570438],[-55.467831,-31.570708],[-55.467847,-31.57083],[-55.46736,-31.571685],[-55.465662,-31.570868],[-55.463102,-31.568753],[-55.4619,-31.571304],[-55.461988,-31.571504],[-55.463032,-31.572001],[-55.462767,-31.572568],[-55.463394,-31.573081],[-55.46334,-31.573225],[-55.462634,-31.573773],[-55.463923,-31.575144],[-55.463352,-31.575085],[-55.462997,-31.575285],[-55.462893,-31.57544],[-55.462976,-31.575738],[-55.463384,-31.575929],[-55.463444,-31.576525],[-55.463545,-31.576769],[-55.464016,-31.57715],[-55.464743,-31.577034],[-55.465184,-31.577216],[-55.465163,-31.577374],[-55.464877,-31.577681],[-55.46497,-31.577955],[-55.465996,-31.577197],[-55.466326,-31.576776],[-55.46677,-31.576439],[-55.468044,-31.576622],[-55.468854,-31.577219],[-55.469072,-31.577542],[-55.469045,-31.578023],[-55.469124,-31.578208],[-55.470099,-31.579926],[-55.470315,-31.580809],[-55.470618,-31.581217],[-55.470871,-31.581743],[-55.471114,-31.581864],[-55.471259,-31.582039],[-55.471414,-31.582373],[-55.47143,-31.582817],[-55.471571,-31.583151],[-55.472241,-31.583823],[-55.472753,-31.584155],[-55.473057,-31.584261],[-55.473638,-31.584325],[-55.47393,-31.584244],[-55.474976,-31.583494],[-55.476267,-31.582342],[-55.476947,-31.581971],[-55.477588,-31.581896]]]]}},{"type":"Feature","properties":{"nombre":"Dolores","departamento":"Soriano"},"geometry":{"type":"MultiPolygon","coordinates":[[[[-58.227239,-33.534399],[-58.228976,-33.533611],[-58.23067,-33.532732],[-58.231476,-33.532494],[-58.233427,-33.531492],[-58.233693,-33.530905],[-58.233717,-33.530567],[-58.233136,-33.53008],[-58.233172,-33.529852],[-58.233245,-33.529714],[-58.233903,-33.529513],[-58.23419,-33.529499],[-58.234472,-33.529361],[-58.234674,-33.52888],[-58.235146,-33.528603],[-58.235404,-33.526486],[-58.229977,-33.523359],[-58.230152,-33.522991],[-58.230247,-33.523019],[-58.230676,-33.522219],[-58.228991,-33.521408],[-58.229868,-33.520217],[-58.230449,-33.519208],[-58.230257,-33.519354],[-58.229817,-33.519392],[-58.229825,-33.519322],[-58.229252,-33.519354],[-58.22915,-33.519293],[-58.229141,-33.519451],[-58.226622,-33.519191],[-58.226665,-33.518732],[-58.22779,-33.518545],[-58.228636,-33.518708],[-58.229171,-33.518683],[-58.230034,-33.519015],[-58.230657,-33.518975],[-58.230751,-33.519062],[-58.230857,-33.518981],[-58.230886,-33.519061],[-58.231088,-33.519041],[-58.231102,-33.518973],[-58.23128,-33.519051],[-58.231564,-33.519044],[-58.231613,-33.518971],[-58.232045,-33.518991],[-58.232142,-33.519119],[-58.232212,-33.519034],[-58.232351,-33.519076],[-58.232341,-33.518983],[-58.232437,-33.519086],[-58.232458,-33.518994],[-58.232647,-33.518982],[-58.232744,-33.519079],[-58.232861,-33.519009],[-58.233156,-33.519111],[-58.23338,-33.519097],[-58.233401,-33.519167],[-58.233548,-33.519104],[-58.233823,-33.519189],[-58.233958,-33.519104],[-58.234049,-33.519224],[-58.234456,-33.519239],[-58.234421,-33.518952],[-58.234227,-33.518846],[-58.234081,-33.518568],[-58.234173,-33.518518],[-58.233774,-33.518107],[-58.233999,-33.517986],[-58.233977,-33.517879],[-58.233592,-33.51763],[-58.233557,-33.51749],[-58.233035,-33.517287],[-58.232299,-33.516818],[-58.231748,-33.516711],[-58.231251,-33.516914],[-58.231088,-33.516866],[-58.231008,-33.51694],[-58.230788,-33.516892],[-58.229881,-33.516989],[-58.229661,-33.51714],[-58.229654,-33.517225],[-58.229532,-33.517166],[-58.229477,-33.517334],[-58.229276,-33.517403],[-58.228832,-33.517782],[-58.228604,-33.517766],[-58.228596,-33.517888],[-58.227394,-33.518199],[-58.226968,-33.518445],[-58.225942,-33.518609],[-58.225825,-33.518691],[-58.223034,-33.518887],[-58.222945,-33.518817],[-58.222373,-33.518809],[-58.222216,-33.518733],[-58.221586,-33.518722],[-58.2212,-33.518851],[-58.221205,-33.518788],[-58.220942,-33.518813],[-58.220969,-33.518756],[-58.220822,-33.518728],[-58.220714,-33.518798],[-58.220536,-33.518692],[-58.220352,-33.518723],[-58.219896,-33.518515],[-58.219805,-33.518572],[-58.219605,-33.518416],[-58.219467,-33.518423],[-58.219424,-33.518297],[-58.219369,-33.518382],[-58.219383,-33.51832],[-58.219205,-33.518237],[-58.21891,-33.518482],[-58.219106,-33.518187],[-58.218938,-33.518151],[-58.218775,-33.51798],[-58.218633,-33.517975],[-58.218681,-33.517865],[-58.218573,-33.517888],[-58.218574,-33.517818],[-58.218401,-33.51773],[-58.218511,-33.517711],[-58.218496,-33.517617],[-58.217788,-33.51735],[-58.217787,-33.517238],[-58.217979,-33.517236],[-58.217931,-33.517075],[-58.217673,-33.516908],[-58.21754,-33.516927],[-58.217191,-33.51672],[-58.217021,-33.516702],[-58.21678,-33.516416],[-58.216455,-33.51623],[-58.216466,-33.51604],[-58.215354,-33.515636],[-58.214593,-33.515504],[-58.214243,-33.515525],[-58.214087,-33.515565],[-58.214142,-33.515618],[-58.213767,-33.515893],[-58.213686,-33.516052],[-58.213543,-33.516053],[-58.21347,-33.515967],[-58.213349,-33.516074],[-58.213314,-33.516233],[-58.213028,-33.5163],[-58.212803,-33.516579],[-58.212666,-33.517427],[-58.212563,-33.517602],[-58.21198,-33.520194],[-58.204426,-33.519961],[-58.206198,-33.523495],[-58.206361,-33.524026],[-58.204048,-33.524811],[-58.206759,-33.531098],[-58.19919,-33.532437],[-58.199463,-33.533399],[-58.202363,-33.532861],[-58.203476,-33.536609],[-58.206454,-33.540838],[-58.201452,-33.543433],[-58.203991,-33.547922],[-58.199188,-33.550602],[-58.20109,-33.554266],[-58.201201,-33.554372],[-58.206964,-33.545778],[-58.211321,-33.546503],[-58.211773,-33.543648],[-58.213877,-33.544119],[-58.215185,-33.544056],[-58.219916,-33.542572],[-58.219921,-33.539501],[-58.219819,-33.537224],[-58.220534,-33.536265],[-58.22293,-33.537625],[-58.223428,-33.53699],[-58.224904,-33.537836],[-58.225278,-33.537487],[-58.225448,-33.536878],[-58.226192,-33.53599],[-58.226692,-33.534891],[-58.226934,-33.534562],[-58.227239,-33.534399]]]]}},{"type":"Feature","properties":{"nombre":"La Paz","departamento":"Colonia"},"geometry":{"type":"MultiPolygon","coordinates":[[[[-57.311621,-34.348697],[-57.314068,-34.346969],[-57.311918,-34.344968],[-57.311103,-34.345485],[-57.307597,-34.342037],[-57.30059,-34.347055],[-57.302444,-34.34883],[-57.300235,-34.350421],[-57.303902,-34.353752],[-57.305329,-34.35269],[-57.305577,-34.353009],[-57.311621,-34.348697]]]]}},{"type":"Feature","properties":{"nombre":"Goñi","departamento":"Florida"},"geometry":{"type":"MultiPolygon","coordinates":[[[[-56.41323,-33.523807],[-56.413573,-33.524051],[-56.413812,-33.523965],[-56.417696,-33.521485],[-56.416893,-33.520599],[-56.417252,-33.520296],[-56.417956,-33.519332],[-56.417747,-33.519433],[-56.41497,-33.516546],[-56.411576,-33.518834],[-56.41049,-33.517754],[-56.409451,-33.517251],[-56.407788,-33.519415],[-56.411052,-33.522748],[-56.41106,-33.522858],[-56.412009,-33.523897],[-56.412831,-33.52306],[-56.412827,-33.523445],[-56.41323,-33.523807]]]]}},{"type":"Feature","properties":{"nombre":"Amarillo","departamento":"Rivera"},"geometry":{"type":"MultiPolygon","coordinates":[[[[-55.102719,-31.606698],[-55.102825,-31.606976],[-55.103062,-31.606909],[-55.103216,-31.607225],[-55.103983,-31.607059],[-55.103192,-31.605813],[-55.103892,-31.605745],[-55.104242,-31.604348],[-55.105302,-31.604248],[-55.105275,-31.603274],[-55.105066,-31.603279],[-55.105069,-31.602716],[-55.104699,-31.602706],[-55.104501,-31.602361],[-55.104368,-31.602302],[-55.104072,-31.60227],[-55.103593,-31.604394],[-55.103198,-31.60562],[-55.10239,-31.605538],[-55.102115,-31.60508],[-55.10145,-31.605346],[-55.101503,-31.605485],[-55.101753,-31.605418],[-55.101771,-31.605518],[-55.101957,-31.605578],[-55.102152,-31.606354],[-55.102779,-31.606047],[-55.102931,-31.606672],[-55.102719,-31.606698]]]]}},{"type":"Feature","properties":{"nombre":"Juan Jackson","departamento":"Colonia"},"geometry":{"type":"MultiPolygon","coordinates":[[[[-57.231807,-33.918105],[-57.232943,-33.918298],[-57.233774,-33.918589],[-57.240584,-33.921895],[-57.240198,-33.921426],[-57.237577,-33.919028],[-57.237855,-33.918746],[-57.236075,-33.917532],[-57.23515,-33.917032],[-57.23342,-33.916215],[-57.231743,-33.915756],[-57.230196,-33.915728],[-57.22915,-33.915887],[-57.229371,-33.916763],[-57.231104,-33.916243],[-57.231434,-33.91621],[-57.231807,-33.918105]]]]}},{"type":"Feature","properties":{"nombre":"Lares","departamento":"Soriano"},"geometry":{"type":"MultiPolygon","coordinates":[[[[-57.801282,-33.83255],[-57.799628,-33.832711],[-57.79959,-33.832541],[-57.7987,-33.832636],[-57.79873,-33.832779],[-57.797207,-33.83298],[-57.797005,-33.833071],[-57.79747,-33.834851],[-57.802239,-33.834342],[-57.801282,-33.83255]]]]}},{"type":"Feature","properties":{"nombre":"San Gregorio","departamento":"Artigas"},"geometry":{"type":"MultiPolygon","coordinates":[[[[-57.809959,-30.531974],[-57.810494,-30.532434],[-57.812213,-30.530733],[-57.809698,-30.528372],[-57.807892,-30.529945],[-57.807779,-30.530168],[-57.808108,-30.530324],[-57.80887,-30.531074],[-57.809959,-30.531974]]]]}},{"type":"Feature","properties":{"nombre":"Santa Lucia","departamento":"Canelones"},"geometry":{"type":"MultiPolygon","coordinates":[[[[-56.405772,-34.485708],[-56.40603,-34.485156],[-56.406335,-34.484847],[-56.406696,-34.484744],[-56.407638,-34.484596],[-56.409744,-34.484961],[-56.411229,-34.48489],[-56.412133,-34.484719],[-56.413592,-34.484277],[-56.415008,-34.483663],[-56.416175,-34.482764],[-56.417132,-34.481857],[-56.417477,-34.481422],[-56.418214,-34.480254],[-56.418956,-34.478602],[-56.4191,-34.477742],[-56.41922,-34.476153],[-56.418978,-34.474592],[-56.418957,-34.473736],[-56.419383,-34.471653],[-56.41931,-34.471242],[-56.418842,-34.470081],[-56.418799,-34.469154],[-56.419393,-34.466983],[-56.41938,-34.465561],[-56.419051,-34.46463],[-56.418721,-34.464288],[-56.41834,-34.464115],[-56.41807,-34.463881],[-56.417376,-34.463046],[-56.416972,-34.462261],[-56.416851,-34.461526],[-56.416929,-34.461064],[-56.417221,-34.46053],[-56.417366,-34.459723],[-56.417358,-34.459329],[-56.417148,-34.458613],[-56.417192,-34.458274],[-56.416917,-34.457055],[-56.416577,-34.456645],[-56.415508,-34.455656],[-56.414524,-34.45546],[-56.413959,-34.45547],[-56.413359,-34.455663],[-56.412472,-34.456137],[-56.411373,-34.456325],[-56.410682,-34.456312],[-56.409269,-34.45596],[-56.409012,-34.455747],[-56.408299,-34.455572],[-56.40724,-34.454322],[-56.406775,-34.454079],[-56.406236,-34.45358],[-56.405659,-34.453368],[-56.40459,-34.452373],[-56.404222,-34.451569],[-56.403988,-34.451268],[-56.402773,-34.450012],[-56.402128,-34.449111],[-56.401114,-34.448169],[-56.400738,-34.447689],[-56.400515,-34.446562],[-56.40057,-34.445078],[-56.401282,-34.443884],[-56.401635,-34.443483],[-56.401995,-34.442762],[-56.402021,-34.442516],[-56.401594,-34.442318],[-56.4014,-34.442087],[-56.400415,-34.440217],[-56.399373,-34.438949],[-56.399448,-34.438581],[-56.399319,-34.438406],[-56.399121,-34.438227],[-56.398796,-34.438151],[-56.398472,-34.437965],[-56.398077,-34.437465],[-56.397783,-34.436571],[-56.397859,-34.436189],[-56.397785,-34.435716],[-56.397294,-34.434727],[-56.397134,-34.433815],[-56.396794,-34.432746],[-56.395826,-34.431608],[-56.395369,-34.431253],[-56.395151,-34.43111],[-56.394193,-34.430796],[-56.393784,-34.43049],[-56.393249,-34.430423],[-56.392789,-34.430077],[-56.392331,-34.429008],[-56.392064,-34.427839],[-56.391663,-34.426745],[-56.391537,-34.425658],[-56.391292,-34.425108],[-56.391253,-34.424477],[-56.391488,-34.423619],[-56.392429,-34.422466],[-56.392874,-34.421767],[-56.392995,-34.421425],[-56.392729,-34.418734],[-56.392474,-34.418141],[-56.391917,-34.417442],[-56.391101,-34.417118],[-56.390734,-34.416764],[-56.390396,-34.416287],[-56.389892,-34.416013],[-56.389522,-34.415962],[-56.388262,-34.414845],[-56.387781,-34.414213],[-56.387224,-34.413851],[-56.386598,-34.412666],[-56.385516,-34.411636],[-56.384592,-34.410254],[-56.383835,-34.410029],[-56.383306,-34.40972],[-56.383189,-34.409115],[-56.382506,-34.408579],[-56.376978,-34.409569],[-56.376992,-34.409729],[-56.371658,-34.427122],[-56.371538,-34.427549],[-56.371755,-34.427834],[-56.363517,-34.453926],[-56.362216,-34.458793],[-56.360123,-34.466015],[-56.357778,-34.472954],[-56.357024,-34.474553],[-56.356626,-34.475845],[-56.34726,-34.483253],[-56.346157,-34.484174],[-56.342802,-34.487346],[-56.343105,-34.487639],[-56.343467,-34.487552],[-56.34358,-34.487608],[-56.343897,-34.488329],[-56.344335,-34.489005],[-56.344302,-34.489152],[-56.344019,-34.489363],[-56.344129,-34.48979],[-56.344806,-34.490464],[-56.345528,-34.490872],[-56.346401,-34.491209],[-56.347026,-34.491308],[-56.347313,-34.491244],[-56.348494,-34.490643],[-56.349052,-34.49062],[-56.349297,-34.49077],[-56.349805,-34.492031],[-56.350132,-34.492607],[-56.350355,-34.492774],[-56.350543,-34.492808],[-56.352316,-34.492552],[-56.352771,-34.492367],[-56.353019,-34.49209],[-56.353734,-34.492006],[-56.353988,-34.491753],[-56.354321,-34.491581],[-56.354431,-34.491244],[-56.354605,-34.491135],[-56.354997,-34.491091],[-56.355314,-34.4913],[-56.355405,-34.491265],[-56.355678,-34.490811],[-56.35577,-34.490861],[-56.356033,-34.490739],[-56.356048,-34.490588],[-56.356364,-34.490514],[-56.356617,-34.490152],[-56.356872,-34.490189],[-56.357207,-34.489816],[-56.357271,-34.489621],[-56.357753,-34.489413],[-56.357742,-34.489333],[-56.358677,-34.488847],[-56.359647,-34.488465],[-56.360261,-34.488385],[-56.36091,-34.488086],[-56.361196,-34.488049],[-56.361914,-34.488445],[-56.362702,-34.488573],[-56.363449,-34.489088],[-56.363504,-34.489246],[-56.363628,-34.48982],[-56.363728,-34.491503],[-56.363878,-34.492077],[-56.363878,-34.492301],[-56.363379,-34.492775],[-56.362826,-34.492804],[-56.362624,-34.492938],[-56.362653,-34.49358],[-56.362797,-34.49412],[-56.362897,-34.494193],[-56.364875,-34.494534],[-56.365611,-34.494409],[-56.366462,-34.494402],[-56.367458,-34.494244],[-56.368305,-34.49381],[-56.368754,-34.493449],[-56.369328,-34.493262],[-56.369565,-34.493199],[-56.369864,-34.493411],[-56.370045,-34.493829],[-56.370027,-34.494383],[-56.369882,-34.494714],[-56.369707,-34.494856],[-56.369612,-34.495417],[-56.368147,-34.496807],[-56.368103,-34.497064],[-56.368467,-34.497462],[-56.369013,-34.49763],[-56.369391,-34.497648],[-56.370424,-34.497429],[-56.372464,-34.496705],[-56.373408,-34.496587],[-56.374028,-34.49616],[-56.376871,-34.495324],[-56.377752,-34.495276],[-56.37801,-34.495092],[-56.378342,-34.495017],[-56.378485,-34.494878],[-56.378951,-34.494793],[-56.378994,-34.494666],[-56.379192,-34.49465],[-56.379585,-34.494376],[-56.379967,-34.494276],[-56.380796,-34.494318],[-56.381163,-34.494461],[-56.381679,-34.494805],[-56.381686,-34.495318],[-56.381177,-34.495772],[-56.380988,-34.496689],[-56.381064,-34.496963],[-56.382348,-34.496999],[-56.382783,-34.496556],[-56.382801,-34.496183],[-56.383217,-34.495919],[-56.383677,-34.495876],[-56.383791,-34.495792],[-56.38385,-34.495348],[-56.383975,-34.49511],[-56.384215,-34.494938],[-56.384398,-34.494958],[-56.384522,-34.495152],[-56.385089,-34.495335],[-56.385323,-34.495686],[-56.385681,-34.495726],[-56.38626,-34.495391],[-56.386275,-34.495278],[-56.387205,-34.494981],[-56.387318,-34.495158],[-56.387501,-34.495249],[-56.387642,-34.495626],[-56.387993,-34.495962],[-56.388091,-34.49647],[-56.388436,-34.497097],[-56.388637,-34.497294],[-56.389036,-34.497472],[-56.389212,-34.498126],[-56.388958,-34.498565],[-56.388431,-34.499135],[-56.38814,-34.499295],[-56.387795,-34.499657],[-56.387207,-34.50078],[-56.387206,-34.501019],[-56.387408,-34.501189],[-56.387437,-34.501321],[-56.386998,-34.50171],[-56.386305,-34.501727],[-56.386042,-34.501578],[-56.385991,-34.501121],[-56.385631,-34.500501],[-56.384934,-34.499799],[-56.384696,-34.499671],[-56.383951,-34.49954],[-56.383677,-34.499533],[-56.383355,-34.499674],[-56.383076,-34.500133],[-56.383002,-34.500514],[-56.383037,-34.502266],[-56.382977,-34.503367],[-56.383127,-34.504259],[-56.383375,-34.504842],[-56.383443,-34.505378],[-56.384022,-34.506448],[-56.384417,-34.506823],[-56.385434,-34.507378],[-56.386393,-34.507521],[-56.388265,-34.508341],[-56.389393,-34.508576],[-56.390833,-34.508702],[-56.391381,-34.508857],[-56.391565,-34.509053],[-56.391993,-34.508806],[-56.392323,-34.508296],[-56.392374,-34.507963],[-56.392103,-34.506844],[-56.392163,-34.506489],[-56.393135,-34.505551],[-56.393566,-34.505545],[-56.394252,-34.505713],[-56.395806,-34.506375],[-56.396232,-34.506454],[-56.398029,-34.506394],[-56.398546,-34.506294],[-56.399073,-34.506029],[-56.399429,-34.505747],[-56.399992,-34.505116],[-56.400726,-34.503962],[-56.401099,-34.502897],[-56.402008,-34.501839],[-56.403191,-34.500978],[-56.403834,-34.50034],[-56.404674,-34.499897],[-56.405725,-34.499768],[-56.406328,-34.499948],[-56.406595,-34.499908],[-56.407014,-34.499708],[-56.407398,-34.49941],[-56.407819,-34.498891],[-56.407847,-34.498622],[-56.40777,-34.498435],[-56.407528,-34.498247],[-56.407423,-34.497991],[-56.407443,-34.49754],[-56.407589,-34.497273],[-56.408003,-34.496837],[-56.408223,-34.496713],[-56.409149,-34.496454],[-56.409489,-34.496259],[-56.409841,-34.49598],[-56.410223,-34.495433],[-56.410058,-34.49468],[-56.409848,-34.494459],[-56.409723,-34.494069],[-56.409769,-34.493212],[-56.409539,-34.492492],[-56.408816,-34.491434],[-56.408522,-34.491134],[-56.40669,-34.489759],[-56.406138,-34.489051],[-56.405862,-34.488201],[-56.405642,-34.486248],[-56.405649,-34.485972],[-56.405772,-34.485708]]]]}},{"type":"Feature","properties":{"nombre":"Arachania","departamento":"Rocha"},"geometry":{"type":"MultiPolygon","coordinates":[[[[-54.157086,-34.6189],[-54.160613,-34.616867],[-54.160681,-34.616662],[-54.162409,-34.615603],[-54.152813,-34.609618],[-54.152722,-34.609746],[-54.152352,-34.609486],[-54.14372,-34.614724],[-54.145458,-34.617052],[-54.14618,-34.618143],[-54.149716,-34.624079],[-54.151064,-34.623644],[-54.150491,-34.622633],[-54.151479,-34.622086],[-54.15283,-34.621181],[-54.156821,-34.618911],[-54.157086,-34.6189]]]]}},{"type":"Feature","properties":{"nombre":"Caserio la Fundacion","departamento":"Florida"},"geometry":{"type":"MultiPolygon","coordinates":[[[[-56.147613,-33.497598],[-56.146688,-33.497785],[-56.146848,-33.498494],[-56.148814,-33.498058],[-56.150142,-33.497577],[-56.150276,-33.498208],[-56.150806,-33.498078],[-56.150636,-33.497411],[-56.151451,-33.497414],[-56.151279,-33.49671],[-56.152264,-33.496524],[-56.153024,-33.496606],[-56.153616,-33.493957],[-56.154282,-33.492241],[-56.151179,-33.491846],[-56.15183,-33.494412],[-56.148172,-33.49522],[-56.148631,-33.496039],[-56.147948,-33.496331],[-56.147601,-33.495721],[-56.147022,-33.495938],[-56.14789,-33.49746],[-56.147613,-33.497598]]]]}},{"type":"Feature","properties":{"nombre":"La Paloma","departamento":"Rocha"},"geometry":{"type":"MultiPolygon","coordinates":[[[[-54.194467,-34.660455],[-54.195013,-34.66038],[-54.195813,-34.660417],[-54.196708,-34.660655],[-54.199748,-34.660918],[-54.200481,-34.661025],[-54.202265,-34.661461],[-54.203939,-34.661611],[-54.206144,-34.66215],[-54.20924,-34.662764],[-54.213933,-34.663569],[-54.215581,-34.664143],[-54.216533,-34.664374],[-54.21644,-34.663703],[-54.216208,-34.663332],[-54.215396,-34.663111],[-54.215321,-34.662493],[-54.217424,-34.662121],[-54.218325,-34.660147],[-54.21747,-34.659483],[-54.217471,-34.659376],[-54.218098,-34.658731],[-54.218092,-34.658495],[-54.217062,-34.649292],[-54.215637,-34.644459],[-54.215458,-34.643553],[-54.215123,-34.643283],[-54.20996,-34.640354],[-54.209278,-34.640111],[-54.203751,-34.639245],[-54.196058,-34.63886],[-54.195501,-34.638732],[-54.192785,-34.64013],[-54.193031,-34.640466],[-54.191387,-34.64134],[-54.19108,-34.641097],[-54.188092,-34.642676],[-54.187383,-34.643189],[-54.178907,-34.647692],[-54.178654,-34.647405],[-54.178072,-34.646968],[-54.177506,-34.646683],[-54.176568,-34.646355],[-54.17554,-34.646322],[-54.175094,-34.645207],[-54.175161,-34.642416],[-54.174536,-34.641833],[-54.174594,-34.641587],[-54.174349,-34.64128],[-54.1742,-34.640828],[-54.173954,-34.638912],[-54.173604,-34.63735],[-54.173758,-34.63669],[-54.17401,-34.63636],[-54.174617,-34.63499],[-54.170221,-34.632396],[-54.170411,-34.632055],[-54.170219,-34.631969],[-54.169698,-34.632688],[-54.169312,-34.632505],[-54.169036,-34.632483],[-54.165614,-34.633372],[-54.165345,-34.634103],[-54.162123,-34.639574],[-54.161628,-34.6407],[-54.160704,-34.643741],[-54.159835,-34.646268],[-54.159467,-34.646312],[-54.157575,-34.646217],[-54.153963,-34.645865],[-54.153404,-34.647102],[-54.1526,-34.648409],[-54.151858,-34.649191],[-54.150131,-34.650561],[-54.149827,-34.650744],[-54.148398,-34.650466],[-54.147522,-34.649999],[-54.147409,-34.650135],[-54.148476,-34.650755],[-54.148543,-34.651294],[-54.145072,-34.652643],[-54.143981,-34.654033],[-54.14339,-34.654233],[-54.1431,-34.653702],[-54.143281,-34.653621],[-54.14323,-34.653524],[-54.142839,-34.653682],[-54.142879,-34.653768],[-54.142997,-34.653742],[-54.143278,-34.654265],[-54.142796,-34.654445],[-54.142466,-34.653883],[-54.142394,-34.653908],[-54.14271,-34.654489],[-54.142252,-34.654658],[-54.142021,-34.654219],[-54.141943,-34.654247],[-54.142075,-34.654572],[-54.1419,-34.654592],[-54.141643,-34.654481],[-54.14157,-34.654566],[-54.141495,-34.654517],[-54.141579,-34.654293],[-54.141042,-34.653701],[-54.14153,-34.653432],[-54.141504,-34.653389],[-54.141001,-34.653662],[-54.140688,-34.653368],[-54.141234,-34.653013],[-54.141249,-34.652927],[-54.140788,-34.652251],[-54.144697,-34.648146],[-54.144516,-34.648011],[-54.140052,-34.652809],[-54.139986,-34.652769],[-54.139916,-34.652839],[-54.139623,-34.653323],[-54.139745,-34.653565],[-54.139824,-34.654091],[-54.140052,-34.654522],[-54.140459,-34.654892],[-54.141109,-34.655238],[-54.141174,-34.655491],[-54.141091,-34.655599],[-54.140941,-34.655615],[-54.140943,-34.655704],[-54.14115,-34.656058],[-54.141645,-34.656166],[-54.141648,-34.65645],[-54.141807,-34.656722],[-54.142159,-34.656822],[-54.142245,-34.656913],[-54.142236,-34.657164],[-54.142323,-34.657222],[-54.142537,-34.657143],[-54.142762,-34.657307],[-54.143139,-34.657254],[-54.143268,-34.657334],[-54.144136,-34.65832],[-54.144993,-34.658036],[-54.145106,-34.657482],[-54.144744,-34.656711],[-54.144753,-34.656323],[-54.144958,-34.656078],[-54.14501,-34.655816],[-54.145284,-34.655544],[-54.146018,-34.655288],[-54.147065,-34.655242],[-54.148888,-34.655644],[-54.150051,-34.656178],[-54.151063,-34.657021],[-54.151721,-34.657857],[-54.15232,-34.659028],[-54.15248,-34.659604],[-54.152499,-34.659998],[-54.152342,-34.660472],[-54.151516,-34.661551],[-54.151206,-34.662077],[-54.151219,-34.662409],[-54.151631,-34.66333],[-54.151582,-34.663953],[-54.15149,-34.664096],[-54.151258,-34.664223],[-54.150184,-34.664451],[-54.150097,-34.664608],[-54.150119,-34.664904],[-54.150456,-34.665624],[-54.150623,-34.665697],[-54.150609,-34.66588],[-54.150818,-34.66618],[-54.150763,-34.666422],[-54.150836,-34.666607],[-54.151115,-34.666864],[-54.151256,-34.667134],[-54.15182,-34.667462],[-54.151993,-34.667676],[-54.152041,-34.667986],[-54.15192,-34.668495],[-54.152121,-34.668533],[-54.152249,-34.668724],[-54.152555,-34.66862],[-54.152997,-34.668712],[-54.153311,-34.66907],[-54.153446,-34.669125],[-54.153802,-34.668993],[-54.154222,-34.66895],[-54.154494,-34.668998],[-54.15474,-34.669223],[-54.154952,-34.669226],[-54.155417,-34.668838],[-54.156607,-34.668315],[-54.156576,-34.66805],[-54.15693,-34.667839],[-54.158354,-34.667657],[-54.159603,-34.667379],[-54.159941,-34.667217],[-54.160532,-34.666744],[-54.161482,-34.666396],[-54.16178,-34.666106],[-54.161913,-34.665789],[-54.162386,-34.665458],[-54.16368,-34.664989],[-54.166009,-34.664669],[-54.166893,-34.664689],[-54.167984,-34.664838],[-54.170502,-34.664568],[-54.171011,-34.66466],[-54.171336,-34.664851],[-54.171708,-34.664684],[-54.172068,-34.664688],[-54.172408,-34.664386],[-54.173322,-34.663921],[-54.173972,-34.663703],[-54.174741,-34.663564],[-54.175286,-34.663354],[-54.175543,-34.66299],[-54.175619,-34.662293],[-54.176208,-34.661882],[-54.176976,-34.66156],[-54.179426,-34.661364],[-54.182266,-34.661501],[-54.182746,-34.66139],[-54.184687,-34.660612],[-54.186096,-34.660335],[-54.188913,-34.660261],[-54.190175,-34.660364],[-54.19133,-34.660316],[-54.194467,-34.660455]]]]}},{"type":"Feature","properties":{"nombre":"Pueblo Madera/los Ceibos","departamento":"Rivera"},"geometry":{"type":"MultiPolygon","coordinates":[[[[-55.566138,-30.967311],[-55.564528,-30.968442],[-55.564354,-30.969078],[-55.564308,-30.969584],[-55.56254,-30.96992],[-55.565509,-30.973717],[-55.5655,-30.973952],[-55.565895,-30.974403],[-55.566314,-30.974651],[-55.567842,-30.976575],[-55.568878,-30.977487],[-55.571905,-30.976294],[-55.571806,-30.975925],[-55.571858,-30.975541],[-55.570403,-30.972777],[-55.573615,-30.971211],[-55.573652,-30.970838],[-55.569227,-30.966825],[-55.569202,-30.966976],[-55.568133,-30.966065],[-55.568201,-30.965988],[-55.567917,-30.96573],[-55.567189,-30.966187],[-55.5671,-30.966517],[-55.566886,-30.966768],[-55.566138,-30.967311]]]]}},{"type":"Feature","properties":{"nombre":"La Ribiera","departamento":"Rocha"},"geometry":{"type":"MultiPolygon","coordinates":[[[[-54.328457,-34.547851],[-54.330296,-34.545428],[-54.330241,-34.545295],[-54.328459,-34.544345],[-54.328894,-34.543841],[-54.32917,-34.54336],[-54.326856,-34.542129],[-54.326566,-34.542587],[-54.327031,-34.542834],[-54.326555,-34.543351],[-54.324665,-34.542316],[-54.324583,-34.54236],[-54.322696,-34.544898],[-54.328262,-34.547845],[-54.328457,-34.547851]]]]}},{"type":"Feature","properties":{"nombre":"Algorta","departamento":"Río Negro"},"geometry":{"type":"MultiPolygon","coordinates":[[[[-57.391917,-32.425551],[-57.395643,-32.425279],[-57.395712,-32.425313],[-57.395875,-32.426795],[-57.40628,-32.425648],[-57.404889,-32.42447],[-57.40405,-32.42391],[-57.40337,-32.423729],[-57.402289,-32.423686],[-57.400577,-32.421849],[-57.399713,-32.421212],[-57.398446,-32.420604],[-57.397022,-32.420172],[-57.395333,-32.419874],[-57.391323,-32.419624],[-57.387112,-32.419478],[-57.388274,-32.42566],[-57.389571,-32.425572],[-57.390245,-32.425663],[-57.391917,-32.425551]]]]}},{"type":"Feature","properties":{"nombre":"Cerro Carmelo","departamento":"Colonia"},"geometry":{"type":"MultiPolygon","coordinates":[[[[-58.232739,-33.981435],[-58.231343,-33.981663],[-58.230862,-33.979811],[-58.230947,-33.979781],[-58.230754,-33.978868],[-58.227565,-33.979367],[-58.228377,-33.983256],[-58.22868,-33.982877],[-58.228887,-33.9828],[-58.232924,-33.982212],[-58.232739,-33.981435]]]]}},{"type":"Feature","properties":{"nombre":"Paso Espinosa","departamento":"Canelones"},"geometry":{"type":"MultiPolygon","coordinates":[[[[-56.282529,-34.499013],[-56.283734,-34.499179],[-56.283371,-34.49753],[-56.283345,-34.496567],[-56.288549,-34.491953],[-56.284884,-34.490546],[-56.284667,-34.491388],[-56.283957,-34.491197],[-56.283876,-34.492061],[-56.283353,-34.492029],[-56.279945,-34.492688],[-56.279736,-34.495034],[-56.279564,-34.495707],[-56.281171,-34.495407],[-56.281967,-34.495411],[-56.281967,-34.497131],[-56.281864,-34.498895],[-56.282529,-34.499013]]]]}},{"type":"Feature","properties":{"nombre":"Cerrillada","departamento":"Rivera"},"geometry":{"type":"MultiPolygon","coordinates":[[[[-54.72046,-31.443193],[-54.719599,-31.438264],[-54.719249,-31.438357],[-54.71848,-31.43807],[-54.715529,-31.438141],[-54.71521,-31.437935],[-54.714659,-31.437202],[-54.714412,-31.437023],[-54.713576,-31.437632],[-54.712505,-31.43816],[-54.711252,-31.439666],[-54.709022,-31.439643],[-54.707368,-31.439225],[-54.705704,-31.439081],[-54.705833,-31.439369],[-54.705842,-31.43997],[-54.706855,-31.439966],[-54.706841,-31.439726],[-54.708495,-31.440064],[-54.7086,-31.440646],[-54.709281,-31.440712],[-54.711496,-31.440678],[-54.711747,-31.440132],[-54.712272,-31.440229],[-54.712905,-31.438926],[-54.713708,-31.438659],[-54.71511,-31.43836],[-54.715448,-31.438494],[-54.715469,-31.438794],[-54.71826,-31.438598],[-54.718519,-31.438677],[-54.71861,-31.439345],[-54.718889,-31.439331],[-54.718974,-31.439911],[-54.719175,-31.439875],[-54.719632,-31.440721],[-54.719779,-31.442092],[-54.719622,-31.442278],[-54.719548,-31.442561],[-54.71963,-31.442663],[-54.719707,-31.443157],[-54.72046,-31.443193]]]]}},{"type":"Feature","properties":{"nombre":"Velazquez","departamento":"Rocha"},"geometry":{"type":"MultiPolygon","coordinates":[[[[-54.284484,-34.043444],[-54.28484,-34.044097],[-54.285128,-34.043736],[-54.285616,-34.04362],[-54.285779,-34.043435],[-54.28582,-34.043221],[-54.286105,-34.043056],[-54.28621,-34.042856],[-54.286161,-34.042191],[-54.286516,-34.041943],[-54.28661,-34.042136],[-54.286898,-34.041994],[-54.286963,-34.041912],[-54.286946,-34.041623],[-54.28721,-34.041176],[-54.287865,-34.04053],[-54.28799,-34.040132],[-54.287863,-34.039686],[-54.287997,-34.039508],[-54.287922,-34.03928],[-54.288354,-34.038849],[-54.288148,-34.03705],[-54.287987,-34.036592],[-54.28775,-34.036218],[-54.287809,-34.036114],[-54.287582,-34.035551],[-54.287562,-34.035171],[-54.28718,-34.035057],[-54.287097,-34.034834],[-54.286402,-34.034181],[-54.285638,-34.034006],[-54.285585,-34.033934],[-54.285633,-34.033646],[-54.285181,-34.033637],[-54.284991,-34.033501],[-54.284972,-34.03314],[-54.285103,-34.032639],[-54.284596,-34.032144],[-54.28386,-34.030909],[-54.283661,-34.03016],[-54.283436,-34.029683],[-54.283419,-34.028782],[-54.283021,-34.028311],[-54.282563,-34.028158],[-54.282035,-34.027733],[-54.282166,-34.027259],[-54.282642,-34.0272],[-54.282781,-34.027042],[-54.282906,-34.026527],[-54.282834,-34.02638],[-54.282218,-34.025971],[-54.28202,-34.025684],[-54.282363,-34.024801],[-54.281849,-34.023831],[-54.281608,-34.023633],[-54.280556,-34.023335],[-54.279477,-34.022808],[-54.27865,-34.022853],[-54.278181,-34.023242],[-54.277349,-34.023519],[-54.277255,-34.024024],[-54.27761,-34.024761],[-54.27729,-34.024899],[-54.276903,-34.025281],[-54.276861,-34.025467],[-54.27642,-34.025597],[-54.275957,-34.025543],[-54.275625,-34.025393],[-54.275299,-34.025443],[-54.275023,-34.025599],[-54.273733,-34.025886],[-54.27343,-34.026223],[-54.273541,-34.026796],[-54.273364,-34.028494],[-54.273695,-34.028852],[-54.273675,-34.029038],[-54.273526,-34.02921],[-54.27362,-34.029599],[-54.273583,-34.030999],[-54.273418,-34.031328],[-54.27353,-34.031599],[-54.273353,-34.031889],[-54.2736,-34.032364],[-54.274039,-34.032808],[-54.274038,-34.033826],[-54.274001,-34.033948],[-54.273354,-34.034515],[-54.273262,-34.034806],[-54.273329,-34.03519],[-54.272488,-34.035957],[-54.272465,-34.036094],[-54.272703,-34.036222],[-54.272915,-34.036669],[-54.272798,-34.036873],[-54.272804,-34.037377],[-54.272745,-34.037467],[-54.272863,-34.037785],[-54.272819,-34.038052],[-54.27334,-34.038522],[-54.273396,-34.038685],[-54.273291,-34.038896],[-54.273419,-34.039014],[-54.273437,-34.039191],[-54.273844,-34.039731],[-54.27405,-34.039845],[-54.273882,-34.040124],[-54.273978,-34.040221],[-54.273951,-34.040306],[-54.273743,-34.040425],[-54.273884,-34.040645],[-54.273728,-34.040727],[-54.273733,-34.041104],[-54.273616,-34.041246],[-54.273478,-34.041809],[-54.273334,-34.04197],[-54.273428,-34.042395],[-54.279059,-34.042181],[-54.279317,-34.042263],[-54.279505,-34.042539],[-54.279302,-34.043602],[-54.284484,-34.043444]]]]}},{"type":"Feature","properties":{"nombre":"Estacion Solis","departamento":"Lavalleja"},"geometry":{"type":"MultiPolygon","coordinates":[[[[-55.447471,-34.37492],[-55.448594,-34.372066],[-55.449872,-34.372321],[-55.450323,-34.370662],[-55.451091,-34.370895],[-55.451234,-34.37078],[-55.451546,-34.370209],[-55.451635,-34.370188],[-55.452889,-34.37058],[-55.453593,-34.368006],[-55.451949,-34.368043],[-55.451663,-34.367937],[-55.451083,-34.367434],[-55.451166,-34.367331],[-55.451161,-34.366833],[-55.452147,-34.366781],[-55.452502,-34.366461],[-55.452403,-34.366331],[-55.452393,-34.366023],[-55.452063,-34.365714],[-55.451519,-34.365674],[-55.45145,-34.365998],[-55.451062,-34.366042],[-55.450823,-34.365993],[-55.450715,-34.365816],[-55.450522,-34.365781],[-55.450535,-34.365578],[-55.450459,-34.365523],[-55.449261,-34.365308],[-55.448792,-34.365644],[-55.448483,-34.366106],[-55.44802,-34.366404],[-55.447472,-34.368556],[-55.447697,-34.368633],[-55.447369,-34.369107],[-55.447288,-34.369496],[-55.447181,-34.369526],[-55.445797,-34.37462],[-55.447471,-34.37492]]]]}},{"type":"Feature","properties":{"nombre":"Sofia Santos","departamento":"Canelones"},"geometry":{"type":"MultiPolygon","coordinates":[[[[-56.364132,-34.670619],[-56.363983,-34.670366],[-56.363362,-34.670595],[-56.36366,-34.671131],[-56.364288,-34.670903],[-56.364774,-34.671749],[-56.366798,-34.67094],[-56.365345,-34.66822],[-56.363933,-34.668771],[-56.364825,-34.670362],[-56.364132,-34.670619]]]]}},{"type":"Feature","properties":{"nombre":"Arbolito","departamento":"Paysandú"},"geometry":{"type":"MultiPolygon","coordinates":[[[[-56.486332,-32.228972],[-56.486464,-32.228809],[-56.486413,-32.228519],[-56.486596,-32.228304],[-56.486924,-32.22832],[-56.487209,-32.228178],[-56.487177,-32.227971],[-56.487252,-32.227776],[-56.486998,-32.227676],[-56.487346,-32.227164],[-56.487495,-32.227207],[-56.48771,-32.227144],[-56.487934,-32.226856],[-56.486058,-32.226427],[-56.480295,-32.224794],[-56.475971,-32.223675],[-56.475538,-32.223432],[-56.475467,-32.222944],[-56.4753,-32.222795],[-56.474012,-32.226024],[-56.485888,-32.229524],[-56.486186,-32.229358],[-56.486332,-32.228972]]]]}},{"type":"Feature","properties":{"nombre":"Florida","departamento":"Florida"},"geometry":{"type":"MultiPolygon","coordinates":[[[[-56.237992,-34.130492],[-56.238056,-34.130171],[-56.238682,-34.129622],[-56.238853,-34.128968],[-56.239142,-34.128625],[-56.23924,-34.128182],[-56.239568,-34.127868],[-56.239645,-34.127533],[-56.23965,-34.126822],[-56.240125,-34.126567],[-56.240876,-34.12637],[-56.242328,-34.126294],[-56.243024,-34.126591],[-56.24345,-34.126454],[-56.243984,-34.125891],[-56.244275,-34.125709],[-56.244643,-34.125645],[-56.245373,-34.125317],[-56.245595,-34.12489],[-56.247503,-34.122372],[-56.247545,-34.12212],[-56.247191,-34.121232],[-56.247401,-34.120356],[-56.247356,-34.119598],[-56.247545,-34.119256],[-56.247558,-34.119005],[-56.247472,-34.118632],[-56.246941,-34.117826],[-56.246859,-34.116882],[-56.246403,-34.11579],[-56.245871,-34.11534],[-56.245365,-34.114402],[-56.245338,-34.114067],[-56.245479,-34.113229],[-56.245417,-34.112773],[-56.245666,-34.112007],[-56.245588,-34.111759],[-56.244966,-34.111166],[-56.244566,-34.109989],[-56.244735,-34.109319],[-56.244781,-34.107623],[-56.244993,-34.107378],[-56.245342,-34.107278],[-56.24547,-34.106829],[-56.245733,-34.10635],[-56.246007,-34.106227],[-56.246158,-34.106043],[-56.246875,-34.105712],[-56.248457,-34.105353],[-56.250244,-34.104791],[-56.250857,-34.104775],[-56.251405,-34.104553],[-56.252073,-34.104536],[-56.253886,-34.104233],[-56.254674,-34.104211],[-56.253552,-34.100218],[-56.249033,-34.085115],[-56.245096,-34.072563],[-56.241109,-34.073412],[-56.239789,-34.073795],[-56.238484,-34.074075],[-56.237601,-34.074155],[-56.236012,-34.074545],[-56.236276,-34.073981],[-56.236129,-34.073843],[-56.235886,-34.074344],[-56.235427,-34.07499],[-56.234984,-34.075446],[-56.234149,-34.076068],[-56.233815,-34.074941],[-56.233498,-34.074267],[-56.232663,-34.075202],[-56.22263,-34.077415],[-56.219846,-34.068614],[-56.219102,-34.066857],[-56.218949,-34.066851],[-56.218427,-34.066534],[-56.217843,-34.066343],[-56.217502,-34.06609],[-56.217094,-34.066017],[-56.216793,-34.065762],[-56.216496,-34.065766],[-56.215964,-34.065464],[-56.215603,-34.065371],[-56.215524,-34.065488],[-56.214968,-34.065663],[-56.214828,-34.065845],[-56.214566,-34.065981],[-56.214283,-34.066429],[-56.213769,-34.06693],[-56.213621,-34.067616],[-56.213132,-34.068211],[-56.213021,-34.06856],[-56.212292,-34.068851],[-56.2117,-34.069313],[-56.211619,-34.069441],[-56.21161,-34.069867],[-56.211711,-34.070863],[-56.211409,-34.071347],[-56.211159,-34.071509],[-56.210791,-34.071531],[-56.210557,-34.071693],[-56.210147,-34.071772],[-56.209644,-34.071603],[-56.209413,-34.07132],[-56.199647,-34.073865],[-56.189041,-34.076773],[-56.188987,-34.077202],[-56.189084,-34.077813],[-56.188359,-34.077812],[-56.187833,-34.077214],[-56.18772,-34.077207],[-56.187471,-34.077312],[-56.187531,-34.077696],[-56.18701,-34.077589],[-56.1867,-34.077636],[-56.186423,-34.078048],[-56.185715,-34.078155],[-56.185274,-34.07836],[-56.18512,-34.078748],[-56.185236,-34.079063],[-56.184836,-34.079599],[-56.184899,-34.079808],[-56.184854,-34.080639],[-56.185101,-34.080894],[-56.185217,-34.081324],[-56.185059,-34.081753],[-56.18441,-34.081851],[-56.184186,-34.082189],[-56.18419,-34.083616],[-56.184533,-34.083819],[-56.184216,-34.0846],[-56.183962,-34.084818],[-56.183816,-34.085109],[-56.183939,-34.085371],[-56.183924,-34.085721],[-56.183605,-34.086092],[-56.183464,-34.086587],[-56.183139,-34.086701],[-56.183054,-34.086873],[-56.1828,-34.086966],[-56.182689,-34.087178],[-56.182438,-34.087286],[-56.182347,-34.087442],[-56.181495,-34.088025],[-56.181355,-34.088215],[-56.180722,-34.088597],[-56.180002,-34.088825],[-56.179696,-34.088845],[-56.179305,-34.088597],[-56.179088,-34.088624],[-56.178849,-34.08839],[-56.178658,-34.088408],[-56.178523,-34.088318],[-56.178376,-34.088383],[-56.178232,-34.088176],[-56.178296,-34.087956],[-56.178061,-34.08799],[-56.177872,-34.087864],[-56.16344,-34.092655],[-56.162599,-34.091013],[-56.158465,-34.091909],[-56.159499,-34.094205],[-56.161574,-34.09346],[-56.161986,-34.093417],[-56.16476,-34.094023],[-56.16517,-34.094243],[-56.165714,-34.094248],[-56.166137,-34.095414],[-56.16712,-34.095059],[-56.170589,-34.102161],[-56.170069,-34.102315],[-56.174551,-34.111719],[-56.189219,-34.106669],[-56.191396,-34.111142],[-56.187079,-34.11259],[-56.188866,-34.116283],[-56.187215,-34.116855],[-56.187624,-34.117737],[-56.192129,-34.116062],[-56.195752,-34.11439],[-56.199431,-34.111908],[-56.200906,-34.110675],[-56.202221,-34.109963],[-56.20439,-34.108545],[-56.204742,-34.108909],[-56.206835,-34.110525],[-56.207658,-34.110657],[-56.208119,-34.110601],[-56.208666,-34.110673],[-56.210157,-34.111085],[-56.210911,-34.111145],[-56.211503,-34.110995],[-56.212599,-34.110872],[-56.213362,-34.11058],[-56.214762,-34.110457],[-56.215401,-34.110538],[-56.217259,-34.111021],[-56.217712,-34.111241],[-56.218241,-34.111658],[-56.218944,-34.112562],[-56.221364,-34.113297],[-56.221717,-34.113762],[-56.221853,-34.114771],[-56.221448,-34.116774],[-56.221371,-34.11794],[-56.222175,-34.12034],[-56.222275,-34.121191],[-56.222542,-34.121349],[-56.22305,-34.122058],[-56.223344,-34.122791],[-56.223411,-34.123378],[-56.223222,-34.123776],[-56.223327,-34.124148],[-56.223115,-34.124561],[-56.223243,-34.125695],[-56.223188,-34.126421],[-56.223265,-34.126755],[-56.223131,-34.126954],[-56.222832,-34.127072],[-56.222637,-34.127244],[-56.222419,-34.127693],[-56.221661,-34.128132],[-56.220838,-34.128935],[-56.220705,-34.129161],[-56.220681,-34.129582],[-56.221118,-34.130323],[-56.221458,-34.130445],[-56.221558,-34.130568],[-56.221764,-34.131116],[-56.221825,-34.131962],[-56.22339,-34.133273],[-56.224676,-34.135221],[-56.224883,-34.135338],[-56.225301,-34.135333],[-56.225435,-34.135555],[-56.225712,-34.135472],[-56.225999,-34.13553],[-56.226188,-34.135404],[-56.226313,-34.135439],[-56.226758,-34.136053],[-56.227308,-34.136288],[-56.227769,-34.136041],[-56.227992,-34.135802],[-56.228361,-34.135],[-56.228359,-34.13463],[-56.227965,-34.133842],[-56.227898,-34.132946],[-56.227972,-34.132539],[-56.228684,-34.131803],[-56.228989,-34.131701],[-56.229254,-34.131803],[-56.229914,-34.131627],[-56.231179,-34.131535],[-56.231593,-34.131175],[-56.232326,-34.131291],[-56.232695,-34.131463],[-56.233347,-34.131601],[-56.233733,-34.131569],[-56.234079,-34.131715],[-56.234486,-34.131528],[-56.234954,-34.131575],[-56.235091,-34.131508],[-56.235583,-34.131606],[-56.235936,-34.131485],[-56.236375,-34.131575],[-56.236758,-34.131469],[-56.237015,-34.131202],[-56.237777,-34.13076],[-56.237992,-34.130492]]]]}},{"type":"Feature","properties":{"nombre":"Florencio Sanchez","departamento":"Colonia"},"geometry":{"type":"MultiPolygon","coordinates":[[[[-57.3742,-33.890879],[-57.377314,-33.889558],[-57.377134,-33.889042],[-57.376729,-33.888316],[-57.376171,-33.886767],[-57.375709,-33.886041],[-57.37653,-33.885594],[-57.373928,-33.881359],[-57.374471,-33.879352],[-57.375249,-33.879418],[-57.375369,-33.877271],[-57.37714,-33.877079],[-57.376879,-33.876754],[-57.376709,-33.876728],[-57.376228,-33.876119],[-57.376346,-33.875136],[-57.376557,-33.874943],[-57.38285,-33.875223],[-57.382404,-33.875097],[-57.382187,-33.874893],[-57.381979,-33.874451],[-57.381758,-33.874401],[-57.381545,-33.874517],[-57.381326,-33.87419],[-57.380842,-33.873992],[-57.378871,-33.873994],[-57.366167,-33.873403],[-57.366182,-33.87319],[-57.36112,-33.872988],[-57.361184,-33.871926],[-57.356502,-33.871729],[-57.356556,-33.873059],[-57.355518,-33.874033],[-57.355052,-33.875951],[-57.355914,-33.876794],[-57.355754,-33.87785],[-57.355946,-33.878151],[-57.355988,-33.878517],[-57.355769,-33.879058],[-57.355892,-33.879135],[-57.356673,-33.880233],[-57.358183,-33.880207],[-57.360109,-33.878485],[-57.370503,-33.888911],[-57.370663,-33.888942],[-57.370925,-33.888847],[-57.372116,-33.888146],[-57.372122,-33.889291],[-57.373235,-33.889133],[-57.373486,-33.891],[-57.373687,-33.891096],[-57.3742,-33.890879]]]]}},{"type":"Feature","properties":{"nombre":"Arenitas Blancas","departamento":"Salto"},"geometry":{"type":"MultiPolygon","coordinates":[[[[-58.000127,-31.42076],[-58.004319,-31.421104],[-58.006204,-31.421556],[-58.006586,-31.4212],[-58.006773,-31.420892],[-58.006958,-31.420774],[-58.007022,-31.420516],[-58.007241,-31.420359],[-58.007379,-31.420122],[-58.007268,-31.419576],[-58.007593,-31.419407],[-58.007683,-31.418823],[-58.007908,-31.418522],[-58.007885,-31.417733],[-58.008112,-31.417203],[-58.008054,-31.416738],[-58.008129,-31.416525],[-58.00831,-31.416394],[-58.008341,-31.415971],[-58.008538,-31.415715],[-58.00923,-31.415349],[-58.009017,-31.415327],[-58.008938,-31.415065],[-58.008087,-31.414869],[-58.008071,-31.414684],[-58.007132,-31.414094],[-58.006658,-31.413937],[-58.006275,-31.413928],[-58.005374,-31.413341],[-58.004784,-31.41319],[-58.004596,-31.413212],[-58.004011,-31.412856],[-58.003733,-31.412879],[-58.003614,-31.412778],[-58.003565,-31.412544],[-58.003039,-31.412422],[-58.002893,-31.41208],[-58.002514,-31.411868],[-58.002027,-31.411764],[-58.00134,-31.411292],[-58.00011,-31.409933],[-57.999675,-31.409765],[-57.999462,-31.409403],[-57.99904,-31.408989],[-57.998382,-31.408582],[-57.997909,-31.408007],[-57.997679,-31.407919],[-57.997607,-31.407681],[-57.997103,-31.407404],[-57.995971,-31.406273],[-57.995629,-31.406157],[-57.995733,-31.406352],[-57.995731,-31.406542],[-57.996423,-31.406918],[-57.996744,-31.407251],[-57.997444,-31.408441],[-57.997209,-31.408742],[-57.997109,-31.409093],[-57.99609,-31.410073],[-57.995872,-31.410589],[-57.995781,-31.410996],[-57.996319,-31.412273],[-57.996568,-31.412645],[-57.996764,-31.412751],[-57.996995,-31.413062],[-57.998511,-31.412541],[-57.998311,-31.413204],[-57.998228,-31.413211],[-57.997016,-31.417817],[-57.996756,-31.418034],[-57.997429,-31.41893],[-57.996958,-31.419182],[-57.996883,-31.419294],[-57.997172,-31.420662],[-57.996802,-31.421104],[-57.996514,-31.421089],[-57.995512,-31.419883],[-57.994896,-31.42006],[-57.995329,-31.421116],[-57.994438,-31.42151],[-57.993511,-31.422122],[-57.994024,-31.422914],[-57.994508,-31.42341],[-57.994939,-31.424041],[-57.995361,-31.424422],[-57.995583,-31.424383],[-58.000449,-31.42279],[-58.000149,-31.42253],[-57.9988,-31.420734],[-57.998998,-31.420621],[-58.000127,-31.42076]]]]}},{"type":"Feature","properties":{"nombre":"San Carlos","departamento":"Maldonado"},"geometry":{"type":"MultiPolygon","coordinates":[[[[-54.930607,-34.80579],[-54.933546,-34.803389],[-54.933422,-34.803193],[-54.933254,-34.803114],[-54.932757,-34.803153],[-54.932664,-34.803069],[-54.932401,-34.803037],[-54.932332,-34.803138],[-54.932267,-34.803085],[-54.931973,-34.803153],[-54.931936,-34.800948],[-54.932083,-34.798254],[-54.935407,-34.798125],[-54.935777,-34.798809],[-54.936085,-34.799006],[-54.936321,-34.799057],[-54.936637,-34.79887],[-54.936639,-34.7984],[-54.936744,-34.798182],[-54.936712,-34.797718],[-54.937121,-34.797609],[-54.937112,-34.797184],[-54.937265,-34.797001],[-54.937325,-34.796698],[-54.937275,-34.796438],[-54.936531,-34.795287],[-54.936434,-34.794806],[-54.936191,-34.79424],[-54.936166,-34.793698],[-54.936428,-34.79296],[-54.936229,-34.792373],[-54.935997,-34.792294],[-54.935878,-34.792132],[-54.93542,-34.791405],[-54.935371,-34.791161],[-54.93572,-34.790985],[-54.936061,-34.790633],[-54.936626,-34.790306],[-54.936619,-34.789597],[-54.936529,-34.789301],[-54.937027,-34.788815],[-54.936712,-34.788193],[-54.936691,-34.787547],[-54.936329,-34.787159],[-54.936233,-34.786832],[-54.936403,-34.786462],[-54.936297,-34.786265],[-54.936298,-34.78601],[-54.936342,-34.785918],[-54.937067,-34.785531],[-54.937447,-34.785211],[-54.93763,-34.785243],[-54.93791,-34.785467],[-54.938093,-34.785347],[-54.938047,-34.784889],[-54.937523,-34.784448],[-54.937798,-34.784022],[-54.937782,-34.783886],[-54.937431,-34.783711],[-54.937022,-34.783708],[-54.936974,-34.783615],[-54.937146,-34.782904],[-54.936964,-34.782683],[-54.93704,-34.782277],[-54.936884,-34.782131],[-54.936816,-34.781827],[-54.936891,-34.781565],[-54.937334,-34.781122],[-54.93707,-34.78052],[-54.937095,-34.780396],[-54.93745,-34.780233],[-54.937861,-34.779465],[-54.937445,-34.779346],[-54.937102,-34.778938],[-54.936788,-34.778762],[-54.936499,-34.778332],[-54.935148,-34.777369],[-54.934629,-34.777289],[-54.933959,-34.776908],[-54.932844,-34.776571],[-54.932611,-34.776312],[-54.932449,-34.776246],[-54.932469,-34.775948],[-54.931676,-34.775468],[-54.931207,-34.774888],[-54.930905,-34.774741],[-54.930513,-34.774407],[-54.93057,-34.774236],[-54.930099,-34.773791],[-54.930058,-34.773559],[-54.930655,-34.773341],[-54.930689,-34.773028],[-54.930594,-34.772586],[-54.930157,-34.772219],[-54.930265,-34.772109],[-54.929978,-34.771673],[-54.930146,-34.771482],[-54.929905,-34.771335],[-54.929981,-34.771147],[-54.929588,-34.770883],[-54.92929,-34.770202],[-54.928903,-34.769674],[-54.929012,-34.769154],[-54.928572,-34.768863],[-54.92829,-34.768532],[-54.928431,-34.76836],[-54.928401,-34.768235],[-54.928516,-34.768019],[-54.928432,-34.767442],[-54.928453,-34.766911],[-54.928729,-34.765918],[-54.928087,-34.765743],[-54.927525,-34.76541],[-54.926416,-34.769976],[-54.925431,-34.771985],[-54.920854,-34.772214],[-54.920851,-34.770959],[-54.917541,-34.771165],[-54.917051,-34.769498],[-54.916754,-34.768791],[-54.916655,-34.768656],[-54.916278,-34.768498],[-54.915346,-34.768526],[-54.909682,-34.769603],[-54.908557,-34.769744],[-54.901264,-34.7698],[-54.901572,-34.770158],[-54.901361,-34.770938],[-54.901387,-34.771183],[-54.901512,-34.771678],[-54.901764,-34.771746],[-54.901673,-34.772162],[-54.901797,-34.772676],[-54.901961,-34.772958],[-54.901829,-34.773088],[-54.901797,-34.773374],[-54.902027,-34.774107],[-54.902331,-34.774421],[-54.902608,-34.774505],[-54.9027,-34.77461],[-54.903003,-34.775122],[-54.903393,-34.775479],[-54.904078,-34.776862],[-54.904384,-34.777047],[-54.904866,-34.777565],[-54.905167,-34.778388],[-54.904977,-34.778658],[-54.905011,-34.778844],[-54.905155,-34.779188],[-54.905299,-34.779241],[-54.905491,-34.77949],[-54.905513,-34.779983],[-54.905681,-34.779961],[-54.905753,-34.780047],[-54.905907,-34.780446],[-54.905905,-34.780685],[-54.905855,-34.781046],[-54.905673,-34.781388],[-54.905585,-34.781816],[-54.905207,-34.782419],[-54.905082,-34.782889],[-54.9045,-34.783587],[-54.903979,-34.784009],[-54.903103,-34.784276],[-54.902785,-34.784518],[-54.902483,-34.784897],[-54.902499,-34.785077],[-54.902243,-34.785199],[-54.901785,-34.786066],[-54.901424,-34.786414],[-54.901277,-34.786962],[-54.901177,-34.787096],[-54.901029,-34.787089],[-54.901014,-34.787277],[-54.901214,-34.787458],[-54.901193,-34.787574],[-54.901468,-34.787528],[-54.902086,-34.788361],[-54.902759,-34.788845],[-54.903359,-34.789224],[-54.903755,-34.789293],[-54.903922,-34.789483],[-54.904339,-34.789529],[-54.905631,-34.790201],[-54.905917,-34.790238],[-54.905882,-34.790342],[-54.906101,-34.790577],[-54.906054,-34.790541],[-54.90599,-34.79065],[-54.906496,-34.790981],[-54.906432,-34.791264],[-54.906611,-34.791839],[-54.906608,-34.79235],[-54.906692,-34.792567],[-54.906979,-34.792881],[-54.907692,-34.794434],[-54.907778,-34.794951],[-54.907907,-34.795071],[-54.907979,-34.795818],[-54.908265,-34.795895],[-54.908352,-34.796116],[-54.908363,-34.796629],[-54.908762,-34.798489],[-54.909083,-34.799198],[-54.909479,-34.799775],[-54.909927,-34.800231],[-54.910503,-34.800653],[-54.911046,-34.800833],[-54.911502,-34.800842],[-54.911761,-34.800994],[-54.91238,-34.799812],[-54.912661,-34.800017],[-54.913067,-34.800133],[-54.914996,-34.799935],[-54.915784,-34.800015],[-54.91632,-34.800186],[-54.916911,-34.80052],[-54.917357,-34.800951],[-54.917916,-34.801754],[-54.918507,-34.802038],[-54.918836,-34.802049],[-54.920792,-34.801757],[-54.92114,-34.80167],[-54.921364,-34.8015],[-54.92162,-34.801517],[-54.921744,-34.801678],[-54.921638,-34.801953],[-54.921709,-34.802386],[-54.922053,-34.803294],[-54.922541,-34.804072],[-54.923062,-34.804678],[-54.923941,-34.805397],[-54.927425,-34.80778],[-54.930607,-34.80579]]]]}},{"type":"Feature","properties":{"nombre":"Tarariras","departamento":"Colonia"},"geometry":{"type":"MultiPolygon","coordinates":[[[[-57.625458,-34.279029],[-57.627736,-34.278705],[-57.626869,-34.277501],[-57.624672,-34.277792],[-57.62455,-34.277883],[-57.624252,-34.277504],[-57.623085,-34.278032],[-57.623632,-34.278676],[-57.623815,-34.278788],[-57.624554,-34.279025],[-57.624664,-34.279142],[-57.625458,-34.279029]]],[[[-57.619215,-34.271122],[-57.619116,-34.270955],[-57.619785,-34.27063],[-57.619781,-34.270209],[-57.619921,-34.270036],[-57.620209,-34.269878],[-57.620444,-34.269993],[-57.620651,-34.269957],[-57.620654,-34.269656],[-57.621035,-34.269458],[-57.621291,-34.269152],[-57.621599,-34.268951],[-57.621706,-34.268755],[-57.622229,-34.268404],[-57.622707,-34.267771],[-57.622711,-34.267299],[-57.622863,-34.266943],[-57.622858,-34.26661],[-57.623302,-34.265835],[-57.62352,-34.265739],[-57.623871,-34.265331],[-57.624726,-34.264656],[-57.624926,-34.264641],[-57.625073,-34.264493],[-57.625352,-34.264408],[-57.626385,-34.26423],[-57.625928,-34.262279],[-57.627286,-34.261951],[-57.627108,-34.261176],[-57.628657,-34.260829],[-57.628506,-34.260385],[-57.628546,-34.260301],[-57.628954,-34.260196],[-57.628824,-34.25935],[-57.629133,-34.259289],[-57.628694,-34.256633],[-57.627277,-34.25723],[-57.626878,-34.256221],[-57.620624,-34.25705],[-57.620898,-34.258353],[-57.618743,-34.258693],[-57.618484,-34.257317],[-57.609193,-34.258591],[-57.609097,-34.258684],[-57.607725,-34.25825],[-57.607948,-34.257728],[-57.607758,-34.257049],[-57.607537,-34.257087],[-57.606762,-34.255684],[-57.604967,-34.256616],[-57.604818,-34.256405],[-57.6045,-34.256668],[-57.604384,-34.256806],[-57.606608,-34.259826],[-57.603816,-34.260669],[-57.604384,-34.262103],[-57.606123,-34.261621],[-57.608427,-34.264852],[-57.605765,-34.265507],[-57.606068,-34.266446],[-57.604767,-34.266774],[-57.604748,-34.266721],[-57.60406,-34.266801],[-57.603172,-34.266997],[-57.603202,-34.267496],[-57.603011,-34.267724],[-57.603101,-34.268416],[-57.602806,-34.268758],[-57.602701,-34.269501],[-57.602461,-34.269552],[-57.602543,-34.269693],[-57.603013,-34.26966],[-57.604703,-34.270339],[-57.60328,-34.272186],[-57.605271,-34.273221],[-57.605795,-34.272634],[-57.606614,-34.273079],[-57.607534,-34.271927],[-57.609396,-34.272904],[-57.606959,-34.277035],[-57.61627,-34.282993],[-57.618497,-34.27582],[-57.617382,-34.274319],[-57.620207,-34.272472],[-57.61919,-34.271182],[-57.619215,-34.271122]]]]}},{"type":"Feature","properties":{"nombre":"El Pinar","departamento":"Canelones"},"geometry":{"type":"MultiPolygon","coordinates":[[[[-55.941138,-34.798636],[-55.945521,-34.797735],[-55.947313,-34.798939],[-55.947422,-34.798795],[-55.946311,-34.798052],[-55.946421,-34.79794],[-55.944794,-34.796847],[-55.943546,-34.795856],[-55.943667,-34.795735],[-55.944157,-34.796127],[-55.945649,-34.795837],[-55.945115,-34.794919],[-55.945751,-34.794562],[-55.946725,-34.793848],[-55.946611,-34.793534],[-55.946666,-34.793318],[-55.94757,-34.792483],[-55.947699,-34.791949],[-55.947428,-34.790512],[-55.947415,-34.789903],[-55.947208,-34.789359],[-55.947246,-34.789107],[-55.947067,-34.788223],[-55.946512,-34.787823],[-55.946236,-34.787883],[-55.945898,-34.787801],[-55.945255,-34.787981],[-55.944688,-34.787941],[-55.944542,-34.787874],[-55.944017,-34.787126],[-55.943404,-34.786771],[-55.943135,-34.786766],[-55.9422,-34.786496],[-55.941412,-34.78604],[-55.940987,-34.78647],[-55.939612,-34.786163],[-55.939907,-34.785305],[-55.939274,-34.785154],[-55.939154,-34.78552],[-55.938978,-34.785477],[-55.9389,-34.785735],[-55.939071,-34.785777],[-55.93899,-34.786025],[-55.936893,-34.785577],[-55.937229,-34.784722],[-55.937585,-34.784081],[-55.936174,-34.783393],[-55.935502,-34.783281],[-55.935386,-34.783766],[-55.934683,-34.78362],[-55.932569,-34.784015],[-55.932406,-34.784593],[-55.931381,-34.784248],[-55.93029,-34.784085],[-55.93041,-34.783789],[-55.930064,-34.783719],[-55.930402,-34.782661],[-55.92995,-34.78254],[-55.929783,-34.782021],[-55.927713,-34.778348],[-55.926274,-34.777855],[-55.924565,-34.777856],[-55.923506,-34.775569],[-55.922801,-34.775495],[-55.922294,-34.776425],[-55.92249,-34.776859],[-55.92029,-34.776418],[-55.919561,-34.778811],[-55.918395,-34.778597],[-55.916556,-34.784457],[-55.907941,-34.782687],[-55.907804,-34.782597],[-55.905052,-34.777839],[-55.904655,-34.777345],[-55.903191,-34.777125],[-55.902722,-34.777552],[-55.901975,-34.778049],[-55.901307,-34.778663],[-55.901066,-34.779032],[-55.90058,-34.780437],[-55.899368,-34.78216],[-55.898637,-34.782843],[-55.897547,-34.783625],[-55.896891,-34.78408],[-55.895479,-34.784649],[-55.891027,-34.785939],[-55.890662,-34.78627],[-55.890121,-34.78706],[-55.889665,-34.787492],[-55.889139,-34.787962],[-55.888274,-34.788536],[-55.886546,-34.789532],[-55.882943,-34.79118],[-55.880786,-34.791975],[-55.879483,-34.792327],[-55.87634,-34.793478],[-55.875776,-34.793617],[-55.874954,-34.793693],[-55.872964,-34.793264],[-55.872274,-34.793246],[-55.868297,-34.793648],[-55.864477,-34.794241],[-55.86327,-34.794161],[-55.862198,-34.794513],[-55.861449,-34.795299],[-55.863181,-34.795358],[-55.86457,-34.795854],[-55.867964,-34.796211],[-55.869979,-34.796634],[-55.873318,-34.797523],[-55.875851,-34.798322],[-55.879727,-34.799684],[-55.882047,-34.800766],[-55.885244,-34.802004],[-55.893846,-34.806012],[-55.899614,-34.808744],[-55.900987,-34.809491],[-55.901623,-34.809709],[-55.902273,-34.810152],[-55.902842,-34.810335],[-55.9057,-34.811654],[-55.906526,-34.812149],[-55.907277,-34.812381],[-55.90978,-34.813565],[-55.91511,-34.816418],[-55.915135,-34.815911],[-55.915253,-34.815753],[-55.91496,-34.815505],[-55.915354,-34.815474],[-55.915716,-34.815294],[-55.915763,-34.815151],[-55.915015,-34.814264],[-55.915043,-34.81414],[-55.91559,-34.813763],[-55.91554,-34.813607],[-55.915246,-34.813363],[-55.915506,-34.813165],[-55.91578,-34.813434],[-55.924056,-34.803235],[-55.924156,-34.80319],[-55.924548,-34.803391],[-55.925808,-34.804134],[-55.92595,-34.803964],[-55.922007,-34.801726],[-55.922196,-34.801528],[-55.923395,-34.802209],[-55.941138,-34.798636]]]]}},{"type":"Feature","properties":{"nombre":"Pan de Azucar","departamento":"Maldonado"},"geometry":{"type":"MultiPolygon","coordinates":[[[[-55.238488,-34.783315],[-55.239422,-34.783079],[-55.242267,-34.781976],[-55.241863,-34.781172],[-55.242698,-34.78083],[-55.243131,-34.780325],[-55.243432,-34.779802],[-55.235305,-34.77849],[-55.235166,-34.779206],[-55.234438,-34.780185],[-55.232692,-34.778635],[-55.228328,-34.773999],[-55.230543,-34.772742],[-55.228827,-34.771106],[-55.230223,-34.768751],[-55.235442,-34.768834],[-55.238005,-34.768289],[-55.238754,-34.767866],[-55.238262,-34.767417],[-55.23798,-34.767067],[-55.237922,-34.766879],[-55.237597,-34.766591],[-55.237677,-34.766302],[-55.237337,-34.766078],[-55.237262,-34.765415],[-55.23708,-34.765114],[-55.233226,-34.765527],[-55.233553,-34.764027],[-55.23306,-34.763939],[-55.23329,-34.762973],[-55.229549,-34.76239],[-55.228741,-34.76548],[-55.226159,-34.765773],[-55.225975,-34.765929],[-55.226033,-34.766284],[-55.219556,-34.766965],[-55.217107,-34.766924],[-55.212545,-34.766682],[-55.217445,-34.773625],[-55.217859,-34.773838],[-55.217603,-34.773979],[-55.220429,-34.778149],[-55.217143,-34.779939],[-55.218999,-34.780307],[-55.220336,-34.780452],[-55.220715,-34.780581],[-55.221025,-34.780491],[-55.221709,-34.780521],[-55.221684,-34.780664],[-55.22212,-34.780681],[-55.223428,-34.782601],[-55.223791,-34.782439],[-55.22557,-34.782183],[-55.22681,-34.782057],[-55.227219,-34.782134],[-55.230029,-34.785578],[-55.230344,-34.785668],[-55.230786,-34.78556],[-55.2315,-34.785553],[-55.232038,-34.785114],[-55.232186,-34.784301],[-55.232139,-34.784049],[-55.231761,-34.783603],[-55.231732,-34.783288],[-55.232212,-34.782843],[-55.232326,-34.782463],[-55.233179,-34.78118],[-55.233654,-34.780873],[-55.237908,-34.78326],[-55.238488,-34.783315]]]]}},{"type":"Feature","properties":{"nombre":"Mangrullo","departamento":"Cerro Largo"},"geometry":{"type":"MultiPolygon","coordinates":[[[[-54.04788,-32.091825],[-54.048232,-32.088223],[-54.043638,-32.089739],[-54.045874,-32.092849],[-54.047928,-32.092672],[-54.04788,-32.091825]]]]}},{"type":"Feature","properties":{"nombre":"Salinas","departamento":"Canelones"},"geometry":{"type":"MultiPolygon","coordinates":[[[[-55.847997,-34.779477],[-55.852351,-34.763066],[-55.853742,-34.758215],[-55.852192,-34.75787],[-55.852098,-34.758266],[-55.844996,-34.756993],[-55.843143,-34.763897],[-55.834186,-34.762261],[-55.829346,-34.779656],[-55.828932,-34.781029],[-55.828762,-34.781234],[-55.828877,-34.781435],[-55.828812,-34.781554],[-55.828876,-34.781836],[-55.828724,-34.782051],[-55.828569,-34.782104],[-55.827883,-34.782766],[-55.827226,-34.783108],[-55.83693,-34.786938],[-55.844925,-34.790279],[-55.845538,-34.788697],[-55.847997,-34.779477]]]]}},{"type":"Feature","properties":{"nombre":"Mercedes","departamento":"Soriano"},"geometry":{"type":"MultiPolygon","coordinates":[[[[-58.04417,-33.268225],[-58.044895,-33.268104],[-58.045048,-33.268179],[-58.045658,-33.270259],[-58.046638,-33.271867],[-58.046659,-33.27154],[-58.047147,-33.271544],[-58.048037,-33.27126],[-58.048358,-33.271091],[-58.048879,-33.270463],[-58.04934,-33.26867],[-58.049245,-33.267715],[-58.049395,-33.267257],[-58.049953,-33.265916],[-58.050889,-33.265031],[-58.051,-33.264631],[-58.050976,-33.264402],[-58.050202,-33.262401],[-58.048883,-33.26173],[-58.048024,-33.261609],[-58.047664,-33.261403],[-58.047346,-33.261127],[-58.047261,-33.26082],[-58.046399,-33.260381],[-58.046315,-33.260082],[-58.046703,-33.25932],[-58.047266,-33.258617],[-58.048277,-33.256755],[-58.050847,-33.255134],[-58.053393,-33.253956],[-58.054263,-33.253394],[-58.055939,-33.252768],[-58.056045,-33.252439],[-58.055992,-33.252015],[-58.055506,-33.251424],[-58.055173,-33.251288],[-58.051864,-33.250874],[-58.052448,-33.24932],[-58.052725,-33.249126],[-58.054199,-33.249002],[-58.055453,-33.248684],[-58.056006,-33.248467],[-58.060203,-33.246092],[-58.06299,-33.244403],[-58.063293,-33.244393],[-58.063624,-33.244497],[-58.063876,-33.244704],[-58.064683,-33.24574],[-58.064932,-33.245789],[-58.065241,-33.24577],[-58.065525,-33.245653],[-58.065984,-33.24531],[-58.066265,-33.244969],[-58.066645,-33.243957],[-58.06654,-33.243204],[-58.065534,-33.241181],[-58.065274,-33.241181],[-58.064647,-33.239963],[-58.064198,-33.23869],[-58.064113,-33.238814],[-58.063887,-33.23887],[-58.063892,-33.239044],[-58.06378,-33.239192],[-58.06366,-33.239195],[-58.063455,-33.239468],[-58.06327,-33.239485],[-58.063254,-33.239634],[-58.063131,-33.23966],[-58.063111,-33.239804],[-58.062908,-33.239813],[-58.062736,-33.239971],[-58.062708,-33.240104],[-58.062566,-33.240128],[-58.062422,-33.240359],[-58.062271,-33.240404],[-58.06224,-33.240545],[-58.061994,-33.24048],[-58.062024,-33.240182],[-58.06194,-33.240302],[-58.061797,-33.240324],[-58.06172,-33.240598],[-58.061491,-33.240657],[-58.06145,-33.240738],[-58.061657,-33.240703],[-58.061679,-33.240767],[-58.061458,-33.240937],[-58.061544,-33.241096],[-58.061433,-33.241334],[-58.061224,-33.241369],[-58.06114,-33.241588],[-58.06087,-33.241711],[-58.060806,-33.241907],[-58.060553,-33.242163],[-58.060408,-33.242167],[-58.06029,-33.242444],[-58.060132,-33.24237],[-58.059954,-33.242426],[-58.059351,-33.242834],[-58.059279,-33.242797],[-58.059094,-33.242989],[-58.059015,-33.242965],[-58.058967,-33.243105],[-58.058843,-33.243168],[-58.057923,-33.243297],[-58.057631,-33.243637],[-58.057331,-33.243525],[-58.05727,-33.243379],[-58.056812,-33.243662],[-58.056491,-33.243583],[-58.05647,-33.243679],[-58.056182,-33.243824],[-58.055989,-33.243692],[-58.055765,-33.243671],[-58.055457,-33.243876],[-58.055209,-33.243884],[-58.055066,-33.244011],[-58.054914,-33.243971],[-58.054807,-33.244035],[-58.054729,-33.243927],[-58.054688,-33.244126],[-58.054415,-33.244118],[-58.054325,-33.244297],[-58.054163,-33.244273],[-58.054005,-33.244365],[-58.052861,-33.244338],[-58.052513,-33.244197],[-58.050427,-33.244207],[-58.04988,-33.244302],[-58.049373,-33.244531],[-58.04909,-33.244551],[-58.04885,-33.244533],[-58.048574,-33.244371],[-58.048359,-33.244374],[-58.048097,-33.244524],[-58.047297,-33.244729],[-58.047074,-33.244901],[-58.046466,-33.245144],[-58.046213,-33.245175],[-58.045671,-33.245499],[-58.045442,-33.245488],[-58.045248,-33.245644],[-58.044621,-33.245783],[-58.044332,-33.245955],[-58.044019,-33.245972],[-58.043047,-33.246274],[-58.042157,-33.246371],[-58.041925,-33.246475],[-58.040694,-33.246409],[-58.039703,-33.246232],[-58.039609,-33.246336],[-58.039379,-33.246089],[-58.039019,-33.246186],[-58.038833,-33.246052],[-58.038746,-33.246095],[-58.038748,-33.246029],[-58.038439,-33.245984],[-58.038408,-33.245901],[-58.038022,-33.245741],[-58.036572,-33.24548],[-58.03586,-33.245177],[-58.035598,-33.245233],[-58.035195,-33.245026],[-58.035942,-33.244113],[-58.036249,-33.244279],[-58.036638,-33.24436],[-58.036779,-33.244612],[-58.03696,-33.24463],[-58.037067,-33.244544],[-58.037703,-33.244899],[-58.03825,-33.245051],[-58.038858,-33.245093],[-58.039149,-33.245253],[-58.04022,-33.245398],[-58.040289,-33.245497],[-58.040887,-33.245496],[-58.041577,-33.245664],[-58.04194,-33.245606],[-58.042034,-33.245703],[-58.042146,-33.24562],[-58.04264,-33.245672],[-58.042701,-33.24555],[-58.042944,-33.245516],[-58.042987,-33.245414],[-58.043053,-33.2455],[-58.04337,-33.24547],[-58.043642,-33.245348],[-58.043727,-33.245406],[-58.043745,-33.245335],[-58.044038,-33.24528],[-58.044041,-33.245206],[-58.044306,-33.245157],[-58.044243,-33.245016],[-58.044009,-33.245054],[-58.044125,-33.244905],[-58.044376,-33.24491],[-58.044439,-33.244773],[-58.044555,-33.244752],[-58.044536,-33.244686],[-58.044631,-33.244724],[-58.044655,-33.244601],[-58.044838,-33.244514],[-58.044981,-33.244567],[-58.045182,-33.244431],[-58.045318,-33.244514],[-58.045373,-33.244451],[-58.045472,-33.244525],[-58.045162,-33.244668],[-58.045309,-33.244743],[-58.046179,-33.244337],[-58.046295,-33.244147],[-58.046519,-33.244181],[-58.046602,-33.244026],[-58.046856,-33.243924],[-58.046938,-33.243649],[-58.046898,-33.243547],[-58.047043,-33.243515],[-58.046656,-33.243399],[-58.046142,-33.243499],[-58.045976,-33.243416],[-58.045992,-33.243259],[-58.045806,-33.243491],[-58.045544,-33.243326],[-58.045543,-33.243417],[-58.045318,-33.243594],[-58.0447,-33.243636],[-58.043985,-33.243571],[-58.043445,-33.243698],[-58.043281,-33.243608],[-58.042352,-33.24385],[-58.042099,-33.243771],[-58.041894,-33.243423],[-58.041884,-33.243614],[-58.041731,-33.243797],[-58.040923,-33.243943],[-58.040597,-33.24398],[-58.040278,-33.243863],[-58.040044,-33.243999],[-58.038939,-33.243999],[-58.038431,-33.243903],[-58.038121,-33.243701],[-58.038026,-33.243869],[-58.037745,-33.244065],[-58.037612,-33.243948],[-58.037439,-33.244054],[-58.037199,-33.244051],[-58.037026,-33.243937],[-58.036983,-33.244048],[-58.036893,-33.244039],[-58.036748,-33.243968],[-58.036733,-33.243876],[-58.036607,-33.243992],[-58.036347,-33.24396],[-58.036272,-33.243856],[-58.03607,-33.243849],[-58.035786,-33.243313],[-58.035664,-33.24376],[-58.035095,-33.243645],[-58.034908,-33.243696],[-58.034985,-33.243793],[-58.035446,-33.243945],[-58.035296,-33.244021],[-58.035314,-33.244092],[-58.03545,-33.244101],[-58.035475,-33.244019],[-58.035638,-33.244126],[-58.035718,-33.244038],[-58.035878,-33.244091],[-58.035142,-33.245004],[-58.034822,-33.244814],[-58.033834,-33.244575],[-58.033629,-33.244413],[-58.032573,-33.244088],[-58.03244,-33.243941],[-58.031797,-33.243813],[-58.031386,-33.243609],[-58.031249,-33.243586],[-58.031178,-33.243708],[-58.030974,-33.243748],[-58.030697,-33.243508],[-58.030361,-33.243404],[-58.029444,-33.243183],[-58.028529,-33.243138],[-58.028029,-33.242631],[-58.027249,-33.242461],[-58.026568,-33.242558],[-58.025271,-33.242276],[-58.024627,-33.242316],[-58.024498,-33.242262],[-58.024126,-33.242303],[-58.023665,-33.24219],[-58.022872,-33.242218],[-58.022555,-33.242348],[-58.022253,-33.242679],[-58.022004,-33.24281],[-58.021862,-33.242787],[-58.021735,-33.242583],[-58.021502,-33.242527],[-58.020493,-33.242656],[-58.020419,-33.242771],[-58.020066,-33.242783],[-58.020068,-33.242864],[-58.019587,-33.242885],[-58.019484,-33.243107],[-58.019567,-33.243358],[-58.018877,-33.243098],[-58.017824,-33.242877],[-58.017259,-33.243051],[-58.016807,-33.243066],[-58.016476,-33.243276],[-58.016321,-33.24317],[-58.015635,-33.243348],[-58.015134,-33.243273],[-58.01462,-33.243089],[-58.014337,-33.242833],[-58.014087,-33.242994],[-58.013789,-33.243025],[-58.013242,-33.242696],[-58.013039,-33.242488],[-58.012574,-33.242266],[-58.01228,-33.242165],[-58.011813,-33.24219],[-58.011732,-33.24213],[-58.01183,-33.241834],[-58.011587,-33.241891],[-58.011474,-33.241843],[-58.011414,-33.2415],[-58.010556,-33.240584],[-58.010419,-33.240338],[-58.010317,-33.240435],[-58.010088,-33.240423],[-58.009897,-33.240267],[-58.00975,-33.239943],[-58.008717,-33.239172],[-58.008404,-33.238563],[-58.008188,-33.237418],[-58.007554,-33.236507],[-58.006682,-33.235715],[-58.006509,-33.235542],[-58.006489,-33.23538],[-58.006231,-33.235194],[-58.006123,-33.234881],[-58.00582,-33.234503],[-58.005628,-33.234019],[-58.005539,-33.232266],[-58.005378,-33.2319],[-58.005494,-33.231405],[-58.005625,-33.231232],[-58.005449,-33.231168],[-58.005347,-33.231281],[-58.005261,-33.231209],[-58.005492,-33.231005],[-58.005449,-33.230423],[-58.005513,-33.230264],[-58.005458,-33.229502],[-58.005254,-33.229187],[-58.005423,-33.228637],[-58.005298,-33.228315],[-58.005461,-33.227977],[-58.005455,-33.227744],[-58.005599,-33.227648],[-58.005558,-33.227472],[-58.005688,-33.22737],[-58.005724,-33.227023],[-58.005787,-33.227025],[-58.006075,-33.226185],[-58.006036,-33.22592],[-58.006247,-33.225599],[-58.006263,-33.22536],[-58.006142,-33.225284],[-58.006325,-33.225259],[-58.006401,-33.224884],[-58.006336,-33.224578],[-58.00626,-33.224544],[-58.006589,-33.224313],[-58.005044,-33.222272],[-58.004699,-33.221572],[-58.004288,-33.219836],[-58.004393,-33.219219],[-58.004012,-33.218776],[-58.002345,-33.217936],[-58.001285,-33.217162],[-57.999694,-33.216534],[-57.99827,-33.216174],[-57.997022,-33.216156],[-57.994669,-33.21585],[-57.992633,-33.215152],[-57.990625,-33.214307],[-57.990192,-33.214243],[-57.989664,-33.213897],[-57.989168,-33.213411],[-57.98867,-33.212706],[-57.988637,-33.212145],[-57.988834,-33.21112],[-57.989321,-33.210239],[-57.990531,-33.209333],[-57.992693,-33.20858],[-57.992619,-33.208565],[-57.995512,-33.207597],[-57.998803,-33.206908],[-57.999733,-33.207117],[-58.001317,-33.207719],[-58.00165,-33.208],[-58.002142,-33.208263],[-58.002789,-33.208353],[-58.003274,-33.20832],[-58.003636,-33.208142],[-58.003953,-33.20789],[-58.004212,-33.20745],[-58.004217,-33.207169],[-58.004012,-33.206853],[-58.00326,-33.20618],[-58.000288,-33.20434],[-57.998792,-33.202668],[-57.998125,-33.202072],[-57.995794,-33.200555],[-57.993795,-33.198784],[-57.992232,-33.198687],[-57.99146,-33.198904],[-57.989537,-33.199962],[-57.98909,-33.200379],[-57.989005,-33.200635],[-57.98908,-33.201038],[-57.989228,-33.201525],[-57.989492,-33.202011],[-57.989598,-33.20256],[-57.989516,-33.203414],[-57.988805,-33.205613],[-57.988304,-33.206632],[-57.987584,-33.207509],[-57.985177,-33.209972],[-57.984397,-33.210573],[-57.982238,-33.213242],[-57.98172,-33.213988],[-57.980883,-33.214712],[-57.979727,-33.215506],[-57.979289,-33.215945],[-57.978459,-33.217201],[-57.97843,-33.217961],[-57.978954,-33.21935],[-57.9816,-33.222226],[-57.983691,-33.224258],[-57.984147,-33.224872],[-57.985796,-33.226643],[-57.986497,-33.227801],[-57.986339,-33.228538],[-57.985954,-33.229292],[-57.985628,-33.229723],[-57.984884,-33.230302],[-57.983334,-33.231015],[-57.981983,-33.23119],[-57.979547,-33.230925],[-57.976991,-33.230028],[-57.975816,-33.229397],[-57.974255,-33.228994],[-57.973273,-33.228836],[-57.97203,-33.228872],[-57.970595,-33.22917],[-57.968415,-33.229467],[-57.967906,-33.229695],[-57.967255,-33.230474],[-57.965985,-33.231323],[-57.964732,-33.231675],[-57.963992,-33.231789],[-57.963889,-33.233045],[-57.966451,-33.237792],[-57.966449,-33.240107],[-57.979094,-33.23941],[-57.980704,-33.239581],[-57.988511,-33.241239],[-57.991858,-33.24255],[-57.991797,-33.242668],[-57.993048,-33.249815],[-57.99811,-33.248809],[-58.002427,-33.247857],[-58.003564,-33.247741],[-58.003675,-33.248487],[-58.005391,-33.251111],[-58.005373,-33.251832],[-58.005584,-33.251961],[-58.005964,-33.252505],[-58.005956,-33.254484],[-58.006061,-33.254562],[-58.005959,-33.254642],[-58.006008,-33.254839],[-58.008506,-33.254652],[-58.008637,-33.255451],[-58.01025,-33.25505],[-58.010452,-33.254516],[-58.011012,-33.254983],[-58.011244,-33.255075],[-58.012319,-33.254939],[-58.012541,-33.254781],[-58.012482,-33.255137],[-58.012566,-33.255211],[-58.013268,-33.255212],[-58.013549,-33.255351],[-58.013717,-33.255184],[-58.014152,-33.255096],[-58.014388,-33.256111],[-58.014762,-33.256885],[-58.015267,-33.257638],[-58.000007,-33.261616],[-58.000593,-33.263436],[-58.001733,-33.26636],[-58.00337,-33.270992],[-58.003596,-33.271821],[-58.003565,-33.272728],[-58.004949,-33.275343],[-58.005139,-33.275571],[-58.005209,-33.275977],[-58.006829,-33.28028],[-58.009354,-33.279623],[-58.009729,-33.279639],[-58.007989,-33.283116],[-58.008787,-33.285629],[-58.008912,-33.285814],[-58.009149,-33.285836],[-58.009491,-33.28554],[-58.011664,-33.283072],[-58.012538,-33.28241],[-58.013391,-33.282147],[-58.01356,-33.281892],[-58.013529,-33.281486],[-58.012212,-33.276996],[-58.012204,-33.276716],[-58.012275,-33.276584],[-58.012728,-33.276313],[-58.016732,-33.275226],[-58.01706,-33.274981],[-58.016539,-33.273218],[-58.016322,-33.271194],[-58.016451,-33.27085],[-58.018931,-33.270282],[-58.019118,-33.270159],[-58.019275,-33.269868],[-58.019475,-33.270083],[-58.020592,-33.270717],[-58.020823,-33.270031],[-58.021107,-33.269797],[-58.025592,-33.268795],[-58.026275,-33.271143],[-58.034196,-33.269878],[-58.034209,-33.268793],[-58.034369,-33.26954],[-58.038051,-33.268708],[-58.043851,-33.268007],[-58.043964,-33.268202],[-58.04417,-33.268225]]]]}},{"type":"Feature","properties":{"nombre":"Young","departamento":"Río Negro"},"geometry":{"type":"MultiPolygon","coordinates":[[[[-57.671738,-32.720653],[-57.672054,-32.720558],[-57.671714,-32.720377],[-57.671101,-32.720324],[-57.67046,-32.720081],[-57.665702,-32.71782],[-57.665128,-32.716452],[-57.663723,-32.713787],[-57.663372,-32.713324],[-57.658803,-32.710179],[-57.655443,-32.709037],[-57.653036,-32.707721],[-57.652803,-32.707541],[-57.652009,-32.706581],[-57.650638,-32.705458],[-57.639944,-32.694097],[-57.639861,-32.693873],[-57.639563,-32.693761],[-57.639374,-32.693588],[-57.636266,-32.689209],[-57.635961,-32.688858],[-57.635338,-32.688358],[-57.638592,-32.685633],[-57.633318,-32.682326],[-57.632634,-32.681797],[-57.632227,-32.682286],[-57.631438,-32.681496],[-57.629713,-32.683692],[-57.62938,-32.683359],[-57.628779,-32.684104],[-57.628289,-32.683653],[-57.62785,-32.684166],[-57.627069,-32.683419],[-57.625507,-32.684701],[-57.625543,-32.685021],[-57.624597,-32.687452],[-57.622561,-32.69411],[-57.622427,-32.69423],[-57.621405,-32.694593],[-57.620803,-32.695128],[-57.620232,-32.694542],[-57.617846,-32.696147],[-57.617401,-32.696559],[-57.616837,-32.698792],[-57.616905,-32.69905],[-57.617753,-32.700435],[-57.621166,-32.704151],[-57.624402,-32.706101],[-57.62299,-32.707685],[-57.627177,-32.710242],[-57.624998,-32.712831],[-57.624443,-32.713084],[-57.624335,-32.713639],[-57.624654,-32.713458],[-57.625151,-32.713586],[-57.630117,-32.717069],[-57.632016,-32.718308],[-57.632945,-32.718756],[-57.633919,-32.71913],[-57.634691,-32.719304],[-57.636084,-32.7194],[-57.671041,-32.720488],[-57.67147,-32.720687],[-57.671738,-32.720653]]]]}},{"type":"Feature","properties":{"nombre":"Feliciano","departamento":"Durazno"},"geometry":{"type":"MultiPolygon","coordinates":[[[[-56.806269,-33.186543],[-56.80747,-33.187266],[-56.808771,-33.186199],[-56.809907,-33.185937],[-56.808322,-33.184713],[-56.807597,-33.185364],[-56.807635,-33.185413],[-56.807183,-33.185856],[-56.806269,-33.186543]]]]}},{"type":"Feature","properties":{"nombre":"Mendoza","departamento":"Florida"},"geometry":{"type":"MultiPolygon","coordinates":[[[[-56.216456,-34.285041],[-56.216588,-34.284968],[-56.217051,-34.285551],[-56.218387,-34.284923],[-56.217317,-34.282792],[-56.219348,-34.282111],[-56.219057,-34.281529],[-56.21919,-34.281476],[-56.218803,-34.280723],[-56.218591,-34.280794],[-56.217907,-34.279346],[-56.217307,-34.279561],[-56.217312,-34.279625],[-56.216154,-34.279957],[-56.215231,-34.278075],[-56.215212,-34.27802],[-56.216685,-34.277568],[-56.216407,-34.276991],[-56.217235,-34.276738],[-56.216904,-34.276094],[-56.214881,-34.276756],[-56.215012,-34.277706],[-56.214886,-34.277745],[-56.215026,-34.278956],[-56.213984,-34.279016],[-56.213063,-34.279469],[-56.209347,-34.280737],[-56.210027,-34.282042],[-56.2112,-34.281649],[-56.211285,-34.281856],[-56.211477,-34.281782],[-56.212091,-34.283019],[-56.2132,-34.282637],[-56.213865,-34.284003],[-56.211966,-34.284674],[-56.212293,-34.285141],[-56.21244,-34.285115],[-56.212847,-34.285686],[-56.212767,-34.285731],[-56.213084,-34.286195],[-56.215534,-34.285257],[-56.216456,-34.285041]]]]}},{"type":"Feature","properties":{"nombre":"Piriapolis","departamento":"Maldonado"},"geometry":{"type":"MultiPolygon","coordinates":[[[[-55.284962,-34.860326],[-55.285232,-34.860254],[-55.28581,-34.859761],[-55.287525,-34.858856],[-55.288703,-34.858385],[-55.289515,-34.857945],[-55.290512,-34.857609],[-55.290636,-34.857463],[-55.291107,-34.857258],[-55.292254,-34.856882],[-55.292342,-34.85675],[-55.295341,-34.855799],[-55.296068,-34.855771],[-55.296248,-34.855603],[-55.296923,-34.855412],[-55.29688,-34.855245],[-55.296988,-34.855086],[-55.296612,-34.854988],[-55.296527,-34.854821],[-55.296906,-34.85478],[-55.297078,-34.854629],[-55.29713,-34.854471],[-55.297234,-34.854466],[-55.297331,-34.854069],[-55.297292,-34.853963],[-55.297161,-34.853906],[-55.295281,-34.854763],[-55.292074,-34.850895],[-55.289732,-34.852186],[-55.287075,-34.84897],[-55.284435,-34.85051],[-55.283296,-34.849104],[-55.280026,-34.850876],[-55.278381,-34.848976],[-55.27904,-34.848579],[-55.275236,-34.843871],[-55.274604,-34.844212],[-55.271916,-34.841014],[-55.27087,-34.841762],[-55.269827,-34.842378],[-55.269409,-34.841896],[-55.267247,-34.839284],[-55.269359,-34.838089],[-55.266522,-34.834858],[-55.264493,-34.835962],[-55.264386,-34.835813],[-55.260017,-34.838207],[-55.260643,-34.839064],[-55.263626,-34.842607],[-55.263426,-34.842728],[-55.263518,-34.843676],[-55.263621,-34.843799],[-55.264175,-34.843783],[-55.26417,-34.844738],[-55.26436,-34.844755],[-55.265051,-34.844361],[-55.267974,-34.848002],[-55.267717,-34.848226],[-55.266251,-34.84903],[-55.266093,-34.848961],[-55.265688,-34.848972],[-55.264703,-34.849335],[-55.264604,-34.849445],[-55.264602,-34.849585],[-55.262813,-34.85062],[-55.262973,-34.850816],[-55.262634,-34.851045],[-55.259546,-34.852793],[-55.263597,-34.857666],[-55.265646,-34.86002],[-55.266132,-34.86044],[-55.26298,-34.862322],[-55.265205,-34.864985],[-55.264794,-34.866302],[-55.264085,-34.869224],[-55.263851,-34.869088],[-55.263143,-34.868385],[-55.262775,-34.868236],[-55.259115,-34.868879],[-55.258897,-34.869606],[-55.257634,-34.869397],[-55.257261,-34.869691],[-55.257277,-34.871201],[-55.259214,-34.871552],[-55.260459,-34.87158],[-55.261683,-34.873072],[-55.26225,-34.872747],[-55.262434,-34.872892],[-55.263008,-34.873548],[-55.26314,-34.873609],[-55.263157,-34.873744],[-55.263812,-34.874499],[-55.263791,-34.874598],[-55.267954,-34.879621],[-55.267308,-34.880583],[-55.266175,-34.881847],[-55.26237,-34.885726],[-55.26203,-34.886385],[-55.261888,-34.886523],[-55.260798,-34.887302],[-55.259245,-34.887871],[-55.257945,-34.888493],[-55.261284,-34.892537],[-55.261043,-34.892722],[-55.26115,-34.892901],[-55.260357,-34.893747],[-55.260272,-34.894345],[-55.260454,-34.894482],[-55.261142,-34.893805],[-55.262021,-34.893105],[-55.262964,-34.892501],[-55.264403,-34.891811],[-55.26543,-34.891463],[-55.266902,-34.891162],[-55.268051,-34.890767],[-55.26992,-34.890427],[-55.272997,-34.889591],[-55.276608,-34.888923],[-55.277151,-34.888906],[-55.277631,-34.889095],[-55.277869,-34.889374],[-55.278379,-34.889627],[-55.278788,-34.890093],[-55.279033,-34.89024],[-55.279121,-34.890193],[-55.279113,-34.889995],[-55.279548,-34.889852],[-55.279689,-34.889898],[-55.279708,-34.889989],[-55.280033,-34.889886],[-55.280127,-34.890121],[-55.280215,-34.890149],[-55.280231,-34.890036],[-55.280353,-34.890168],[-55.28038,-34.889831],[-55.280522,-34.889867],[-55.28068,-34.890043],[-55.280702,-34.889946],[-55.281131,-34.889843],[-55.28138,-34.889408],[-55.28173,-34.889528],[-55.281773,-34.889412],[-55.281638,-34.889285],[-55.281698,-34.889166],[-55.281947,-34.888883],[-55.282223,-34.888725],[-55.281854,-34.887974],[-55.281821,-34.887812],[-55.281908,-34.887518],[-55.281562,-34.887158],[-55.281586,-34.886901],[-55.281384,-34.886762],[-55.281451,-34.886606],[-55.281184,-34.886302],[-55.281248,-34.88625],[-55.281449,-34.886328],[-55.281481,-34.886265],[-55.28134,-34.886049],[-55.281212,-34.886015],[-55.281293,-34.885868],[-55.281109,-34.885684],[-55.281078,-34.885362],[-55.280955,-34.885119],[-55.280669,-34.88497],[-55.280706,-34.884882],[-55.280567,-34.884724],[-55.280126,-34.884567],[-55.280077,-34.884459],[-55.280141,-34.884383],[-55.28005,-34.88427],[-55.279802,-34.884199],[-55.279711,-34.883959],[-55.279374,-34.88371],[-55.2791,-34.883176],[-55.279133,-34.882899],[-55.279286,-34.882577],[-55.279104,-34.88243],[-55.279068,-34.88225],[-55.279196,-34.882002],[-55.279452,-34.881927],[-55.279495,-34.881776],[-55.279691,-34.881716],[-55.279368,-34.881395],[-55.279409,-34.88081],[-55.279567,-34.880507],[-55.280058,-34.880037],[-55.280194,-34.879802],[-55.280321,-34.878788],[-55.280236,-34.878121],[-55.280441,-34.877886],[-55.280768,-34.877692],[-55.280745,-34.877581],[-55.281258,-34.877325],[-55.283039,-34.875684],[-55.283109,-34.875368],[-55.282636,-34.874256],[-55.282564,-34.874235],[-55.282522,-34.87428],[-55.282995,-34.875404],[-55.282965,-34.87559],[-55.282366,-34.876129],[-55.281506,-34.875502],[-55.281468,-34.875548],[-55.282315,-34.876172],[-55.281768,-34.87658],[-55.280824,-34.875907],[-55.281718,-34.87662],[-55.281369,-34.876951],[-55.280741,-34.876493],[-55.280706,-34.876536],[-55.281321,-34.876996],[-55.281267,-34.877075],[-55.280922,-34.877265],[-55.280312,-34.877036],[-55.280138,-34.875958],[-55.280289,-34.87595],[-55.280224,-34.875307],[-55.280105,-34.8753],[-55.280071,-34.874883],[-55.281489,-34.874836],[-55.281525,-34.874713],[-55.281456,-34.874647],[-55.278921,-34.874823],[-55.277462,-34.87304],[-55.276987,-34.872386],[-55.276976,-34.872217],[-55.276776,-34.872161],[-55.275854,-34.871164],[-55.275559,-34.870968],[-55.275499,-34.870813],[-55.275748,-34.870591],[-55.276106,-34.869109],[-55.276403,-34.868274],[-55.276694,-34.867844],[-55.276872,-34.86741],[-55.277869,-34.865957],[-55.278241,-34.865665],[-55.27861,-34.865154],[-55.279759,-34.864005],[-55.280696,-34.863405],[-55.2806,-34.863306],[-55.280791,-34.863117],[-55.281791,-34.862426],[-55.282676,-34.861681],[-55.284962,-34.860326]]]]}},{"type":"Feature","properties":{"nombre":"Castellanos","departamento":"Canelones"},"geometry":{"type":"MultiPolygon","coordinates":[[[[-55.959504,-34.380095],[-55.959488,-34.372704],[-55.95896,-34.372706],[-55.958442,-34.372592],[-55.958394,-34.37264],[-55.958472,-34.37296],[-55.958341,-34.373068],[-55.957899,-34.372818],[-55.95719,-34.372812],[-55.956786,-34.372727],[-55.956661,-34.37309],[-55.956442,-34.3734],[-55.955736,-34.373304],[-55.955639,-34.37364],[-55.955454,-34.373738],[-55.955435,-34.373874],[-55.954526,-34.374598],[-55.950453,-34.374601],[-55.950362,-34.375027],[-55.950395,-34.375791],[-55.946638,-34.375794],[-55.946629,-34.377025],[-55.946031,-34.376317],[-55.946025,-34.377424],[-55.945596,-34.377213],[-55.945562,-34.376996],[-55.945362,-34.376709],[-55.944583,-34.3765],[-55.944561,-34.376324],[-55.94422,-34.376164],[-55.944107,-34.375331],[-55.944222,-34.375069],[-55.94411,-34.374866],[-55.943708,-34.374749],[-55.943484,-34.374792],[-55.943214,-34.375031],[-55.94299,-34.375054],[-55.942882,-34.374919],[-55.942093,-34.374575],[-55.942057,-34.381416],[-55.942124,-34.381636],[-55.942113,-34.382642],[-55.943994,-34.382598],[-55.944014,-34.384867],[-55.952041,-34.384651],[-55.952284,-34.385317],[-55.954787,-34.385336],[-55.952949,-34.383098],[-55.952703,-34.382539],[-55.95952,-34.382466],[-55.959504,-34.380095]]],[[[-55.952495,-34.371275],[-55.953317,-34.371253],[-55.953414,-34.371195],[-55.953302,-34.369014],[-55.951686,-34.369004],[-55.951549,-34.369061],[-55.951546,-34.368887],[-55.949848,-34.368915],[-55.949884,-34.370173],[-55.951574,-34.370183],[-55.951576,-34.370036],[-55.951679,-34.370114],[-55.952481,-34.370105],[-55.952495,-34.371275]]]]}},{"type":"Feature","properties":{"nombre":"Chico Torino","departamento":"Colonia"},"geometry":{"type":"MultiPolygon","coordinates":[[[[-57.262576,-34.370266],[-57.264032,-34.37054],[-57.264776,-34.370455],[-57.264723,-34.370261],[-57.265229,-34.370186],[-57.264879,-34.368476],[-57.265304,-34.368489],[-57.265374,-34.367631],[-57.264404,-34.36821],[-57.265171,-34.366639],[-57.261683,-34.365961],[-57.261129,-34.36784],[-57.263211,-34.368271],[-57.262576,-34.370266]]]]}},{"type":"Feature","properties":{"nombre":"Arrocera Procipa","departamento":"Treinta y Tres"},"geometry":{"type":"MultiPolygon","coordinates":[[[[-53.901232,-33.254461],[-53.900914,-33.254752],[-53.901886,-33.25573],[-53.902644,-33.255545],[-53.903915,-33.255087],[-53.905237,-33.254764],[-53.905344,-33.255159],[-53.906096,-33.255793],[-53.906219,-33.256155],[-53.905879,-33.256831],[-53.905609,-33.25716],[-53.906527,-33.257525],[-53.906803,-33.255308],[-53.906982,-33.254776],[-53.907513,-33.254275],[-53.906848,-33.253686],[-53.906976,-33.253444],[-53.906572,-33.253218],[-53.905875,-33.253139],[-53.904839,-33.251206],[-53.901232,-33.254461]]]]}},{"type":"Feature","properties":{"nombre":"Blanquillo","departamento":"Durazno"},"geometry":{"type":"MultiPolygon","coordinates":[[[[-55.617804,-32.895366],[-55.62016,-32.895879],[-55.619704,-32.894677],[-55.619088,-32.89233],[-55.619317,-32.892171],[-55.620502,-32.89174],[-55.622024,-32.891281],[-55.623581,-32.887095],[-55.62347,-32.886961],[-55.623542,-32.886944],[-55.623883,-32.885963],[-55.619061,-32.884782],[-55.618553,-32.884723],[-55.618652,-32.884182],[-55.617484,-32.884012],[-55.617078,-32.882465],[-55.616924,-32.88239],[-55.616415,-32.882445],[-55.61581,-32.879992],[-55.615364,-32.878555],[-55.612738,-32.878638],[-55.61276,-32.879028],[-55.612929,-32.879075],[-55.61299,-32.880079],[-55.614488,-32.88005],[-55.614892,-32.881552],[-55.613814,-32.881299],[-55.613341,-32.883447],[-55.611669,-32.883222],[-55.611197,-32.885294],[-55.610964,-32.885284],[-55.610896,-32.88539],[-55.609607,-32.889484],[-55.615769,-32.890978],[-55.615781,-32.891419],[-55.615706,-32.891676],[-55.615801,-32.891893],[-55.615849,-32.893967],[-55.616446,-32.893948],[-55.616494,-32.894461],[-55.617899,-32.894792],[-55.617804,-32.895366]]]]}},{"type":"Feature","properties":{"nombre":"Carlos Reyles","departamento":"Durazno"},"geometry":{"type":"MultiPolygon","coordinates":[[[[-56.473558,-33.062239],[-56.473806,-33.062467],[-56.47751,-33.05969],[-56.477766,-33.059753],[-56.478093,-33.059622],[-56.481808,-33.056848],[-56.482786,-33.056374],[-56.483092,-33.056067],[-56.483248,-33.055684],[-56.483818,-33.055085],[-56.484874,-33.05429],[-56.484935,-33.054167],[-56.48484,-33.053946],[-56.484614,-33.053793],[-56.484467,-33.053829],[-56.481542,-33.050966],[-56.481426,-33.050734],[-56.473736,-33.05347],[-56.466502,-33.056635],[-56.466091,-33.056955],[-56.465692,-33.057468],[-56.464452,-33.065263],[-56.470249,-33.065844],[-56.470681,-33.065827],[-56.470912,-33.065629],[-56.472028,-33.063621],[-56.472316,-33.06323],[-56.473442,-33.062151],[-56.473558,-33.062239]]]]}},{"type":"Feature","properties":{"nombre":"Merinos","departamento":"Paysandú"},"geometry":{"type":"MultiPolygon","coordinates":[[[[-56.914341,-32.38698],[-56.914374,-32.386931],[-56.914478,-32.387056],[-56.915495,-32.386886],[-56.915403,-32.386466],[-56.915265,-32.386429],[-56.915122,-32.38578],[-56.915251,-32.385721],[-56.915218,-32.38538],[-56.914666,-32.383041],[-56.913479,-32.383272],[-56.913658,-32.382113],[-56.911203,-32.3825],[-56.910309,-32.378484],[-56.906841,-32.379044],[-56.907508,-32.382045],[-56.902534,-32.382904],[-56.902102,-32.382774],[-56.902266,-32.386436],[-56.901042,-32.386448],[-56.901293,-32.387238],[-56.89884,-32.387768],[-56.899313,-32.389859],[-56.901604,-32.389453],[-56.901813,-32.389187],[-56.901765,-32.38875],[-56.901849,-32.388591],[-56.902481,-32.388389],[-56.907402,-32.387533],[-56.911806,-32.38691],[-56.912364,-32.387047],[-56.912704,-32.387333],[-56.914341,-32.38698]]]]}},{"type":"Feature","properties":{"nombre":"Chapicuy","departamento":"Paysandú"},"geometry":{"type":"MultiPolygon","coordinates":[[[[-57.89017,-31.664047],[-57.892106,-31.662728],[-57.892286,-31.662452],[-57.892219,-31.661822],[-57.892391,-31.661809],[-57.890862,-31.655379],[-57.88905,-31.655656],[-57.889222,-31.656458],[-57.888616,-31.65669],[-57.888665,-31.656962],[-57.88499,-31.657552],[-57.884818,-31.657641],[-57.88478,-31.657748],[-57.885692,-31.662239],[-57.885783,-31.662416],[-57.886125,-31.664168],[-57.886219,-31.664249],[-57.885978,-31.664287],[-57.886465,-31.66663],[-57.89017,-31.664047]]]]}},{"type":"Feature","properties":{"nombre":"San Antonio","departamento":"Salto"},"geometry":{"type":"MultiPolygon","coordinates":[[[[-57.774089,-31.363782],[-57.775761,-31.365004],[-57.776577,-31.365255],[-57.776744,-31.364494],[-57.777675,-31.363825],[-57.778051,-31.36386],[-57.778277,-31.363976],[-57.77853,-31.363946],[-57.778858,-31.363629],[-57.779432,-31.363531],[-57.779553,-31.36333],[-57.777658,-31.361711],[-57.776914,-31.36128],[-57.774574,-31.360456],[-57.77377,-31.35994],[-57.772493,-31.358755],[-57.772398,-31.358856],[-57.771858,-31.358551],[-57.771089,-31.358271],[-57.769426,-31.358052],[-57.76943,-31.357731],[-57.768567,-31.357404],[-57.76913,-31.356129],[-57.768492,-31.355803],[-57.768229,-31.356017],[-57.767516,-31.355523],[-57.766585,-31.356484],[-57.765432,-31.355424],[-57.765275,-31.355551],[-57.758277,-31.349131],[-57.755805,-31.34736],[-57.755366,-31.347503],[-57.754696,-31.347436],[-57.754124,-31.347693],[-57.753835,-31.347736],[-57.753432,-31.347698],[-57.752867,-31.347458],[-57.752352,-31.347431],[-57.751724,-31.347056],[-57.750044,-31.346961],[-57.749661,-31.346656],[-57.749373,-31.346691],[-57.750296,-31.347419],[-57.764138,-31.355412],[-57.764772,-31.355942],[-57.766747,-31.358087],[-57.77299,-31.362449],[-57.774089,-31.363782]]]]}},{"type":"Feature","properties":{"nombre":"Puerto de los Botes","departamento":"Rocha"},"geometry":{"type":"MultiPolygon","coordinates":[[[[-54.318924,-34.546312],[-54.320382,-34.545969],[-54.320886,-34.545954],[-54.320227,-34.545462],[-54.31732,-34.543751],[-54.316714,-34.544535],[-54.318924,-34.546312]]]]}},{"type":"Feature","properties":{"nombre":"Parque Medina","departamento":"Maldonado"},"geometry":{"type":"MultiPolygon","coordinates":[[[[-54.900455,-34.79501],[-54.901062,-34.792155],[-54.900658,-34.792195],[-54.900213,-34.792022],[-54.899918,-34.792003],[-54.899788,-34.791905],[-54.899564,-34.792117],[-54.899571,-34.792212],[-54.899239,-34.792646],[-54.899168,-34.7929],[-54.898951,-34.793146],[-54.898394,-34.793395],[-54.897714,-34.79347],[-54.897378,-34.793958],[-54.897104,-34.794016],[-54.896664,-34.794435],[-54.896054,-34.794777],[-54.895781,-34.795234],[-54.8951,-34.795689],[-54.894641,-34.79709],[-54.893076,-34.801137],[-54.899478,-34.799948],[-54.900455,-34.79501]]]]}},{"type":"Feature","properties":{"nombre":"Cerros de la Calera","departamento":"Rivera"},"geometry":{"type":"MultiPolygon","coordinates":[[[[-55.394748,-31.395443],[-55.395674,-31.395337],[-55.39546,-31.393987],[-55.396012,-31.39391],[-55.39597,-31.393592],[-55.395363,-31.393647],[-55.395116,-31.39297],[-55.395731,-31.392399],[-55.395563,-31.392107],[-55.394445,-31.392379],[-55.394322,-31.392097],[-55.393815,-31.392269],[-55.39339,-31.391051],[-55.393269,-31.391077],[-55.393228,-31.390995],[-55.392386,-31.388738],[-55.391987,-31.388791],[-55.391828,-31.38869],[-55.391707,-31.388448],[-55.39107,-31.388455],[-55.390746,-31.388617],[-55.390445,-31.38863],[-55.39017,-31.388915],[-55.389875,-31.389046],[-55.389838,-31.389209],[-55.389302,-31.389401],[-55.389282,-31.389705],[-55.388936,-31.390069],[-55.388627,-31.39013],[-55.38861,-31.390436],[-55.388222,-31.39054],[-55.387976,-31.390473],[-55.387721,-31.390638],[-55.387668,-31.390879],[-55.387222,-31.391016],[-55.387104,-31.391217],[-55.386863,-31.391246],[-55.386718,-31.391406],[-55.38644,-31.391333],[-55.386124,-31.391692],[-55.38556,-31.391792],[-55.38567,-31.392058],[-55.38897,-31.393676],[-55.388666,-31.394308],[-55.389502,-31.394738],[-55.389898,-31.394205],[-55.391494,-31.394979],[-55.39136,-31.394358],[-55.391474,-31.394165],[-55.391434,-31.393898],[-55.391754,-31.39313],[-55.391888,-31.393123],[-55.391921,-31.393016],[-55.393847,-31.392596],[-55.394603,-31.394653],[-55.394748,-31.395443]]]]}},{"type":"Feature","properties":{"nombre":"Cerro Chato","departamento":"Paysandú"},"geometry":{"type":"MultiPolygon","coordinates":[[[[-57.535877,-31.872484],[-57.536145,-31.872284],[-57.537567,-31.872437],[-57.53993,-31.872151],[-57.541718,-31.872837],[-57.543013,-31.872925],[-57.543176,-31.873106],[-57.543169,-31.874274],[-57.543266,-31.874584],[-57.543957,-31.87534],[-57.54456,-31.8758],[-57.54603,-31.875806],[-57.545615,-31.86053],[-57.545528,-31.860324],[-57.545233,-31.860113],[-57.545131,-31.859887],[-57.545176,-31.859434],[-57.542058,-31.859554],[-57.542538,-31.867076],[-57.538534,-31.867258],[-57.538891,-31.868546],[-57.536356,-31.868995],[-57.535836,-31.868964],[-57.533808,-31.868431],[-57.533584,-31.868259],[-57.534564,-31.87381],[-57.535021,-31.873737],[-57.535206,-31.873606],[-57.535877,-31.872484]]]]}},{"type":"Feature","properties":{"nombre":"Las Cañas","departamento":"Río Negro"},"geometry":{"type":"MultiPolygon","coordinates":[[[[-58.359498,-33.180201],[-58.359666,-33.180204],[-58.360104,-33.179947],[-58.360193,-33.179807],[-58.360146,-33.17961],[-58.359987,-33.179475],[-58.359599,-33.179345],[-58.359233,-33.17891],[-58.359236,-33.178336],[-58.359367,-33.177997],[-58.358945,-33.177879],[-58.358685,-33.177598],[-58.358415,-33.177478],[-58.358207,-33.176961],[-58.358007,-33.176875],[-58.35778,-33.176524],[-58.357831,-33.176101],[-58.35803,-33.175958],[-58.358011,-33.175865],[-58.358151,-33.175883],[-58.358139,-33.175656],[-58.35826,-33.175435],[-58.358344,-33.175318],[-58.358482,-33.175295],[-58.35854,-33.174831],[-58.358451,-33.174581],[-58.358082,-33.174305],[-58.357693,-33.173048],[-58.357674,-33.172225],[-58.357455,-33.17196],[-58.357033,-33.171686],[-58.356627,-33.171664],[-58.356543,-33.171545],[-58.356131,-33.171391],[-58.355913,-33.170953],[-58.35567,-33.170693],[-58.355786,-33.17048],[-58.355623,-33.17041],[-58.355911,-33.16939],[-58.356052,-33.16931],[-58.356113,-33.169044],[-58.356417,-33.168714],[-58.356392,-33.168559],[-58.356612,-33.168454],[-58.356848,-33.168106],[-58.357093,-33.167978],[-58.35723,-33.167774],[-58.357404,-33.167723],[-58.357429,-33.16756],[-58.357566,-33.167602],[-58.35762,-33.167441],[-58.357904,-33.167315],[-58.357899,-33.167211],[-58.358116,-33.167204],[-58.35825,-33.167015],[-58.358478,-33.166955],[-58.358695,-33.166761],[-58.3604,-33.166002],[-58.360434,-33.165734],[-58.360222,-33.165573],[-58.359894,-33.165493],[-58.359786,-33.165355],[-58.359676,-33.164932],[-58.359786,-33.164902],[-58.359726,-33.164792],[-58.36068,-33.164586],[-58.359699,-33.164765],[-58.35958,-33.164618],[-58.359635,-33.164505],[-58.35958,-33.164408],[-58.359734,-33.164063],[-58.359394,-33.163707],[-58.3592,-33.163219],[-58.359043,-33.163182],[-58.359818,-33.161938],[-58.359571,-33.16155],[-58.359282,-33.161461],[-58.359089,-33.161141],[-58.358337,-33.160666],[-58.358176,-33.160333],[-58.358269,-33.15967],[-58.358878,-33.158726],[-58.356769,-33.158347],[-58.355523,-33.158652],[-58.355384,-33.161178],[-58.354584,-33.16126],[-58.354411,-33.162102],[-58.352833,-33.166404],[-58.352371,-33.1663],[-58.352144,-33.16689],[-58.35281,-33.167011],[-58.352783,-33.167761],[-58.352632,-33.168196],[-58.352743,-33.168386],[-58.353377,-33.168592],[-58.353372,-33.169828],[-58.353241,-33.170213],[-58.353215,-33.170699],[-58.353305,-33.171022],[-58.35416,-33.172146],[-58.354694,-33.172354],[-58.354745,-33.172547],[-58.354692,-33.172969],[-58.354792,-33.173156],[-58.355711,-33.174176],[-58.356249,-33.174488],[-58.356397,-33.175318],[-58.355794,-33.176511],[-58.353141,-33.179471],[-58.353297,-33.179403],[-58.359249,-33.180565],[-58.359498,-33.180201]]]]}},{"type":"Feature","properties":{"nombre":"Casablanca","departamento":"Paysandú"},"geometry":{"type":"MultiPolygon","coordinates":[[[[-58.160047,-32.404956],[-58.160077,-32.404681],[-58.159486,-32.404063],[-58.159329,-32.404029],[-58.160458,-32.402202],[-58.159763,-32.401609],[-58.162334,-32.397805],[-58.163153,-32.39786],[-58.163702,-32.396932],[-58.16231,-32.396184],[-58.1618,-32.396106],[-58.161796,-32.396047],[-58.162017,-32.396039],[-58.162112,-32.395953],[-58.161939,-32.395895],[-58.161816,-32.395607],[-58.161478,-32.395393],[-58.161183,-32.395395],[-58.160773,-32.395651],[-58.160814,-32.395271],[-58.16064,-32.395276],[-58.160693,-32.395673],[-58.160214,-32.395732],[-58.159547,-32.395667],[-58.158762,-32.39551],[-58.157922,-32.395124],[-58.156631,-32.394866],[-58.155194,-32.394246],[-58.152986,-32.393708],[-58.15273,-32.393513],[-58.152287,-32.393487],[-58.15214,-32.393557],[-58.151976,-32.394115],[-58.152136,-32.394861],[-58.152015,-32.395164],[-58.151361,-32.396021],[-58.151519,-32.396197],[-58.152251,-32.39659],[-58.152411,-32.396881],[-58.152473,-32.397768],[-58.152237,-32.398081],[-58.152048,-32.398547],[-58.152065,-32.398989],[-58.152157,-32.39933],[-58.152129,-32.399814],[-58.15242,-32.40027],[-58.152494,-32.400576],[-58.152891,-32.400801],[-58.152953,-32.401333],[-58.152936,-32.401451],[-58.152716,-32.401643],[-58.15273,-32.401966],[-58.156924,-32.401642],[-58.157119,-32.401787],[-58.157347,-32.403137],[-58.158941,-32.404682],[-58.158225,-32.40584],[-58.159168,-32.40623],[-58.160047,-32.404956]]]]}},{"type":"Feature","properties":{"nombre":"San Felix","departamento":"Paysandú"},"geometry":{"type":"MultiPolygon","coordinates":[[[[-58.105681,-32.353765],[-58.111439,-32.350561],[-58.108487,-32.348122],[-58.101146,-32.34162],[-58.099407,-32.340351],[-58.100012,-32.339711],[-58.100388,-32.338876],[-58.100906,-32.339152],[-58.101654,-32.339104],[-58.102858,-32.338616],[-58.102955,-32.338159],[-58.102284,-32.338195],[-58.101889,-32.338083],[-58.101478,-32.337715],[-58.101263,-32.337354],[-58.101049,-32.336641],[-58.099745,-32.335482],[-58.099521,-32.335102],[-58.098661,-32.334057],[-58.098533,-32.333835],[-58.098492,-32.333522],[-58.097982,-32.332749],[-58.098058,-32.33183],[-58.098014,-32.330909],[-58.097732,-32.330791],[-58.097122,-32.330723],[-58.096222,-32.330949],[-58.095436,-32.331994],[-58.095084,-32.332805],[-58.094831,-32.333125],[-58.094452,-32.333323],[-58.09406,-32.333291],[-58.09372,-32.332968],[-58.093477,-32.332905],[-58.0918,-32.333035],[-58.09034,-32.333374],[-58.089357,-32.333348],[-58.088431,-32.333971],[-58.088184,-32.334324],[-58.088123,-32.334764],[-58.087349,-32.335369],[-58.087003,-32.335465],[-58.08611,-32.335299],[-58.085517,-32.335345],[-58.085127,-32.335262],[-58.085265,-32.338194],[-58.089446,-32.33789],[-58.090017,-32.343097],[-58.09397,-32.342423],[-58.094369,-32.344052],[-58.096187,-32.347862],[-58.098027,-32.349693],[-58.102977,-32.355276],[-58.105681,-32.353765]]]]}},{"type":"Feature","properties":{"nombre":"Caserio las Cañas","departamento":"Cerro Largo"},"geometry":{"type":"MultiPolygon","coordinates":[[[[-53.82898,-32.356181],[-53.829318,-32.356234],[-53.829422,-32.356051],[-53.829684,-32.356118],[-53.830663,-32.353891],[-53.831597,-32.354079],[-53.832012,-32.352518],[-53.830333,-32.352068],[-53.830427,-32.349924],[-53.830378,-32.349159],[-53.829977,-32.349147],[-53.829879,-32.349697],[-53.829407,-32.349569],[-53.829256,-32.350106],[-53.829443,-32.350085],[-53.829515,-32.35184],[-53.828594,-32.351575],[-53.828057,-32.353171],[-53.828483,-32.353382],[-53.827692,-32.355307],[-53.823876,-32.353969],[-53.823703,-32.353486],[-53.824268,-32.350271],[-53.8212,-32.349259],[-53.821718,-32.351122],[-53.821793,-32.351788],[-53.821587,-32.353079],[-53.823715,-32.353936],[-53.824152,-32.354662],[-53.824027,-32.355606],[-53.82633,-32.355742],[-53.828223,-32.355947],[-53.8282,-32.356312],[-53.828966,-32.356359],[-53.82898,-32.356181]]]]}},{"type":"Feature","properties":{"nombre":"Solis de Mataojo","departamento":"Lavalleja"},"geometry":{"type":"MultiPolygon","coordinates":[[[[-55.471518,-34.609225],[-55.469172,-34.607562],[-55.46895,-34.607148],[-55.469659,-34.606701],[-55.468822,-34.605604],[-55.471029,-34.605287],[-55.470467,-34.602917],[-55.471326,-34.602819],[-55.471418,-34.602695],[-55.47128,-34.601945],[-55.470725,-34.601956],[-55.470553,-34.600983],[-55.471006,-34.600913],[-55.470843,-34.600175],[-55.471934,-34.600037],[-55.471906,-34.599654],[-55.472447,-34.599594],[-55.472397,-34.599198],[-55.472848,-34.599155],[-55.472775,-34.598459],[-55.473223,-34.598423],[-55.472964,-34.597142],[-55.47165,-34.596846],[-55.470691,-34.596468],[-55.469116,-34.596541],[-55.468233,-34.596677],[-55.468649,-34.592045],[-55.468759,-34.592033],[-55.469444,-34.592763],[-55.469439,-34.5929],[-55.470113,-34.593532],[-55.471282,-34.593461],[-55.469887,-34.592074],[-55.468797,-34.590785],[-55.469178,-34.590773],[-55.46917,-34.59018],[-55.468733,-34.590164],[-55.468931,-34.58821],[-55.468943,-34.587324],[-55.469108,-34.587261],[-55.469169,-34.58631],[-55.464783,-34.586948],[-55.464791,-34.58341],[-55.464624,-34.583424],[-55.464626,-34.583199],[-55.454257,-34.585548],[-55.455415,-34.588584],[-55.44463,-34.590685],[-55.445387,-34.591923],[-55.445727,-34.59337],[-55.445717,-34.593967],[-55.445642,-34.594204],[-55.445117,-34.594782],[-55.445021,-34.595039],[-55.445046,-34.595336],[-55.445515,-34.596073],[-55.446575,-34.596994],[-55.446887,-34.597876],[-55.44704,-34.598111],[-55.447607,-34.598618],[-55.448045,-34.599342],[-55.448151,-34.599766],[-55.448322,-34.599952],[-55.449089,-34.600077],[-55.45006,-34.600022],[-55.45035,-34.600091],[-55.451039,-34.600559],[-55.451877,-34.600584],[-55.452872,-34.600243],[-55.45317,-34.599857],[-55.453578,-34.599096],[-55.453939,-34.59874],[-55.454278,-34.598558],[-55.455112,-34.59834],[-55.456407,-34.598444],[-55.457107,-34.599005],[-55.457349,-34.599014],[-55.457715,-34.599177],[-55.457907,-34.599727],[-55.458276,-34.599861],[-55.458679,-34.600396],[-55.45945,-34.600984],[-55.459991,-34.601199],[-55.460161,-34.601548],[-55.46049,-34.601734],[-55.460759,-34.602221],[-55.460792,-34.602495],[-55.460519,-34.602976],[-55.460518,-34.603381],[-55.460351,-34.604028],[-55.460271,-34.605261],[-55.460126,-34.605758],[-55.460365,-34.60691],[-55.460512,-34.607234],[-55.460663,-34.60753],[-55.461391,-34.608376],[-55.461849,-34.608701],[-55.462793,-34.609166],[-55.463629,-34.609813],[-55.464155,-34.610098],[-55.46484,-34.610032],[-55.465077,-34.609916],[-55.46527,-34.609567],[-55.466251,-34.609783],[-55.466482,-34.609756],[-55.466626,-34.610026],[-55.466968,-34.610114],[-55.467364,-34.610445],[-55.467705,-34.610424],[-55.468315,-34.610746],[-55.468453,-34.611215],[-55.468346,-34.611525],[-55.468084,-34.611808],[-55.468076,-34.611917],[-55.468941,-34.612144],[-55.469887,-34.612258],[-55.470359,-34.61224],[-55.470978,-34.612068],[-55.471321,-34.611877],[-55.471195,-34.611688],[-55.470923,-34.610492],[-55.471808,-34.61023],[-55.472228,-34.609969],[-55.471357,-34.609382],[-55.471518,-34.609225]]]]}},{"type":"Feature","properties":{"nombre":"Nuevo Berlin","departamento":"Río Negro"},"geometry":{"type":"MultiPolygon","coordinates":[[[[-58.060185,-32.985356],[-58.06032,-32.985262],[-58.061324,-32.986141],[-58.061613,-32.986218],[-58.062686,-32.984512],[-58.063251,-32.983873],[-58.063797,-32.984398],[-58.063839,-32.984096],[-58.064166,-32.98367],[-58.064359,-32.983539],[-58.064349,-32.983349],[-58.065178,-32.983272],[-58.065291,-32.983146],[-58.065451,-32.98317],[-58.065753,-32.982971],[-58.065988,-32.982708],[-58.0659,-32.98219],[-58.065698,-32.98184],[-58.065327,-32.98164],[-58.065023,-32.981329],[-58.064517,-32.981078],[-58.064217,-32.980617],[-58.064235,-32.98049],[-58.064045,-32.980398],[-58.064011,-32.980244],[-58.063875,-32.980124],[-58.063849,-32.979911],[-58.063541,-32.979665],[-58.062632,-32.979258],[-58.062373,-32.978951],[-58.061823,-32.978772],[-58.061051,-32.978273],[-58.060635,-32.977696],[-58.059312,-32.976304],[-58.059075,-32.975899],[-58.058782,-32.975689],[-58.058594,-32.975403],[-58.057648,-32.974953],[-58.057518,-32.974797],[-58.05753,-32.974547],[-58.057449,-32.974424],[-58.057086,-32.974398],[-58.056983,-32.973702],[-58.056648,-32.973273],[-58.056631,-32.973001],[-58.056409,-32.972546],[-58.056157,-32.972275],[-58.056208,-32.972081],[-58.055382,-32.97182],[-58.055189,-32.971584],[-58.054403,-32.971226],[-58.054221,-32.970775],[-58.053854,-32.970423],[-58.053918,-32.970108],[-58.05385,-32.969995],[-58.053516,-32.969916],[-58.053319,-32.970042],[-58.0531,-32.970026],[-58.053059,-32.969605],[-58.053116,-32.969475],[-58.05334,-32.969455],[-58.053302,-32.969191],[-58.053107,-32.969077],[-58.053073,-32.968933],[-58.053142,-32.968794],[-58.05299,-32.968466],[-58.05253,-32.968337],[-58.052422,-32.968226],[-58.052531,-32.967722],[-58.052652,-32.967559],[-58.050007,-32.969383],[-58.049989,-32.969626],[-58.046056,-32.972851],[-58.045476,-32.973282],[-58.045105,-32.97339],[-58.045436,-32.973679],[-58.042938,-32.975514],[-58.040588,-32.97737],[-58.040643,-32.977531],[-58.046802,-32.982869],[-58.046463,-32.983132],[-58.046819,-32.98318],[-58.047133,-32.983386],[-58.051476,-32.987206],[-58.05192,-32.987492],[-58.052457,-32.987541],[-58.052935,-32.98733],[-58.055585,-32.985165],[-58.057908,-32.987186],[-58.05875,-32.986556],[-58.058733,-32.986419],[-58.058987,-32.986337],[-58.060185,-32.985356]]]]}},{"type":"Feature","properties":{"nombre":"Grecco","departamento":"Río Negro"},"geometry":{"type":"MultiPolygon","coordinates":[[[[-57.047757,-32.823342],[-57.047808,-32.823388],[-57.047899,-32.82327],[-57.048168,-32.823423],[-57.048331,-32.823747],[-57.048732,-32.823834],[-57.049003,-32.824023],[-57.049674,-32.824128],[-57.0456,-32.818372],[-57.046561,-32.818256],[-57.046184,-32.817673],[-57.055614,-32.816977],[-57.053854,-32.816493],[-57.053556,-32.816223],[-57.053429,-32.815813],[-57.053482,-32.815739],[-57.053542,-32.815773],[-57.053616,-32.815363],[-57.053546,-32.815303],[-57.053625,-32.815225],[-57.053588,-32.815025],[-57.05352,-32.815037],[-57.053555,-32.814854],[-57.053484,-32.814884],[-57.053513,-32.814756],[-57.053262,-32.813742],[-57.053596,-32.813049],[-57.054234,-32.812154],[-57.05446,-32.81168],[-57.05452,-32.811131],[-57.054329,-32.810954],[-57.053938,-32.810914],[-57.053647,-32.810755],[-57.051059,-32.811288],[-57.046054,-32.812542],[-57.033733,-32.815433],[-57.037551,-32.820659],[-57.037703,-32.821113],[-57.038041,-32.821068],[-57.043569,-32.818344],[-57.046446,-32.822354],[-57.047086,-32.82206],[-57.047302,-32.822656],[-57.047415,-32.822723],[-57.047433,-32.822998],[-57.047757,-32.823342]]]]}},{"type":"Feature","properties":{"nombre":"Termas de Guaviyu","departamento":"Paysandú"},"geometry":{"type":"MultiPolygon","coordinates":[[[[-57.88947,-31.844858],[-57.889792,-31.844969],[-57.889903,-31.845167],[-57.889891,-31.845303],[-57.889606,-31.845748],[-57.889606,-31.845909],[-57.889742,-31.84607],[-57.890101,-31.846146],[-57.890472,-31.846107],[-57.891128,-31.845934],[-57.892068,-31.845451],[-57.892402,-31.845464],[-57.893008,-31.845686],[-57.893694,-31.846541],[-57.894,-31.846618],[-57.893094,-31.831679],[-57.889608,-31.833658],[-57.888026,-31.832821],[-57.887538,-31.832751],[-57.888436,-31.835239],[-57.888474,-31.83612],[-57.888266,-31.837087],[-57.887998,-31.837659],[-57.887474,-31.838464],[-57.884904,-31.839026],[-57.883646,-31.841982],[-57.88457,-31.842365],[-57.884901,-31.842865],[-57.88561,-31.843373],[-57.885969,-31.843868],[-57.887119,-31.843954],[-57.887651,-31.844276],[-57.888287,-31.844467],[-57.888551,-31.844465],[-57.88947,-31.844858]]]]}},{"type":"Feature","properties":{"nombre":"Quebracho","departamento":"Paysandú"},"geometry":{"type":"MultiPolygon","coordinates":[[[[-57.908198,-31.941238],[-57.911538,-31.937547],[-57.908052,-31.935509],[-57.908179,-31.935503],[-57.906981,-31.934803],[-57.908251,-31.933214],[-57.904949,-31.931338],[-57.907689,-31.927953],[-57.907002,-31.926182],[-57.906839,-31.926007],[-57.906169,-31.925759],[-57.901573,-31.931358],[-57.901195,-31.931471],[-57.900667,-31.931426],[-57.900128,-31.931488],[-57.895875,-31.932261],[-57.89515,-31.930482],[-57.89517,-31.930251],[-57.894919,-31.929612],[-57.894726,-31.929543],[-57.894637,-31.929231],[-57.894503,-31.929157],[-57.889195,-31.92842],[-57.889197,-31.928481],[-57.888388,-31.928498],[-57.88837,-31.928751],[-57.888054,-31.928854],[-57.886176,-31.92904],[-57.886013,-31.928977],[-57.88414,-31.929098],[-57.883963,-31.931163],[-57.892802,-31.932379],[-57.896325,-31.933663],[-57.896426,-31.936128],[-57.89793,-31.936248],[-57.897649,-31.937076],[-57.897753,-31.937188],[-57.897685,-31.937415],[-57.897979,-31.9375],[-57.89747,-31.938948],[-57.900406,-31.938704],[-57.900504,-31.939887],[-57.900647,-31.940241],[-57.906285,-31.943405],[-57.908198,-31.941238]]]]}},{"type":"Feature","properties":{"nombre":"Laguna de los Patos","departamento":"Colonia"},"geometry":{"type":"MultiPolygon","coordinates":[[[[-57.792298,-34.448198],[-57.786933,-34.446562],[-57.786413,-34.450289],[-57.788362,-34.450484],[-57.788423,-34.450004],[-57.791056,-34.450773],[-57.792514,-34.451315],[-57.792978,-34.448396],[-57.792298,-34.448198]]]]}},{"type":"Feature","properties":{"nombre":"La Horqueta","departamento":"Colonia"},"geometry":{"type":"MultiPolygon","coordinates":[[[[-57.883223,-34.238586],[-57.884551,-34.238862],[-57.884828,-34.237543],[-57.880627,-34.236884],[-57.880405,-34.236776],[-57.88008,-34.23806],[-57.883223,-34.238586]]]]}},{"type":"Feature","properties":{"nombre":"Achar","departamento":"Tacuarembó"},"geometry":{"type":"MultiPolygon","coordinates":[[[[-56.186297,-32.409853],[-56.186733,-32.409834],[-56.186593,-32.406051],[-56.187458,-32.406015],[-56.187432,-32.405422],[-56.187693,-32.405346],[-56.187639,-32.404305],[-56.184016,-32.404472],[-56.183978,-32.403709],[-56.181925,-32.403761],[-56.184554,-32.396119],[-56.184238,-32.396113],[-56.177243,-32.397375],[-56.177134,-32.397441],[-56.177113,-32.397698],[-56.173382,-32.397583],[-56.173675,-32.398385],[-56.178567,-32.40781],[-56.178706,-32.407833],[-56.179994,-32.407473],[-56.181465,-32.41017],[-56.181942,-32.409994],[-56.182821,-32.409854],[-56.186214,-32.409773],[-56.186297,-32.409853]]]]}},{"type":"Feature","properties":{"nombre":"Gonzalez","departamento":"San José"},"geometry":{"type":"MultiPolygon","coordinates":[[[[-56.878697,-34.231742],[-56.877581,-34.231901],[-56.877342,-34.23074],[-56.880171,-34.230254],[-56.885211,-34.229539],[-56.884757,-34.228117],[-56.878207,-34.228243],[-56.88019,-34.226509],[-56.877534,-34.22556],[-56.875763,-34.228146],[-56.872831,-34.226805],[-56.87172,-34.228419],[-56.872787,-34.228947],[-56.872294,-34.229713],[-56.872655,-34.229965],[-56.872276,-34.230555],[-56.873156,-34.230972],[-56.872774,-34.231536],[-56.873253,-34.23182],[-56.8722,-34.232982],[-56.872335,-34.233096],[-56.87236,-34.233266],[-56.872268,-34.233498],[-56.872368,-34.233607],[-56.871993,-34.233974],[-56.871233,-34.235217],[-56.878026,-34.236967],[-56.878646,-34.237061],[-56.878606,-34.236566],[-56.877775,-34.232814],[-56.878903,-34.23269],[-56.878697,-34.231742]]]]}},{"type":"Feature","properties":{"nombre":"Villa Porvenir","departamento":"Canelones"},"geometry":{"type":"MultiPolygon","coordinates":[[[[-56.090924,-34.731137],[-56.091322,-34.73095],[-56.091502,-34.730761],[-56.091934,-34.730796],[-56.091975,-34.729006],[-56.091706,-34.72873],[-56.091597,-34.727748],[-56.091372,-34.726925],[-56.091121,-34.726315],[-56.090468,-34.725141],[-56.087916,-34.72373],[-56.087695,-34.72367],[-56.087446,-34.723729],[-56.087043,-34.723372],[-56.085381,-34.722436],[-56.084472,-34.723704],[-56.083928,-34.723401],[-56.081691,-34.725291],[-56.085306,-34.727422],[-56.087092,-34.728585],[-56.088157,-34.729589],[-56.08978,-34.731716],[-56.090924,-34.731137]]]]}},{"type":"Feature","properties":{"nombre":"Rincon del Bonete","departamento":"Tacuarembó"},"geometry":{"type":"MultiPolygon","coordinates":[[[[-56.427419,-32.837719],[-56.429747,-32.838333],[-56.429698,-32.836948],[-56.431325,-32.837099],[-56.432642,-32.834833],[-56.431789,-32.834501],[-56.431752,-32.833966],[-56.428793,-32.834038],[-56.429163,-32.832689],[-56.430129,-32.829997],[-56.430228,-32.829542],[-56.430253,-32.829309],[-56.429737,-32.827116],[-56.429731,-32.826656],[-56.429319,-32.827545],[-56.42898,-32.828006],[-56.427813,-32.829045],[-56.427619,-32.829327],[-56.427522,-32.829948],[-56.427669,-32.830927],[-56.427485,-32.831398],[-56.427098,-32.831792],[-56.426807,-32.83194],[-56.426153,-32.832065],[-56.424884,-32.831939],[-56.42342,-32.832122],[-56.42175,-32.831297],[-56.421319,-32.831966],[-56.4214,-32.832019],[-56.421514,-32.831858],[-56.422387,-32.832339],[-56.42199,-32.832851],[-56.421531,-32.833817],[-56.421686,-32.834288],[-56.42194,-32.83455],[-56.422541,-32.834921],[-56.423241,-32.834966],[-56.423826,-32.834874],[-56.42458,-32.835044],[-56.425613,-32.838845],[-56.426723,-32.838292],[-56.427417,-32.837636],[-56.427419,-32.837719]]]]}},{"type":"Feature","properties":{"nombre":"Aguas Buenas","departamento":"Durazno"},"geometry":{"type":"MultiPolygon","coordinates":[[[[-55.855468,-32.887483],[-55.854698,-32.88848],[-55.853388,-32.88979],[-55.853244,-32.890196],[-55.853316,-32.890467],[-55.853257,-32.890486],[-55.853426,-32.890977],[-55.853274,-32.89101],[-55.853398,-32.891329],[-55.854281,-32.891135],[-55.854256,-32.891038],[-55.854855,-32.890892],[-55.85461,-32.89021],[-55.85479,-32.890193],[-55.854966,-32.890306],[-55.855332,-32.890207],[-55.855585,-32.890027],[-55.855518,-32.889881],[-55.85559,-32.889582],[-55.856056,-32.889091],[-55.85607,-32.888783],[-55.856276,-32.888379],[-55.857769,-32.890901],[-55.858166,-32.891753],[-55.859234,-32.891407],[-55.859515,-32.892123],[-55.861141,-32.891734],[-55.859397,-32.888457],[-55.857851,-32.88586],[-55.858242,-32.885776],[-55.858012,-32.885165],[-55.857276,-32.884889],[-55.856456,-32.883523],[-55.857772,-32.882825],[-55.858801,-32.882029],[-55.858748,-32.881711],[-55.858029,-32.881835],[-55.857513,-32.880061],[-55.856414,-32.881355],[-55.855311,-32.881363],[-55.855277,-32.881242],[-55.854025,-32.881515],[-55.854051,-32.881638],[-55.853948,-32.881655],[-55.854013,-32.881866],[-55.853191,-32.882048],[-55.853235,-32.8822],[-55.852907,-32.882296],[-55.853054,-32.882873],[-55.854869,-32.882382],[-55.855055,-32.883299],[-55.855592,-32.884041],[-55.854044,-32.884478],[-55.853743,-32.884667],[-55.852179,-32.884971],[-55.852648,-32.886219],[-55.853601,-32.885973],[-55.853739,-32.88639],[-55.854671,-32.885591],[-55.854819,-32.885817],[-55.854537,-32.886139],[-55.854752,-32.886677],[-55.855189,-32.886543],[-55.855538,-32.887445],[-55.855468,-32.887483]]]]}},{"type":"Feature","properties":{"nombre":"Paso de los Novillos","departamento":"Tacuarembó"},"geometry":{"type":"MultiPolygon","coordinates":[[[[-55.66779,-31.975347],[-55.671961,-31.974528],[-55.671558,-31.971549],[-55.668913,-31.972631],[-55.668495,-31.971218],[-55.669505,-31.970828],[-55.669298,-31.970269],[-55.66608,-31.971247],[-55.667727,-31.975346],[-55.66779,-31.975347]]]]}},{"type":"Feature","properties":{"nombre":"Fasano las Piedras - Puerto Quetzal","departamento":"Maldonado"},"geometry":{"type":"MultiPolygon","coordinates":[[[[-54.915946,-34.8773],[-54.916107,-34.877009],[-54.916518,-34.875254],[-54.916804,-34.872417],[-54.917944,-34.867306],[-54.91907,-34.864662],[-54.921505,-34.859844],[-54.922814,-34.85555],[-54.890057,-34.842959],[-54.889531,-34.851872],[-54.905215,-34.86025],[-54.90166,-34.87034],[-54.915828,-34.877446],[-54.915946,-34.8773]]],[[[-54.87594,-34.847045],[-54.875515,-34.847766],[-54.873229,-34.855841],[-54.873092,-34.856094],[-54.870453,-34.858589],[-54.870972,-34.858829],[-54.872202,-34.859041],[-54.872739,-34.859239],[-54.87298,-34.859623],[-54.873192,-34.859763],[-54.873724,-34.859524],[-54.874931,-34.860334],[-54.877102,-34.86062],[-54.877493,-34.860762],[-54.877825,-34.861209],[-54.878331,-34.861575],[-54.87853,-34.861677],[-54.878965,-34.861597],[-54.879698,-34.862281],[-54.880263,-34.862539],[-54.880418,-34.862756],[-54.880563,-34.863368],[-54.881375,-34.864808],[-54.881761,-34.865095],[-54.881865,-34.865328],[-54.882363,-34.865677],[-54.882504,-34.864718],[-54.883408,-34.848513],[-54.878002,-34.849],[-54.877858,-34.846902],[-54.87594,-34.847045]]]]}},{"type":"Feature","properties":{"nombre":"Soto Goro","departamento":"Cerro Largo"},"geometry":{"type":"MultiPolygon","coordinates":[[[[-54.106173,-31.988612],[-54.107507,-31.985416],[-54.104492,-31.985098],[-54.10366,-31.991553],[-54.103946,-31.991554],[-54.103561,-31.99265],[-54.103218,-31.995627],[-54.103309,-31.995627],[-54.106173,-31.988612]]]]}},{"type":"Feature","properties":{"nombre":"Nando","departamento":"Cerro Largo"},"geometry":{"type":"MultiPolygon","coordinates":[[[[-54.084285,-32.175486],[-54.084652,-32.175548],[-54.085188,-32.175874],[-54.085345,-32.176041],[-54.085376,-32.176296],[-54.086398,-32.173794],[-54.084797,-32.173088],[-54.084436,-32.172424],[-54.08299,-32.171973],[-54.082804,-32.173334],[-54.08348,-32.173505],[-54.083227,-32.175023],[-54.083681,-32.175501],[-54.084285,-32.175486]]]]}},{"type":"Feature","properties":{"nombre":"Chihuahua","departamento":"Maldonado"},"geometry":{"type":"MultiPolygon","coordinates":[[[[-55.090481,-34.877981],[-55.094619,-34.876575],[-55.09698,-34.87659],[-55.09807,-34.876695],[-55.102358,-34.876454],[-55.103586,-34.87648],[-55.105323,-34.877223],[-55.105782,-34.877319],[-55.107142,-34.87725],[-55.108522,-34.876562],[-55.109121,-34.876103],[-55.109552,-34.875652],[-55.109748,-34.875283],[-55.10987,-34.874869],[-55.109833,-34.874473],[-55.109551,-34.874038],[-55.108973,-34.873696],[-55.108211,-34.873535],[-55.107697,-34.87349],[-55.107089,-34.873577],[-55.105408,-34.873953],[-55.104794,-34.873899],[-55.10448,-34.873782],[-55.103828,-34.872022],[-55.103472,-34.871723],[-55.102798,-34.871446],[-55.102141,-34.871305],[-55.101462,-34.871308],[-55.100514,-34.87176],[-55.098554,-34.872143],[-55.097222,-34.872127],[-55.096538,-34.872034],[-55.096089,-34.871851],[-55.095212,-34.870627],[-55.094986,-34.870421],[-55.092899,-34.869904],[-55.092138,-34.870674],[-55.091675,-34.870788],[-55.090678,-34.870814],[-55.089824,-34.870734],[-55.089426,-34.870589],[-55.087434,-34.869276],[-55.087061,-34.869154],[-55.085879,-34.869008],[-55.084863,-34.868646],[-55.083995,-34.868655],[-55.082826,-34.868786],[-55.082651,-34.86891],[-55.082173,-34.869657],[-55.081549,-34.87003],[-55.081055,-34.870039],[-55.080258,-34.869793],[-55.078715,-34.871544],[-55.078818,-34.871572],[-55.077995,-34.872279],[-55.078691,-34.873438],[-55.0788,-34.873507],[-55.079387,-34.873444],[-55.081604,-34.87347],[-55.080874,-34.874233],[-55.080883,-34.878002],[-55.082726,-34.877901],[-55.083672,-34.877944],[-55.084586,-34.877808],[-55.085368,-34.877814],[-55.085973,-34.877938],[-55.08671,-34.877963],[-55.087313,-34.877837],[-55.088833,-34.877789],[-55.090481,-34.877981]]]]}},{"type":"Feature","properties":{"nombre":"Paso Bonilla","departamento":"Tacuarembó"},"geometry":{"type":"MultiPolygon","coordinates":[[[[-55.978476,-31.810255],[-55.978745,-31.806753],[-55.978748,-31.806628],[-55.978603,-31.806455],[-55.978834,-31.805992],[-55.978781,-31.805799],[-55.978314,-31.80553],[-55.97827,-31.805427],[-55.979088,-31.804878],[-55.978891,-31.8047],[-55.978659,-31.804625],[-55.97792,-31.804775],[-55.97826,-31.803313],[-55.976944,-31.80292],[-55.977514,-31.800807],[-55.97731,-31.800757],[-55.976538,-31.803708],[-55.975837,-31.807976],[-55.975447,-31.811491],[-55.975665,-31.811505],[-55.975621,-31.81185],[-55.978408,-31.81204],[-55.978476,-31.810255]]]]}},{"type":"Feature","properties":{"nombre":"Villa Felicidad","departamento":"Canelones"},"geometry":{"type":"MultiPolygon","coordinates":[[[[-56.240964,-34.643883],[-56.243157,-34.644952],[-56.242429,-34.646096],[-56.242599,-34.646182],[-56.245323,-34.641818],[-56.245839,-34.641121],[-56.245722,-34.641032],[-56.245144,-34.641788],[-56.238502,-34.639274],[-56.237004,-34.639007],[-56.235529,-34.64111],[-56.240964,-34.643883]]]]}},{"type":"Feature","properties":{"nombre":"Chamberlain","departamento":"Tacuarembó"},"geometry":{"type":"MultiPolygon","coordinates":[[[[-56.477125,-32.689829],[-56.47826,-32.692338],[-56.478481,-32.693082],[-56.478676,-32.693262],[-56.478999,-32.693275],[-56.479091,-32.693158],[-56.478453,-32.691222],[-56.478287,-32.690216],[-56.478249,-32.689187],[-56.478395,-32.687922],[-56.478623,-32.687067],[-56.478962,-32.686199],[-56.481685,-32.680625],[-56.481636,-32.680595],[-56.481143,-32.681189],[-56.479731,-32.682608],[-56.479412,-32.683132],[-56.479023,-32.68402],[-56.478773,-32.684134],[-56.478543,-32.684606],[-56.476621,-32.685762],[-56.476123,-32.685241],[-56.475563,-32.685627],[-56.47634,-32.686116],[-56.475899,-32.686681],[-56.475437,-32.68674],[-56.475535,-32.687038],[-56.475956,-32.686976],[-56.477125,-32.689829]]]]}},{"type":"Feature","properties":{"nombre":"Cruz de los Caminos","departamento":"Canelones"},"geometry":{"type":"MultiPolygon","coordinates":[[[[-55.970073,-34.63736],[-55.96785,-34.637011],[-55.968074,-34.636365],[-55.966941,-34.635998],[-55.967999,-34.634394],[-55.96618,-34.634122],[-55.966856,-34.630937],[-55.964066,-34.630528],[-55.964161,-34.630124],[-55.952123,-34.628301],[-55.954395,-34.631678],[-55.956536,-34.633049],[-55.958464,-34.634114],[-55.958146,-34.635623],[-55.961789,-34.636202],[-55.961891,-34.636182],[-55.962684,-34.634797],[-55.968092,-34.639397],[-55.970073,-34.63736]]]]}},{"type":"Feature","properties":{"nombre":"Juan Lacaze","departamento":"Colonia"},"geometry":{"type":"MultiPolygon","coordinates":[[[[-57.461018,-34.418091],[-57.461001,-34.417843],[-57.45951,-34.41784],[-57.45948,-34.413345],[-57.452926,-34.413302],[-57.452912,-34.411743],[-57.450752,-34.411712],[-57.450707,-34.404161],[-57.445701,-34.404169],[-57.445683,-34.413204],[-57.443921,-34.413204],[-57.443942,-34.416814],[-57.444031,-34.416832],[-57.444005,-34.422491],[-57.436631,-34.422437],[-57.436381,-34.422493],[-57.436078,-34.422678],[-57.434444,-34.425578],[-57.432852,-34.423561],[-57.432507,-34.423192],[-57.431978,-34.422831],[-57.431186,-34.422535],[-57.430835,-34.422482],[-57.42866,-34.422455],[-57.428677,-34.423439],[-57.430062,-34.43023],[-57.430036,-34.431866],[-57.430146,-34.435343],[-57.430129,-34.438761],[-57.430056,-34.438889],[-57.430412,-34.439139],[-57.43099,-34.440152],[-57.431065,-34.43987],[-57.43131,-34.439665],[-57.431783,-34.439565],[-57.432341,-34.439561],[-57.433208,-34.439724],[-57.434114,-34.440015],[-57.435576,-34.440284],[-57.436018,-34.440593],[-57.437569,-34.440698],[-57.439266,-34.441118],[-57.44022,-34.441535],[-57.440377,-34.442394],[-57.440605,-34.442545],[-57.441505,-34.442565],[-57.442381,-34.442447],[-57.443773,-34.442125],[-57.44365,-34.441639],[-57.445671,-34.441409],[-57.445018,-34.440554],[-57.445082,-34.440516],[-57.44502,-34.440432],[-57.443949,-34.441022],[-57.442766,-34.439562],[-57.443201,-34.438528],[-57.443121,-34.438496],[-57.443213,-34.438292],[-57.443037,-34.438237],[-57.443155,-34.437907],[-57.443645,-34.43801],[-57.444716,-34.439038],[-57.444796,-34.438958],[-57.443799,-34.437889],[-57.443811,-34.43757],[-57.443967,-34.437137],[-57.444262,-34.436871],[-57.444326,-34.436678],[-57.444135,-34.43642],[-57.444176,-34.436116],[-57.444092,-34.435952],[-57.443996,-34.435943],[-57.444007,-34.435617],[-57.443752,-34.435154],[-57.445549,-34.432677],[-57.445929,-34.432431],[-57.446174,-34.432442],[-57.446638,-34.432703],[-57.447051,-34.432667],[-57.447412,-34.432408],[-57.447908,-34.43223],[-57.44829,-34.431857],[-57.448545,-34.431763],[-57.44863,-34.431487],[-57.448772,-34.431383],[-57.450885,-34.430763],[-57.45093,-34.430401],[-57.451021,-34.430354],[-57.451319,-34.430414],[-57.451463,-34.430567],[-57.45231,-34.430793],[-57.452665,-34.430983],[-57.452992,-34.430825],[-57.452725,-34.430182],[-57.452294,-34.429771],[-57.45237,-34.429519],[-57.452845,-34.429239],[-57.452794,-34.428737],[-57.45266,-34.428544],[-57.45303,-34.427906],[-57.45305,-34.427598],[-57.451278,-34.427094],[-57.449715,-34.426994],[-57.448668,-34.426739],[-57.448782,-34.426171],[-57.454205,-34.426184],[-57.454221,-34.422515],[-57.456067,-34.422491],[-57.456068,-34.423295],[-57.457668,-34.423316],[-57.457686,-34.422491],[-57.460984,-34.422497],[-57.461018,-34.418091]]]]}},{"type":"Feature","properties":{"nombre":"Topador","departamento":"Artigas"},"geometry":{"type":"MultiPolygon","coordinates":[[[[-56.826025,-30.299415],[-56.826058,-30.298832],[-56.824986,-30.298469],[-56.824966,-30.298157],[-56.824308,-30.298114],[-56.824311,-30.298006],[-56.823504,-30.297902],[-56.823459,-30.29815],[-56.822627,-30.298102],[-56.822739,-30.297436],[-56.823595,-30.297185],[-56.823722,-30.296906],[-56.82015,-30.296926],[-56.819723,-30.296111],[-56.818589,-30.296134],[-56.818998,-30.296886],[-56.818975,-30.297254],[-56.817772,-30.298223],[-56.818573,-30.298265],[-56.819035,-30.299378],[-56.82182,-30.301392],[-56.822596,-30.300714],[-56.821626,-30.300433],[-56.8231,-30.299948],[-56.823104,-30.29966],[-56.82358,-30.299631],[-56.823601,-30.299336],[-56.82515,-30.299339],[-56.825159,-30.299235],[-56.826025,-30.299415]]]]}},{"type":"Feature","properties":{"nombre":"Rincon de Pereira","departamento":"Tacuarembó"},"geometry":{"type":"MultiPolygon","coordinates":[[[[-55.294265,-32.397457],[-55.293946,-32.396818],[-55.29383,-32.396873],[-55.293421,-32.39601],[-55.293704,-32.395125],[-55.293557,-32.394788],[-55.29164,-32.395414],[-55.293052,-32.397815],[-55.294265,-32.397457]]]]}},{"type":"Feature","properties":{"nombre":"Ciudad del Carmen","departamento":"Durazno"},"geometry":{"type":"MultiPolygon","coordinates":[[[[-56.013674,-33.24979],[-56.013773,-33.249837],[-56.013593,-33.248065],[-56.013471,-33.247628],[-56.016772,-33.247413],[-56.017002,-33.247088],[-56.017397,-33.247308],[-56.018209,-33.246184],[-56.018496,-33.246331],[-56.019062,-33.24544],[-56.018386,-33.245114],[-56.0182,-33.245383],[-56.014843,-33.243635],[-56.018896,-33.238126],[-56.015308,-33.236293],[-56.012954,-33.234973],[-56.007025,-33.231941],[-56.007687,-33.230968],[-56.006673,-33.230436],[-56.006043,-33.231416],[-56.005654,-33.231086],[-56.004479,-33.230613],[-56.00456,-33.230335],[-56.004426,-33.230193],[-56.004385,-33.229845],[-56.004452,-33.229728],[-56.004281,-33.229636],[-56.004141,-33.229736],[-56.004116,-33.230167],[-56.003762,-33.230473],[-56.003751,-33.230792],[-56.003521,-33.23109],[-56.002849,-33.230954],[-56.001966,-33.231449],[-56.000863,-33.231851],[-55.999001,-33.229065],[-55.99889,-33.229014],[-55.996989,-33.226286],[-55.998003,-33.225758],[-55.998067,-33.225849],[-55.999308,-33.225241],[-55.998075,-33.223483],[-55.997297,-33.224828],[-55.995996,-33.22676],[-55.996015,-33.226888],[-55.996604,-33.227729],[-55.996361,-33.227842],[-55.995399,-33.226492],[-55.994384,-33.228781],[-55.994477,-33.228795],[-55.989837,-33.231068],[-55.991191,-33.233006],[-55.989933,-33.237509],[-56.001047,-33.240469],[-56.002279,-33.240928],[-56.008477,-33.244182],[-56.009252,-33.244847],[-56.012773,-33.246414],[-56.010924,-33.248938],[-56.012906,-33.249883],[-56.013165,-33.249847],[-56.013444,-33.249592],[-56.013674,-33.24979]]]]}},{"type":"Feature","properties":{"nombre":"San Gregorio","departamento":"San José"},"geometry":{"type":"MultiPolygon","coordinates":[[[[-56.751138,-33.940472],[-56.75287,-33.940928],[-56.752977,-33.938319],[-56.753931,-33.935703],[-56.754186,-33.933721],[-56.753155,-33.933228],[-56.751138,-33.940472]]]]}},{"type":"Feature","properties":{"nombre":"Carreta Quemada","departamento":"San José"},"geometry":{"type":"MultiPolygon","coordinates":[[[[-56.552515,-34.173258],[-56.554615,-34.17248],[-56.554377,-34.170793],[-56.550258,-34.173102],[-56.55184,-34.1735],[-56.552515,-34.173258]]]]}},{"type":"Feature","properties":{"nombre":"Gregorio Aznarez","departamento":"Maldonado"},"geometry":{"type":"MultiPolygon","coordinates":[[[[-55.406035,-34.750719],[-55.406775,-34.751493],[-55.407024,-34.751586],[-55.407823,-34.751135],[-55.408305,-34.751157],[-55.410695,-34.749743],[-55.40746,-34.74695],[-55.407565,-34.746893],[-55.407671,-34.746656],[-55.407516,-34.745904],[-55.406993,-34.74613],[-55.406171,-34.745055],[-55.405855,-34.7453],[-55.405128,-34.745448],[-55.40408,-34.746076],[-55.402684,-34.744803],[-55.402096,-34.741115],[-55.401961,-34.740876],[-55.395684,-34.745341],[-55.394993,-34.745932],[-55.391608,-34.749235],[-55.393657,-34.751211],[-55.396092,-34.749445],[-55.398453,-34.751731],[-55.398703,-34.751845],[-55.403672,-34.748038],[-55.404477,-34.748641],[-55.404589,-34.748922],[-55.403564,-34.749661],[-55.403967,-34.74998],[-55.404932,-34.751277],[-55.405978,-34.750618],[-55.406035,-34.750719]]]]}},{"type":"Feature","properties":{"nombre":"Valentines","departamento":"Florida"},"geometry":{"type":"MultiPolygon","coordinates":[[[[-55.105838,-33.260616],[-55.108115,-33.25616],[-55.107374,-33.256527],[-55.105791,-33.258114],[-55.101787,-33.262243],[-55.101423,-33.262852],[-55.101081,-33.263249],[-55.101736,-33.263573],[-55.102324,-33.263982],[-55.102768,-33.264623],[-55.102899,-33.265135],[-55.102875,-33.265669],[-55.102333,-33.266762],[-55.103157,-33.267065],[-55.104275,-33.264914],[-55.103696,-33.264652],[-55.105838,-33.260616]]]]}},{"type":"Feature","properties":{"nombre":"Mendizabal (El Oro)","departamento":"Treinta y Tres"},"geometry":{"type":"MultiPolygon","coordinates":[[[[-54.155671,-33.055722],[-54.155841,-33.056015],[-54.156408,-33.056208],[-54.156352,-33.056326],[-54.156783,-33.056536],[-54.157168,-33.056635],[-54.158566,-33.056888],[-54.159018,-33.05675],[-54.159156,-33.056578],[-54.159527,-33.056544],[-54.159141,-33.051071],[-54.158537,-33.050168],[-54.158154,-33.050132],[-54.157871,-33.049665],[-54.157503,-33.04983],[-54.157089,-33.050214],[-54.15651,-33.050337],[-54.156451,-33.050417],[-54.156253,-33.050276],[-54.15611,-33.049796],[-54.155781,-33.049356],[-54.154333,-33.049444],[-54.154762,-33.050063],[-54.153031,-33.050165],[-54.152463,-33.048771],[-54.151677,-33.048971],[-54.15195,-33.049557],[-54.151662,-33.049641],[-54.149625,-33.049788],[-54.150777,-33.052111],[-54.153192,-33.051998],[-54.153924,-33.053797],[-54.153893,-33.053978],[-54.153711,-33.053648],[-54.153465,-33.053613],[-54.153292,-33.053685],[-54.15311,-33.054057],[-54.153351,-33.054333],[-54.153729,-33.054417],[-54.153736,-33.054913],[-54.154149,-33.054853],[-54.154915,-33.055467],[-54.154858,-33.055655],[-54.154913,-33.055714],[-54.155442,-33.055989],[-54.155585,-33.055721],[-54.155563,-33.055592],[-54.155671,-33.055722]]]]}},{"type":"Feature","properties":{"nombre":"Laguna Estates","departamento":"Maldonado"},"geometry":{"type":"MultiPolygon","coordinates":[[[[-54.832249,-34.895178],[-54.832636,-34.894655],[-54.83251,-34.894435],[-54.832625,-34.894059],[-54.832834,-34.893808],[-54.832854,-34.893616],[-54.83274,-34.893379],[-54.832845,-34.893211],[-54.833399,-34.893075],[-54.833535,-34.893473],[-54.833738,-34.893693],[-54.833849,-34.893664],[-54.835032,-34.880958],[-54.832009,-34.882583],[-54.828604,-34.884647],[-54.824314,-34.885761],[-54.824086,-34.886389],[-54.819214,-34.896302],[-54.83143,-34.89671],[-54.831424,-34.89655],[-54.831602,-34.89631],[-54.831662,-34.895926],[-54.831856,-34.89601],[-54.831862,-34.895808],[-54.832142,-34.895448],[-54.832249,-34.895178]]]]}},{"type":"Feature","properties":{"nombre":"Andresito","departamento":"Flores"},"geometry":{"type":"MultiPolygon","coordinates":[[[[-57.131654,-33.171204],[-57.135152,-33.161138],[-57.125928,-33.169891],[-57.126206,-33.169916],[-57.126444,-33.169756],[-57.131654,-33.171204]]]]}},{"type":"Feature","properties":{"nombre":"La Horqueta","departamento":"Canelones"},"geometry":{"type":"MultiPolygon","coordinates":[[[[-56.030462,-34.807615],[-56.031944,-34.80732],[-56.03163,-34.803823],[-56.029502,-34.804145],[-56.030462,-34.807615]]]]}},{"type":"Feature","properties":{"nombre":"Gaetan","departamento":"Lavalleja"},"geometry":{"type":"MultiPolygon","coordinates":[[[[-55.479111,-34.128313],[-55.478345,-34.128492],[-55.478757,-34.129807],[-55.479791,-34.129571],[-55.479938,-34.130043],[-55.482823,-34.129615],[-55.482448,-34.127535],[-55.479079,-34.128],[-55.479199,-34.128287],[-55.479111,-34.128313]]]]}},{"type":"Feature","properties":{"nombre":"Vichadero","departamento":"Rivera"},"geometry":{"type":"MultiPolygon","coordinates":[[[[-54.697583,-31.784177],[-54.699889,-31.782579],[-54.699893,-31.782473],[-54.701157,-31.781767],[-54.700763,-31.781645],[-54.700644,-31.78145],[-54.700334,-31.781388],[-54.700009,-31.781114],[-54.699601,-31.781128],[-54.699359,-31.780978],[-54.699282,-31.78083],[-54.699236,-31.780735],[-54.699326,-31.780054],[-54.698823,-31.779521],[-54.698636,-31.778944],[-54.698352,-31.778682],[-54.698437,-31.778354],[-54.698632,-31.778099],[-54.698637,-31.777864],[-54.698834,-31.777727],[-54.69904,-31.777378],[-54.698943,-31.777268],[-54.698691,-31.777295],[-54.698613,-31.777185],[-54.698447,-31.776514],[-54.698521,-31.776197],[-54.6983,-31.775645],[-54.698208,-31.774855],[-54.697951,-31.774468],[-54.697509,-31.774257],[-54.697321,-31.774018],[-54.697205,-31.773626],[-54.696858,-31.773034],[-54.697006,-31.772915],[-54.696958,-31.772796],[-54.696479,-31.772564],[-54.696235,-31.772325],[-54.696218,-31.771835],[-54.69584,-31.771546],[-54.69586,-31.771472],[-54.695686,-31.771251],[-54.695333,-31.771085],[-54.695114,-31.770823],[-54.69505,-31.769641],[-54.694873,-31.769407],[-54.694972,-31.76921],[-54.69496,-31.768907],[-54.69453,-31.768386],[-54.694358,-31.768056],[-54.68442,-31.773724],[-54.682981,-31.773371],[-54.682957,-31.774324],[-54.683107,-31.775913],[-54.683046,-31.776328],[-54.68322,-31.776597],[-54.683431,-31.777224],[-54.683947,-31.777578],[-54.684045,-31.777926],[-54.68406,-31.778259],[-54.683388,-31.779353],[-54.683318,-31.779954],[-54.682875,-31.780763],[-54.683361,-31.781529],[-54.683693,-31.782674],[-54.684008,-31.782245],[-54.684732,-31.78193],[-54.684966,-31.781545],[-54.685404,-31.781419],[-54.686069,-31.780814],[-54.687252,-31.780627],[-54.687908,-31.780678],[-54.687985,-31.780576],[-54.688359,-31.780491],[-54.688436,-31.780363],[-54.688589,-31.780329],[-54.689424,-31.77969],[-54.68955,-31.779516],[-54.6899,-31.780471],[-54.690443,-31.782711],[-54.691106,-31.78309],[-54.691425,-31.786351],[-54.692461,-31.787198],[-54.69262,-31.786956],[-54.692997,-31.78712],[-54.69328,-31.786664],[-54.693785,-31.786305],[-54.694258,-31.786779],[-54.694482,-31.786522],[-54.696416,-31.785129],[-54.697583,-31.784177]]]]}},{"type":"Feature","properties":{"nombre":"San Gregorio de Polanco","departamento":"Tacuarembó"},"geometry":{"type":"MultiPolygon","coordinates":[[[[-55.840733,-32.619872],[-55.841746,-32.619192],[-55.84254,-32.618825],[-55.843698,-32.618002],[-55.845283,-32.617145],[-55.846612,-32.616282],[-55.84679,-32.616059],[-55.8471,-32.615901],[-55.847715,-32.615398],[-55.847935,-32.614921],[-55.848458,-32.614267],[-55.851434,-32.611748],[-55.851763,-32.611552],[-55.851553,-32.611339],[-55.850742,-32.611787],[-55.850298,-32.612205],[-55.849031,-32.613054],[-55.848364,-32.61369],[-55.848084,-32.613805],[-55.84513,-32.614261],[-55.843707,-32.614255],[-55.843323,-32.614391],[-55.842797,-32.614732],[-55.842395,-32.614707],[-55.842234,-32.614472],[-55.842271,-32.614212],[-55.843236,-32.613707],[-55.843125,-32.613432],[-55.842884,-32.613197],[-55.842859,-32.613011],[-55.843261,-32.612368],[-55.843267,-32.611996],[-55.843156,-32.61178],[-55.842487,-32.611074],[-55.842271,-32.610938],[-55.842067,-32.61048],[-55.841553,-32.610347],[-55.84175,-32.610193],[-55.841663,-32.610038],[-55.840716,-32.609524],[-55.839404,-32.606796],[-55.839203,-32.60668],[-55.839045,-32.60643],[-55.838965,-32.605923],[-55.838767,-32.605595],[-55.83887,-32.605504],[-55.839196,-32.60552],[-55.83996,-32.605084],[-55.840258,-32.604735],[-55.840372,-32.604697],[-55.840487,-32.604417],[-55.840803,-32.604155],[-55.840837,-32.603],[-55.841065,-32.602424],[-55.840903,-32.601689],[-55.841072,-32.600504],[-55.841056,-32.600017],[-55.840624,-32.599747],[-55.840167,-32.599729],[-55.839745,-32.599816],[-55.838841,-32.600298],[-55.838755,-32.601028],[-55.838,-32.601239],[-55.837208,-32.601251],[-55.837084,-32.601053],[-55.837084,-32.60083],[-55.836812,-32.600694],[-55.835392,-32.600827],[-55.834962,-32.600947],[-55.834532,-32.600863],[-55.834275,-32.60095],[-55.834384,-32.60076],[-55.834284,-32.600598],[-55.834275,-32.599895],[-55.833177,-32.599245],[-55.833195,-32.59887],[-55.8336,-32.598112],[-55.83374,-32.59763],[-55.833683,-32.597158],[-55.833504,-32.596781],[-55.83312,-32.596481],[-55.833037,-32.595825],[-55.833315,-32.595368],[-55.834057,-32.594686],[-55.834312,-32.594626],[-55.834725,-32.594896],[-55.834947,-32.594937],[-55.835397,-32.59581],[-55.835852,-32.596252],[-55.836757,-32.596703],[-55.837042,-32.59697],[-55.837042,-32.597475],[-55.837514,-32.59809],[-55.837945,-32.598462],[-55.838424,-32.598466],[-55.838664,-32.598422],[-55.839021,-32.598127],[-55.839397,-32.597351],[-55.839463,-32.597037],[-55.839403,-32.596899],[-55.839776,-32.59659],[-55.840851,-32.596373],[-55.842114,-32.59634],[-55.842654,-32.596237],[-55.843589,-32.595923],[-55.844008,-32.595653],[-55.844707,-32.595376],[-55.845053,-32.59498],[-55.845424,-32.594361],[-55.845635,-32.59342],[-55.84565,-32.593021],[-55.845388,-32.592436],[-55.844892,-32.591811],[-55.843781,-32.591686],[-55.843519,-32.591391],[-55.843531,-32.591069],[-55.844675,-32.590291],[-55.844868,-32.590116],[-55.845066,-32.58972],[-55.845103,-32.589472],[-55.844905,-32.589089],[-55.844162,-32.588817],[-55.843976,-32.588557],[-55.844174,-32.588062],[-55.844429,-32.587822],[-55.84535,-32.587542],[-55.846645,-32.585287],[-55.840708,-32.585787],[-55.826324,-32.58668],[-55.82682,-32.588449],[-55.829239,-32.595555],[-55.828345,-32.595716],[-55.820627,-32.596457],[-55.821171,-32.597519],[-55.820867,-32.597823],[-55.820498,-32.597879],[-55.820397,-32.597974],[-55.820105,-32.598421],[-55.820084,-32.598632],[-55.820163,-32.598688],[-55.820599,-32.598404],[-55.821687,-32.598515],[-55.822444,-32.598252],[-55.822908,-32.598701],[-55.823655,-32.598945],[-55.82403,-32.599413],[-55.824653,-32.599199],[-55.825344,-32.599218],[-55.825713,-32.599141],[-55.826165,-32.599199],[-55.826343,-32.599336],[-55.826193,-32.599525],[-55.825231,-32.599955],[-55.825012,-32.60031],[-55.824982,-32.600683],[-55.825259,-32.60097],[-55.826558,-32.601647],[-55.826662,-32.601826],[-55.826048,-32.601961],[-55.825285,-32.601865],[-55.82417,-32.602025],[-55.82424,-32.602147],[-55.824813,-32.602223],[-55.82496,-32.602631],[-55.825706,-32.603559],[-55.826188,-32.603949],[-55.826305,-32.60418],[-55.826213,-32.60441],[-55.825912,-32.604774],[-55.825999,-32.605125],[-55.825933,-32.605218],[-55.825946,-32.605072],[-55.825759,-32.604856],[-55.825188,-32.604424],[-55.82483,-32.603909],[-55.824597,-32.603763],[-55.82437,-32.60373],[-55.823998,-32.603896],[-55.823483,-32.603817],[-55.822573,-32.603441],[-55.822085,-32.603566],[-55.8217,-32.603814],[-55.821158,-32.603734],[-55.821105,-32.603638],[-55.821177,-32.603141],[-55.821034,-32.60285],[-55.820149,-32.602397],[-55.819679,-32.602045],[-55.818431,-32.601511],[-55.818118,-32.60181],[-55.817442,-32.602932],[-55.817078,-32.602505],[-55.816818,-32.602486],[-55.816538,-32.602658],[-55.815604,-32.603562],[-55.81474,-32.603897],[-55.814434,-32.604219],[-55.814391,-32.604397],[-55.814501,-32.604822],[-55.814897,-32.605476],[-55.814785,-32.605681],[-55.814165,-32.605868],[-55.813989,-32.606365],[-55.814276,-32.606636],[-55.816762,-32.60749],[-55.817047,-32.607668],[-55.817233,-32.607946],[-55.817654,-32.608293],[-55.817696,-32.608571],[-55.81714,-32.608559],[-55.81675,-32.608373],[-55.81607,-32.608237],[-55.815364,-32.608293],[-55.814882,-32.608534],[-55.814826,-32.609221],[-55.815166,-32.610267],[-55.815624,-32.611146],[-55.815658,-32.611489],[-55.815552,-32.611637],[-55.815296,-32.61161],[-55.814801,-32.611265],[-55.814052,-32.610514],[-55.813529,-32.610267],[-55.811991,-32.610541],[-55.811692,-32.610506],[-55.811605,-32.610347],[-55.811596,-32.609739],[-55.811513,-32.609711],[-55.811368,-32.61062],[-55.811166,-32.611224],[-55.811362,-32.611912],[-55.811498,-32.612814],[-55.811698,-32.612909],[-55.811365,-32.613821],[-55.811364,-32.614364],[-55.81127,-32.614602],[-55.811309,-32.614841],[-55.81121,-32.615035],[-55.811182,-32.615687],[-55.811289,-32.615771],[-55.811458,-32.616224],[-55.811804,-32.616712],[-55.812157,-32.617419],[-55.812303,-32.617533],[-55.812293,-32.617726],[-55.812483,-32.617716],[-55.812546,-32.617806],[-55.812639,-32.618243],[-55.813139,-32.619309],[-55.81336,-32.619652],[-55.813876,-32.62011],[-55.813938,-32.620242],[-55.813819,-32.620335],[-55.813849,-32.620421],[-55.814169,-32.620369],[-55.814736,-32.620619],[-55.814937,-32.620919],[-55.81523,-32.621143],[-55.815882,-32.621442],[-55.815872,-32.621608],[-55.816077,-32.621634],[-55.816159,-32.621826],[-55.816512,-32.621794],[-55.817071,-32.622175],[-55.818306,-32.622061],[-55.819131,-32.622069],[-55.819355,-32.622148],[-55.820174,-32.622166],[-55.820267,-32.622221],[-55.820223,-32.622324],[-55.820552,-32.622365],[-55.821404,-32.622182],[-55.822141,-32.622261],[-55.822911,-32.622046],[-55.823353,-32.622061],[-55.823485,-32.621761],[-55.823242,-32.621806],[-55.823017,-32.621396],[-55.822895,-32.621379],[-55.822964,-32.621488],[-55.822817,-32.621557],[-55.822487,-32.621587],[-55.8224,-32.621459],[-55.821793,-32.621381],[-55.821023,-32.621053],[-55.820273,-32.62093],[-55.820039,-32.620624],[-55.819535,-32.620438],[-55.819158,-32.620524],[-55.818572,-32.620854],[-55.818168,-32.620779],[-55.817772,-32.620894],[-55.817629,-32.620829],[-55.817557,-32.620677],[-55.817839,-32.62023],[-55.818288,-32.620329],[-55.819481,-32.620206],[-55.820133,-32.620003],[-55.820222,-32.619862],[-55.820072,-32.619846],[-55.820111,-32.619747],[-55.821127,-32.619593],[-55.821535,-32.620062],[-55.822321,-32.620278],[-55.822687,-32.620173],[-55.823717,-32.619496],[-55.823868,-32.619535],[-55.823965,-32.619664],[-55.824182,-32.620229],[-55.8243,-32.620271],[-55.8254,-32.619695],[-55.825788,-32.619608],[-55.825938,-32.619639],[-55.825966,-32.619873],[-55.826043,-32.619908],[-55.826797,-32.619679],[-55.827469,-32.619646],[-55.827722,-32.619482],[-55.827868,-32.619077],[-55.827892,-32.618719],[-55.828451,-32.618639],[-55.828764,-32.618772],[-55.828998,-32.619167],[-55.829389,-32.619233],[-55.82954,-32.619458],[-55.829341,-32.619562],[-55.829242,-32.619743],[-55.828773,-32.620024],[-55.828534,-32.620392],[-55.82788,-32.620689],[-55.827291,-32.621136],[-55.827277,-32.621314],[-55.826585,-32.622424],[-55.826691,-32.622632],[-55.82715,-32.6229],[-55.827406,-32.622819],[-55.827882,-32.622937],[-55.828377,-32.623333],[-55.829145,-32.623537],[-55.830122,-32.623995],[-55.831434,-32.623766],[-55.832443,-32.623881],[-55.833167,-32.623531],[-55.83463,-32.623029],[-55.835518,-32.622565],[-55.836749,-32.622156],[-55.837812,-32.62149],[-55.838818,-32.621215],[-55.839082,-32.620941],[-55.838909,-32.62095],[-55.838858,-32.6208],[-55.839559,-32.620651],[-55.840733,-32.619872]]]]}},{"type":"Feature","properties":{"nombre":"Gerona - Km 110","departamento":"Maldonado"},"geometry":{"type":"MultiPolygon","coordinates":[[[[-55.259552,-34.768517],[-55.260774,-34.768747],[-55.260968,-34.767655],[-55.259171,-34.767385],[-55.259386,-34.766365],[-55.258699,-34.766264],[-55.258905,-34.765283],[-55.256429,-34.764865],[-55.25719,-34.762424],[-55.261337,-34.763323],[-55.261552,-34.762427],[-55.25625,-34.760441],[-55.255977,-34.762346],[-55.255129,-34.764677],[-55.254896,-34.765563],[-55.254474,-34.766124],[-55.253689,-34.766767],[-55.25209,-34.76766],[-55.245778,-34.766706],[-55.250329,-34.768941],[-55.251322,-34.769504],[-55.250993,-34.770405],[-55.251054,-34.771019],[-55.251503,-34.770985],[-55.252024,-34.773647],[-55.250386,-34.773878],[-55.250522,-34.774972],[-55.25697,-34.775907],[-55.257813,-34.772833],[-55.254705,-34.772341],[-55.254531,-34.770083],[-55.255076,-34.769023],[-55.255611,-34.768247],[-55.255923,-34.769106],[-55.258215,-34.768652],[-55.258291,-34.768336],[-55.259552,-34.768517]]]]}},{"type":"Feature","properties":{"nombre":"Ocean Park","departamento":"Maldonado"},"geometry":{"type":"MultiPolygon","coordinates":[[[[-55.127316,-34.879533],[-55.127672,-34.87951],[-55.127792,-34.878968],[-55.127823,-34.878076],[-55.127945,-34.877955],[-55.128065,-34.877392],[-55.128074,-34.876626],[-55.129423,-34.864031],[-55.117059,-34.862871],[-55.110076,-34.863184],[-55.108759,-34.863319],[-55.094862,-34.866345],[-55.084041,-34.867266],[-55.082834,-34.867653],[-55.081571,-34.868393],[-55.080258,-34.869793],[-55.081055,-34.870039],[-55.081549,-34.87003],[-55.082173,-34.869657],[-55.082651,-34.86891],[-55.082826,-34.868786],[-55.083995,-34.868655],[-55.084863,-34.868646],[-55.085879,-34.869008],[-55.087061,-34.869154],[-55.087434,-34.869276],[-55.089426,-34.870589],[-55.089824,-34.870734],[-55.090678,-34.870814],[-55.091675,-34.870788],[-55.092138,-34.870674],[-55.092899,-34.869904],[-55.094986,-34.870421],[-55.095212,-34.870627],[-55.096089,-34.871851],[-55.096538,-34.872034],[-55.097222,-34.872127],[-55.098554,-34.872143],[-55.100514,-34.87176],[-55.101462,-34.871308],[-55.102141,-34.871305],[-55.102798,-34.871446],[-55.103472,-34.871723],[-55.103828,-34.872022],[-55.10448,-34.873782],[-55.104794,-34.873899],[-55.105408,-34.873953],[-55.107089,-34.873577],[-55.107697,-34.87349],[-55.108211,-34.873535],[-55.108973,-34.873696],[-55.109551,-34.874038],[-55.109833,-34.874473],[-55.10987,-34.874869],[-55.109748,-34.875283],[-55.109552,-34.875652],[-55.109121,-34.876103],[-55.108522,-34.876562],[-55.107142,-34.87725],[-55.105782,-34.877319],[-55.105323,-34.877223],[-55.103586,-34.87648],[-55.102358,-34.876454],[-55.09807,-34.876695],[-55.09698,-34.87659],[-55.094619,-34.876575],[-55.090481,-34.877981],[-55.092081,-34.878023],[-55.094807,-34.87793],[-55.095908,-34.878016],[-55.096303,-34.877919],[-55.096653,-34.878024],[-55.098137,-34.878116],[-55.098891,-34.87809],[-55.099563,-34.877958],[-55.100786,-34.877991],[-55.101382,-34.878143],[-55.101931,-34.878059],[-55.104903,-34.878349],[-55.105669,-34.878282],[-55.107525,-34.87839],[-55.108988,-34.878584],[-55.109588,-34.878536],[-55.112177,-34.878863],[-55.113117,-34.878799],[-55.11588,-34.879078],[-55.117991,-34.879082],[-55.119637,-34.87925],[-55.120821,-34.879134],[-55.121582,-34.879266],[-55.122755,-34.879227],[-55.124279,-34.879401],[-55.126054,-34.879271],[-55.127316,-34.879533]]]]}},{"type":"Feature","properties":{"nombre":"La Tahona","departamento":"Canelones"},"geometry":{"type":"MultiPolygon","coordinates":[[[[-55.985518,-34.800889],[-55.985899,-34.801102],[-55.986365,-34.800962],[-55.986019,-34.799311],[-55.987829,-34.798959],[-55.987458,-34.797588],[-55.989608,-34.797212],[-55.988856,-34.794547],[-55.988908,-34.794535],[-55.988568,-34.793148],[-55.988391,-34.792947],[-55.988144,-34.792042],[-55.989429,-34.791791],[-55.988728,-34.789082],[-55.97955,-34.790758],[-55.977483,-34.791248],[-55.977021,-34.79189],[-55.976308,-34.792634],[-55.97628,-34.792881],[-55.978789,-34.802557],[-55.983449,-34.801208],[-55.983922,-34.800944],[-55.984366,-34.800806],[-55.98442,-34.800906],[-55.984877,-34.801092],[-55.985518,-34.800889]]]]}},{"type":"Feature","properties":{"nombre":"Juan Jose Castro","departamento":"Flores"},"geometry":{"type":"MultiPolygon","coordinates":[[[[-56.745148,-33.496074],[-56.745336,-33.495318],[-56.747571,-33.494783],[-56.748037,-33.494747],[-56.747377,-33.49301],[-56.746515,-33.49327],[-56.743828,-33.492682],[-56.744138,-33.491753],[-56.74127,-33.491018],[-56.741211,-33.492148],[-56.738105,-33.491338],[-56.738131,-33.491444],[-56.737985,-33.491717],[-56.739049,-33.492345],[-56.738611,-33.492812],[-56.744509,-33.496401],[-56.744419,-33.49561],[-56.745148,-33.496074]]]]}},{"type":"Feature","properties":{"nombre":"Lorenzo Geyres","departamento":"Paysandú"},"geometry":{"type":"MultiPolygon","coordinates":[[[[-57.919594,-32.081933],[-57.918697,-32.081781],[-57.918406,-32.081607],[-57.919185,-32.080768],[-57.921789,-32.078521],[-57.922862,-32.079514],[-57.923081,-32.079836],[-57.923275,-32.079929],[-57.923694,-32.079895],[-57.923394,-32.078699],[-57.923703,-32.078587],[-57.923481,-32.077639],[-57.92431,-32.077482],[-57.924133,-32.076744],[-57.92324,-32.076881],[-57.922998,-32.075964],[-57.922471,-32.075987],[-57.922053,-32.074314],[-57.921571,-32.074553],[-57.919365,-32.076275],[-57.917621,-32.07464],[-57.91343,-32.07801],[-57.91342,-32.078142],[-57.917874,-32.082175],[-57.917492,-32.082575],[-57.918309,-32.083349],[-57.918298,-32.083424],[-57.919664,-32.084975],[-57.920509,-32.084775],[-57.9214,-32.082261],[-57.919594,-32.081933]]]]}},{"type":"Feature","properties":{"nombre":"Marindia","departamento":"Canelones"},"geometry":{"type":"MultiPolygon","coordinates":[[[[-55.829106,-34.780435],[-55.833408,-34.765083],[-55.820873,-34.763003],[-55.820535,-34.762958],[-55.819832,-34.763128],[-55.815857,-34.762489],[-55.815543,-34.764443],[-55.816486,-34.766084],[-55.811991,-34.76554],[-55.81152,-34.765313],[-55.810161,-34.767412],[-55.813892,-34.767865],[-55.813323,-34.770076],[-55.812424,-34.769914],[-55.812383,-34.770085],[-55.812448,-34.770097],[-55.812381,-34.770206],[-55.811959,-34.770147],[-55.811829,-34.770632],[-55.811674,-34.770852],[-55.812617,-34.772053],[-55.812225,-34.772089],[-55.812211,-34.772159],[-55.813568,-34.773946],[-55.813913,-34.773744],[-55.819874,-34.775775],[-55.818982,-34.777665],[-55.818817,-34.778223],[-55.818082,-34.779874],[-55.822066,-34.781355],[-55.827226,-34.783108],[-55.827883,-34.782766],[-55.828862,-34.781869],[-55.828812,-34.781554],[-55.828877,-34.781435],[-55.828762,-34.781234],[-55.828932,-34.781029],[-55.829106,-34.780435]]]]}},{"type":"Feature","properties":{"nombre":"Cerros Azules","departamento":"Maldonado"},"geometry":{"type":"MultiPolygon","coordinates":[[[[-55.366964,-34.7671],[-55.369111,-34.765985],[-55.369418,-34.762616],[-55.365368,-34.763205],[-55.363808,-34.76333],[-55.363837,-34.763489],[-55.361938,-34.763789],[-55.361439,-34.770154],[-55.361524,-34.770488],[-55.36161,-34.770553],[-55.363521,-34.768993],[-55.36493,-34.76819],[-55.365136,-34.76854],[-55.364958,-34.771243],[-55.365862,-34.770631],[-55.365883,-34.767682],[-55.366964,-34.7671]]]]}},{"type":"Feature","properties":{"nombre":"La Casilla","departamento":"Flores"},"geometry":{"type":"MultiPolygon","coordinates":[[[[-56.947958,-33.672019],[-56.948972,-33.671628],[-56.948743,-33.67114],[-56.949151,-33.671007],[-56.948256,-33.669328],[-56.950858,-33.668467],[-56.949924,-33.666759],[-56.947353,-33.667643],[-56.947049,-33.667063],[-56.945636,-33.667531],[-56.946391,-33.669093],[-56.945061,-33.669623],[-56.945975,-33.671291],[-56.944951,-33.671717],[-56.945186,-33.672165],[-56.945845,-33.671926],[-56.946081,-33.672457],[-56.946211,-33.672581],[-56.94741,-33.672177],[-56.947701,-33.672658],[-56.948164,-33.672466],[-56.947958,-33.672019]]]]}},{"type":"Feature","properties":{"nombre":"Puntas de Maciel","departamento":"Florida"},"geometry":{"type":"MultiPolygon","coordinates":[[[[-56.364456,-33.625838],[-56.364554,-33.625063],[-56.364369,-33.623226],[-56.365165,-33.623099],[-56.364829,-33.622548],[-56.364938,-33.62263],[-56.365977,-33.622697],[-56.365485,-33.621295],[-56.365852,-33.621173],[-56.365378,-33.620201],[-56.364638,-33.620441],[-56.36469,-33.620925],[-56.363969,-33.620984],[-56.363639,-33.617766],[-56.362937,-33.617445],[-56.363283,-33.620262],[-56.362722,-33.620324],[-56.362819,-33.621324],[-56.360675,-33.621344],[-56.360697,-33.622043],[-56.360214,-33.622],[-56.36048,-33.624525],[-56.363428,-33.624267],[-56.363694,-33.624167],[-56.364039,-33.626657],[-56.364456,-33.625838]]]]}},{"type":"Feature","properties":{"nombre":"Rivera","departamento":"Rivera"},"geometry":{"type":"MultiPolygon","coordinates":[[[[-55.579381,-30.925931],[-55.579862,-30.925711],[-55.580796,-30.925532],[-55.580791,-30.925868],[-55.583825,-30.925708],[-55.583975,-30.925136],[-55.584207,-30.9254],[-55.585605,-30.925538],[-55.586365,-30.924964],[-55.586567,-30.924697],[-55.586623,-30.924342],[-55.586817,-30.92397],[-55.587157,-30.923606],[-55.588118,-30.92296],[-55.58832,-30.92296],[-55.588498,-30.923073],[-55.588845,-30.923461],[-55.590033,-30.923469],[-55.599355,-30.919397],[-55.599468,-30.918414],[-55.599378,-30.91693],[-55.599295,-30.916734],[-55.596719,-30.913925],[-55.596235,-30.9136],[-55.5954,-30.91322],[-55.597401,-30.91218],[-55.594831,-30.909714],[-55.593369,-30.907657],[-55.593226,-30.907591],[-55.594844,-30.906712],[-55.594342,-30.906629],[-55.594202,-30.906321],[-55.59363,-30.905987],[-55.593509,-30.905777],[-55.593354,-30.905761],[-55.592663,-30.905827],[-55.590584,-30.906794],[-55.588931,-30.904386],[-55.588555,-30.903946],[-55.58847,-30.903923],[-55.587088,-30.904567],[-55.585828,-30.905221],[-55.5856,-30.905055],[-55.581721,-30.903863],[-55.580849,-30.903162],[-55.580597,-30.903042],[-55.58111,-30.902754],[-55.581405,-30.902764],[-55.58177,-30.903048],[-55.581988,-30.902915],[-55.581987,-30.902457],[-55.58213,-30.902144],[-55.582652,-30.901944],[-55.582861,-30.901657],[-55.583197,-30.901394],[-55.583716,-30.901121],[-55.583783,-30.90054],[-55.584148,-30.900203],[-55.584275,-30.899877],[-55.585651,-30.899462],[-55.58611,-30.89965],[-55.586513,-30.899938],[-55.586674,-30.899916],[-55.587337,-30.899518],[-55.587436,-30.899512],[-55.58768,-30.899733],[-55.589056,-30.899595],[-55.589366,-30.899407],[-55.589222,-30.898915],[-55.589697,-30.898921],[-55.590156,-30.898633],[-55.590195,-30.898269],[-55.590068,-30.898114],[-55.589719,-30.89797],[-55.589725,-30.897561],[-55.590272,-30.897312],[-55.590582,-30.896422],[-55.591035,-30.896256],[-55.591262,-30.895753],[-55.591621,-30.895615],[-55.591953,-30.89514],[-55.592599,-30.895079],[-55.592692,-30.895002],[-55.592403,-30.894893],[-55.592287,-30.894738],[-55.591846,-30.893611],[-55.591492,-30.893331],[-55.5911,-30.893266],[-55.591039,-30.893154],[-55.591747,-30.892942],[-55.592438,-30.892485],[-55.592645,-30.892183],[-55.593029,-30.891889],[-55.593642,-30.891212],[-55.594324,-30.890802],[-55.593884,-30.890391],[-55.593944,-30.890206],[-55.594298,-30.889796],[-55.594056,-30.88936],[-55.594026,-30.88923],[-55.594123,-30.888982],[-55.594017,-30.888734],[-55.594527,-30.888531],[-55.594699,-30.888298],[-55.594514,-30.887426],[-55.594156,-30.886951],[-55.594212,-30.886729],[-55.594657,-30.886504],[-55.594793,-30.886308],[-55.595053,-30.886148],[-55.595338,-30.885645],[-55.595841,-30.885242],[-55.596289,-30.885154],[-55.596387,-30.884547],[-55.596866,-30.884232],[-55.597134,-30.883874],[-55.597911,-30.883844],[-55.597958,-30.883278],[-55.59858,-30.88245],[-55.598757,-30.881884],[-55.5988,-30.881444],[-55.599141,-30.881163],[-55.599124,-30.88079],[-55.599013,-30.880483],[-55.59908,-30.880348],[-55.598692,-30.879588],[-55.597613,-30.878893],[-55.597246,-30.878867],[-55.596827,-30.878694],[-55.596292,-30.878742],[-55.595822,-30.879178],[-55.595463,-30.87923],[-55.595377,-30.879454],[-55.595174,-30.87945],[-55.594725,-30.879661],[-55.594402,-30.879597],[-55.594289,-30.879476],[-55.594332,-30.878751],[-55.593922,-30.87869],[-55.593771,-30.878884],[-55.593594,-30.878945],[-55.593236,-30.878798],[-55.592921,-30.879156],[-55.592645,-30.879251],[-55.592567,-30.879886],[-55.5922,-30.879769],[-55.591954,-30.879549],[-55.591579,-30.878841],[-55.591435,-30.878713],[-55.591992,-30.877348],[-55.588963,-30.876226],[-55.588942,-30.876049],[-55.591111,-30.87551],[-55.591301,-30.875397],[-55.592447,-30.873355],[-55.592418,-30.873235],[-55.59182,-30.873045],[-55.591825,-30.872893],[-55.591984,-30.872712],[-55.58794,-30.871814],[-55.583727,-30.870577],[-55.57863,-30.877767],[-55.577383,-30.876998],[-55.577279,-30.876843],[-55.576537,-30.876433],[-55.571413,-30.873791],[-55.57112,-30.873109],[-55.570774,-30.872712],[-55.57055,-30.872755],[-55.570347,-30.873063],[-55.570093,-30.873057],[-55.568343,-30.872179],[-55.568182,-30.872188],[-55.567831,-30.87244],[-55.566839,-30.872845],[-55.566441,-30.873196],[-55.565946,-30.873838],[-55.565228,-30.874085],[-55.56423,-30.874925],[-55.563713,-30.87407],[-55.56389,-30.873963],[-55.563754,-30.873768],[-55.563906,-30.873666],[-55.563769,-30.873364],[-55.564088,-30.872929],[-55.563819,-30.872787],[-55.563292,-30.873321],[-55.561565,-30.870383],[-55.560797,-30.869219],[-55.560295,-30.869387],[-55.55927,-30.870084],[-55.558737,-30.870621],[-55.558057,-30.871575],[-55.557662,-30.871902],[-55.556264,-30.871957],[-55.554946,-30.872499],[-55.553974,-30.873665],[-55.553159,-30.874832],[-55.552764,-30.875612],[-55.552878,-30.876291],[-55.552559,-30.877402],[-55.55252,-30.878785],[-55.551757,-30.879703],[-55.551394,-30.880542],[-55.551419,-30.880787],[-55.551984,-30.881674],[-55.551773,-30.882643],[-55.54984,-30.885765],[-55.548331,-30.887029],[-55.545802,-30.890639],[-55.545653,-30.890586],[-55.544024,-30.891643],[-55.54215,-30.892729],[-55.541296,-30.892953],[-55.540396,-30.893355],[-55.539741,-30.894002],[-55.539651,-30.894239],[-55.536952,-30.895853],[-55.536527,-30.895458],[-55.533577,-30.89728],[-55.533915,-30.897617],[-55.533866,-30.898544],[-55.532516,-30.9023],[-55.532323,-30.902234],[-55.532002,-30.90191],[-55.529681,-30.900233],[-55.529112,-30.899291],[-55.527316,-30.899888],[-55.527052,-30.899898],[-55.525934,-30.898764],[-55.524798,-30.897916],[-55.521029,-30.898879],[-55.519242,-30.898585],[-55.517809,-30.898461],[-55.516723,-30.898702],[-55.516013,-30.899104],[-55.515563,-30.899521],[-55.514829,-30.899868],[-55.513992,-30.90002],[-55.512835,-30.900477],[-55.512502,-30.900724],[-55.511834,-30.901],[-55.511048,-30.901475],[-55.510159,-30.901686],[-55.508765,-30.903082],[-55.508536,-30.903843],[-55.508126,-30.904227],[-55.507854,-30.904799],[-55.507859,-30.904931],[-55.508915,-30.905296],[-55.509964,-30.905933],[-55.510168,-30.906268],[-55.510093,-30.908984],[-55.509992,-30.909659],[-55.510117,-30.911185],[-55.509368,-30.913784],[-55.509792,-30.914085],[-55.510406,-30.914228],[-55.514713,-30.914228],[-55.5148,-30.914576],[-55.515255,-30.914175],[-55.516897,-30.916659],[-55.522863,-30.926462],[-55.525182,-30.926903],[-55.525634,-30.926911],[-55.526297,-30.926692],[-55.526667,-30.926199],[-55.52766,-30.923725],[-55.528021,-30.923545],[-55.528353,-30.923515],[-55.528616,-30.92362],[-55.528684,-30.923831],[-55.528887,-30.923876],[-55.529422,-30.924433],[-55.530115,-30.924855],[-55.530183,-30.925104],[-55.530687,-30.925601],[-55.531628,-30.925842],[-55.532971,-30.926359],[-55.533712,-30.92629],[-55.534206,-30.926045],[-55.534329,-30.926334],[-55.534803,-30.926602],[-55.534948,-30.926866],[-55.53493,-30.92768],[-55.535017,-30.928075],[-55.53552,-30.92882],[-55.535657,-30.929439],[-55.536044,-30.930072],[-55.536164,-30.930543],[-55.536319,-30.930814],[-55.536283,-30.931136],[-55.536645,-30.931596],[-55.536772,-30.932534],[-55.537195,-30.933271],[-55.537211,-30.933696],[-55.537494,-30.934441],[-55.537804,-30.934908],[-55.538563,-30.935086],[-55.538816,-30.935372],[-55.539663,-30.935279],[-55.540034,-30.935418],[-55.540555,-30.93627],[-55.540892,-30.937791],[-55.541381,-30.938371],[-55.54158,-30.938416],[-55.542197,-30.938278],[-55.542815,-30.938693],[-55.542921,-30.938874],[-55.543614,-30.939408],[-55.543653,-30.939576],[-55.543939,-30.939815],[-55.544548,-30.939796],[-55.545292,-30.939952],[-55.54617,-30.940335],[-55.545839,-30.940797],[-55.545967,-30.940867],[-55.544675,-30.942699],[-55.543671,-30.943964],[-55.544423,-30.944616],[-55.544492,-30.944546],[-55.544606,-30.944642],[-55.548462,-30.939997],[-55.549023,-30.939533],[-55.549143,-30.939532],[-55.549372,-30.939707],[-55.549885,-30.940509],[-55.550346,-30.94151],[-55.550868,-30.943174],[-55.550971,-30.943025],[-55.550859,-30.942379],[-55.551758,-30.942225],[-55.55432,-30.944499],[-55.555845,-30.944138],[-55.556063,-30.943967],[-55.557598,-30.941847],[-55.56043,-30.940246],[-55.560547,-30.940291],[-55.560743,-30.94172],[-55.561162,-30.942875],[-55.562726,-30.941673],[-55.56333,-30.940906],[-55.563555,-30.940274],[-55.563796,-30.938959],[-55.563676,-30.938673],[-55.562047,-30.937122],[-55.561659,-30.936836],[-55.560248,-30.936438],[-55.56004,-30.936233],[-55.559821,-30.93583],[-55.560587,-30.935913],[-55.563092,-30.935053],[-55.562894,-30.934257],[-55.562887,-30.932953],[-55.562718,-30.932238],[-55.562884,-30.932],[-55.56285,-30.931209],[-55.563142,-30.930839],[-55.563164,-30.930704],[-55.562982,-30.930302],[-55.56301,-30.929276],[-55.562905,-30.928798],[-55.56299,-30.928697],[-55.562886,-30.928566],[-55.563044,-30.928176],[-55.562778,-30.927971],[-55.562955,-30.927751],[-55.562879,-30.926574],[-55.563046,-30.926195],[-55.563625,-30.925787],[-55.564244,-30.926564],[-55.564415,-30.927691],[-55.56523,-30.92874],[-55.565447,-30.928893],[-55.566445,-30.928925],[-55.566585,-30.929033],[-55.56691,-30.929675],[-55.567126,-30.929853],[-55.567158,-30.930025],[-55.568456,-30.930948],[-55.568971,-30.930897],[-55.569766,-30.930521],[-55.569938,-30.931126],[-55.570778,-30.931304],[-55.571446,-30.931005],[-55.572972,-30.931507],[-55.573055,-30.931088],[-55.573189,-30.931049],[-55.573246,-30.930903],[-55.57345,-30.93075],[-55.573462,-30.93056],[-55.573869,-30.930413],[-55.574614,-30.930229],[-55.57504,-30.930369],[-55.576071,-30.930286],[-55.576662,-30.930401],[-55.576936,-30.930375],[-55.577591,-30.93007],[-55.578393,-30.929873],[-55.578596,-30.929898],[-55.578806,-30.930038],[-55.579398,-30.930668],[-55.579706,-30.930807],[-55.580102,-30.930853],[-55.580046,-30.93024],[-55.579914,-30.929885],[-55.577763,-30.926535],[-55.579381,-30.925931]]]]}},{"type":"Feature","properties":{"nombre":"Pueblo del Barro","departamento":"Tacuarembó"},"geometry":{"type":"MultiPolygon","coordinates":[[[[-55.409042,-31.964562],[-55.412101,-31.963919],[-55.410647,-31.961979],[-55.411169,-31.961633],[-55.411109,-31.96144],[-55.410929,-31.961359],[-55.408198,-31.963754],[-55.406366,-31.965461],[-55.405928,-31.966033],[-55.406098,-31.966235],[-55.405646,-31.96681],[-55.405596,-31.966983],[-55.406404,-31.969748],[-55.406774,-31.971418],[-55.407454,-31.971345],[-55.406317,-31.967028],[-55.406715,-31.967256],[-55.407036,-31.966876],[-55.406406,-31.966465],[-55.410023,-31.965474],[-55.409042,-31.964562]]]]}},{"type":"Feature","properties":{"nombre":"Villa Crespo y San Andres","departamento":"Canelones"},"geometry":{"type":"MultiPolygon","coordinates":[[[[-56.111864,-34.750606],[-56.112018,-34.75078],[-56.112276,-34.750859],[-56.112438,-34.750827],[-56.112827,-34.75059],[-56.113014,-34.750301],[-56.113017,-34.750061],[-56.113609,-34.749574],[-56.114041,-34.749281],[-56.114525,-34.749097],[-56.115517,-34.748443],[-56.116352,-34.748441],[-56.11782,-34.748926],[-56.11814,-34.748805],[-56.118409,-34.74856],[-56.119141,-34.748556],[-56.119499,-34.748401],[-56.119639,-34.747649],[-56.120053,-34.747131],[-56.119923,-34.746667],[-56.12005,-34.746099],[-56.120548,-34.745724],[-56.12049,-34.745346],[-56.120028,-34.744588],[-56.119948,-34.744283],[-56.120135,-34.741639],[-56.120383,-34.740944],[-56.121275,-34.740068],[-56.121835,-34.73931],[-56.121914,-34.73886],[-56.122254,-34.738227],[-56.122579,-34.738104],[-56.124519,-34.738081],[-56.125212,-34.737965],[-56.126444,-34.737385],[-56.126614,-34.736906],[-56.1269,-34.736438],[-56.125775,-34.735818],[-56.125694,-34.735853],[-56.125369,-34.735547],[-56.126268,-34.734359],[-56.113045,-34.726831],[-56.113128,-34.727983],[-56.114713,-34.735144],[-56.11462,-34.735688],[-56.113965,-34.737002],[-56.108208,-34.735494],[-56.105556,-34.734078],[-56.102905,-34.737536],[-56.101342,-34.736677],[-56.101425,-34.736551],[-56.100899,-34.736277],[-56.100803,-34.736401],[-56.093658,-34.732462],[-56.093806,-34.732194],[-56.093985,-34.732099],[-56.094434,-34.731572],[-56.093991,-34.731283],[-56.094269,-34.730851],[-56.093838,-34.7306],[-56.094213,-34.730114],[-56.093489,-34.729672],[-56.093381,-34.729779],[-56.093323,-34.729642],[-56.09208,-34.728943],[-56.091993,-34.72897],[-56.091934,-34.730796],[-56.091502,-34.730761],[-56.091322,-34.73095],[-56.08978,-34.731716],[-56.097133,-34.741679],[-56.100284,-34.746747],[-56.101209,-34.747894],[-56.102193,-34.748804],[-56.104054,-34.750199],[-56.104774,-34.749954],[-56.104854,-34.74978],[-56.105216,-34.749831],[-56.105549,-34.750146],[-56.10591,-34.750667],[-56.10639,-34.751093],[-56.107188,-34.751523],[-56.107762,-34.751487],[-56.108255,-34.751283],[-56.109296,-34.751243],[-56.109475,-34.751311],[-56.109663,-34.751215],[-56.109943,-34.750833],[-56.110631,-34.750436],[-56.111469,-34.750452],[-56.111864,-34.750606]]],[[[-56.113099,-34.724326],[-56.113089,-34.724898],[-56.113346,-34.724967],[-56.115794,-34.722164],[-56.11317,-34.720644],[-56.113099,-34.724326]]]]}},{"type":"Feature","properties":{"nombre":"Santa Monica","departamento":"Maldonado"},"geometry":{"type":"MultiPolygon","coordinates":[[[[-54.735906,-34.863378],[-54.722409,-34.856511],[-54.720755,-34.855944],[-54.717673,-34.855309],[-54.717574,-34.855063],[-54.717315,-34.854798],[-54.713934,-34.852079],[-54.713083,-34.851277],[-54.702331,-34.842349],[-54.70189,-34.842416],[-54.701589,-34.842784],[-54.70136,-34.842859],[-54.701286,-34.843205],[-54.700923,-34.843438],[-54.699555,-34.843759],[-54.698926,-34.844255],[-54.698401,-34.844485],[-54.698308,-34.845524],[-54.697998,-34.846185],[-54.697564,-34.846658],[-54.696906,-34.847045],[-54.695999,-34.847055],[-54.69524,-34.84688],[-54.694239,-34.846328],[-54.692689,-34.846165],[-54.691842,-34.845847],[-54.691299,-34.844937],[-54.691081,-34.844806],[-54.690792,-34.844822],[-54.690232,-34.845243],[-54.690426,-34.84391],[-54.690415,-34.843349],[-54.690322,-34.842959],[-54.689917,-34.842269],[-54.689594,-34.842236],[-54.688726,-34.84318],[-54.688523,-34.843497],[-54.687705,-34.843802],[-54.687543,-34.843798],[-54.686099,-34.843371],[-54.683992,-34.843437],[-54.683707,-34.843218],[-54.683208,-34.842568],[-54.682851,-34.841784],[-54.682502,-34.841798],[-54.682129,-34.842078],[-54.681794,-34.842198],[-54.681361,-34.84219],[-54.680964,-34.842105],[-54.679952,-34.841532],[-54.678494,-34.841428],[-54.677221,-34.841109],[-54.676102,-34.841032],[-54.675837,-34.841062],[-54.675767,-34.841137],[-54.67566,-34.841941],[-54.67558,-34.842044],[-54.675041,-34.842119],[-54.674274,-34.841883],[-54.672788,-34.843226],[-54.673416,-34.843479],[-54.67607,-34.843979],[-54.679505,-34.844464],[-54.68107,-34.84478],[-54.681893,-34.845139],[-54.682882,-34.845368],[-54.686784,-34.84653],[-54.688418,-34.846885],[-54.689055,-34.84726],[-54.692406,-34.848278],[-54.698204,-34.850372],[-54.700172,-34.851173],[-54.701817,-34.851967],[-54.703537,-34.852534],[-54.708091,-34.854433],[-54.709184,-34.855102],[-54.71179,-34.856258],[-54.713525,-34.857168],[-54.719878,-34.85958],[-54.725128,-34.862023],[-54.727852,-34.863143],[-54.734004,-34.865891],[-54.73634,-34.866812],[-54.737867,-34.867533],[-54.740278,-34.866318],[-54.735906,-34.863378]]]]}},{"type":"Feature","properties":{"nombre":"Pueblo de Arriba","departamento":"Tacuarembó"},"geometry":{"type":"MultiPolygon","coordinates":[[[[-55.445784,-31.866659],[-55.444334,-31.866095],[-55.444714,-31.865507],[-55.445257,-31.865215],[-55.438442,-31.862814],[-55.438799,-31.86082],[-55.435734,-31.860951],[-55.435577,-31.858637],[-55.433698,-31.858155],[-55.4336,-31.858009],[-55.434594,-31.854598],[-55.434127,-31.854472],[-55.4333,-31.854398],[-55.433173,-31.854546],[-55.432749,-31.854676],[-55.432718,-31.854935],[-55.432345,-31.85518],[-55.431798,-31.85515],[-55.431103,-31.856393],[-55.430706,-31.856756],[-55.430811,-31.856966],[-55.430687,-31.857191],[-55.430062,-31.857459],[-55.429923,-31.857644],[-55.43008,-31.857789],[-55.430123,-31.858109],[-55.430249,-31.858263],[-55.429899,-31.858678],[-55.429795,-31.859021],[-55.429874,-31.85937],[-55.429836,-31.859556],[-55.429331,-31.860129],[-55.428972,-31.86035],[-55.428941,-31.860502],[-55.429015,-31.860613],[-55.42887,-31.860771],[-55.428761,-31.861286],[-55.429399,-31.861276],[-55.431579,-31.860892],[-55.432705,-31.860952],[-55.434419,-31.861338],[-55.434346,-31.861478],[-55.433797,-31.861582],[-55.433811,-31.862021],[-55.434239,-31.86194],[-55.434258,-31.861817],[-55.434791,-31.861866],[-55.437926,-31.867053],[-55.438282,-31.867027],[-55.439411,-31.867622],[-55.440362,-31.868476],[-55.441806,-31.868042],[-55.445045,-31.868747],[-55.445431,-31.868862],[-55.447739,-31.870112],[-55.447782,-31.869147],[-55.446376,-31.868361],[-55.447017,-31.867374],[-55.445721,-31.866796],[-55.445784,-31.866659]]]]}},{"type":"Feature","properties":{"nombre":"Laureles","departamento":"Tacuarembó"},"geometry":{"type":"MultiPolygon","coordinates":[[[[-55.873888,-31.367702],[-55.879356,-31.366875],[-55.875385,-31.363186],[-55.877483,-31.362518],[-55.877267,-31.362383],[-55.876893,-31.362312],[-55.876437,-31.361838],[-55.876263,-31.361444],[-55.876428,-31.361361],[-55.876478,-31.360713],[-55.876318,-31.360652],[-55.875717,-31.360748],[-55.875462,-31.360617],[-55.874961,-31.359054],[-55.874451,-31.358831],[-55.873931,-31.358875],[-55.873801,-31.35918],[-55.873984,-31.359902],[-55.873899,-31.360086],[-55.872595,-31.360382],[-55.872307,-31.360848],[-55.871591,-31.359782],[-55.871192,-31.359663],[-55.871722,-31.360718],[-55.87,-31.361559],[-55.871847,-31.368095],[-55.873114,-31.367721],[-55.873888,-31.367702]]]]}},{"type":"Feature","properties":{"nombre":"Cardona","departamento":"Soriano"},"geometry":{"type":"MultiPolygon","coordinates":[[[[-57.37753,-33.873932],[-57.380842,-33.873992],[-57.381326,-33.87419],[-57.381545,-33.874517],[-57.381758,-33.874401],[-57.381979,-33.874451],[-57.382345,-33.874398],[-57.38634,-33.873559],[-57.387831,-33.873006],[-57.388457,-33.87261],[-57.388411,-33.8718],[-57.388699,-33.868699],[-57.388605,-33.868351],[-57.388342,-33.868122],[-57.388201,-33.870075],[-57.387911,-33.870938],[-57.387197,-33.872017],[-57.382663,-33.872782],[-57.381381,-33.872775],[-57.380249,-33.872153],[-57.380593,-33.871093],[-57.380177,-33.870644],[-57.37962,-33.869094],[-57.379248,-33.868891],[-57.37877,-33.869467],[-57.376011,-33.868042],[-57.375862,-33.86828],[-57.375074,-33.867827],[-57.375529,-33.867143],[-57.374726,-33.866716],[-57.376377,-33.864261],[-57.374467,-33.863116],[-57.375087,-33.862238],[-57.373933,-33.861967],[-57.373865,-33.860864],[-57.372199,-33.860974],[-57.372293,-33.86207],[-57.371622,-33.862885],[-57.368947,-33.861268],[-57.366579,-33.863992],[-57.36598,-33.86361],[-57.366153,-33.865132],[-57.366691,-33.86628],[-57.367268,-33.867953],[-57.365363,-33.86788],[-57.365379,-33.867442],[-57.360208,-33.86728],[-57.360446,-33.866052],[-57.361058,-33.866077],[-57.361225,-33.865981],[-57.361963,-33.861427],[-57.359843,-33.860234],[-57.359467,-33.860307],[-57.359346,-33.860639],[-57.358983,-33.866538],[-57.355146,-33.866383],[-57.35602,-33.867472],[-57.355595,-33.867603],[-57.356043,-33.86825],[-57.356299,-33.868795],[-57.356502,-33.871729],[-57.361184,-33.871926],[-57.36112,-33.872988],[-57.366182,-33.87319],[-57.366167,-33.873403],[-57.37753,-33.873932]]]]}},{"type":"Feature","properties":{"nombre":"Risso","departamento":"Soriano"},"geometry":{"type":"MultiPolygon","coordinates":[[[[-57.573722,-33.629009],[-57.5739,-33.629],[-57.573958,-33.629259],[-57.574656,-33.629234],[-57.574657,-33.629301],[-57.574923,-33.629309],[-57.574963,-33.628967],[-57.575334,-33.628499],[-57.575176,-33.627769],[-57.574202,-33.627128],[-57.573953,-33.626169],[-57.573919,-33.625284],[-57.575061,-33.625106],[-57.574972,-33.624677],[-57.574796,-33.62471],[-57.57328,-33.618208],[-57.571637,-33.618787],[-57.57168,-33.618971],[-57.571436,-33.619055],[-57.571551,-33.61955],[-57.56831,-33.619411],[-57.568218,-33.620383],[-57.569901,-33.620483],[-57.569521,-33.624329],[-57.570025,-33.624352],[-57.570175,-33.625318],[-57.570973,-33.625341],[-57.571266,-33.627306],[-57.571529,-33.627325],[-57.57147,-33.628307],[-57.571803,-33.629051],[-57.573722,-33.629009]]]]}},{"type":"Feature","properties":{"nombre":"Cañada Nieto","departamento":"Soriano"},"geometry":{"type":"MultiPolygon","coordinates":[[[[-58.111268,-33.701675],[-58.115115,-33.700393],[-58.115254,-33.700589],[-58.115671,-33.700425],[-58.114851,-33.699205],[-58.116333,-33.698464],[-58.115017,-33.696443],[-58.114953,-33.696483],[-58.114799,-33.696201],[-58.114623,-33.696086],[-58.114506,-33.696064],[-58.113849,-33.69629],[-58.113367,-33.696193],[-58.112577,-33.695889],[-58.110907,-33.696501],[-58.110323,-33.696545],[-58.110468,-33.69726],[-58.105902,-33.698793],[-58.103679,-33.699285],[-58.103505,-33.699233],[-58.102859,-33.699382],[-58.103001,-33.699874],[-58.102586,-33.699967],[-58.102756,-33.7005],[-58.102867,-33.70048],[-58.103523,-33.702014],[-58.11049,-33.700036],[-58.111268,-33.701675]]]]}},{"type":"Feature","properties":{"nombre":"Parque Carrasco","departamento":"Canelones"},"geometry":{"type":"MultiPolygon","coordinates":[[[[-56.015732,-34.869762],[-56.020412,-34.866371],[-56.020455,-34.866324],[-56.020258,-34.866159],[-56.02032,-34.865921],[-56.020544,-34.865858],[-56.020946,-34.866027],[-56.029834,-34.859409],[-56.029604,-34.858056],[-56.028984,-34.856744],[-56.023748,-34.848731],[-56.023536,-34.848221],[-56.023458,-34.847424],[-56.02377,-34.846343],[-56.023779,-34.846029],[-56.02303,-34.845475],[-56.016243,-34.843405],[-56.015112,-34.842894],[-56.014356,-34.842307],[-55.988816,-34.855506],[-55.987039,-34.856911],[-55.98907,-34.858038],[-55.991132,-34.859334],[-56.001173,-34.865284],[-56.005552,-34.86772],[-56.012639,-34.871937],[-56.01459,-34.870631],[-56.015732,-34.869762]]]]}},{"type":"Feature","properties":{"nombre":"Arrocera el Tigre","departamento":"Treinta y Tres"},"geometry":{"type":"MultiPolygon","coordinates":[[[[-53.639645,-32.974226],[-53.64081,-32.972864],[-53.640361,-32.97266],[-53.641043,-32.971862],[-53.641507,-32.97166],[-53.642802,-32.9703],[-53.641192,-32.969398],[-53.641113,-32.969107],[-53.640845,-32.969015],[-53.64077,-32.969367],[-53.639897,-32.970121],[-53.639357,-32.969935],[-53.638771,-32.97044],[-53.63877,-32.971125],[-53.638538,-32.971341],[-53.638027,-32.970859],[-53.637799,-32.970996],[-53.63762,-32.97125],[-53.637676,-32.971724],[-53.637883,-32.971712],[-53.638059,-32.971948],[-53.638228,-32.973141],[-53.638752,-32.973994],[-53.63936,-32.974378],[-53.639645,-32.974226]]]]}},{"type":"Feature","properties":{"nombre":"Colon","departamento":"Lavalleja"},"geometry":{"type":"MultiPolygon","coordinates":[[[[-54.725847,-33.882206],[-54.725865,-33.881766],[-54.725757,-33.881495],[-54.725854,-33.88101],[-54.725984,-33.880829],[-54.726144,-33.880274],[-54.726048,-33.879968],[-54.726263,-33.879527],[-54.726675,-33.879442],[-54.726721,-33.879324],[-54.726565,-33.879022],[-54.726106,-33.878584],[-54.72588,-33.878187],[-54.725856,-33.878078],[-54.725976,-33.877945],[-54.725947,-33.877655],[-54.726064,-33.877387],[-54.726558,-33.877096],[-54.727068,-33.877056],[-54.727413,-33.876467],[-54.72745,-33.876061],[-54.72095,-33.874956],[-54.721168,-33.873932],[-54.718374,-33.873484],[-54.716263,-33.879661],[-54.725702,-33.8827],[-54.725847,-33.882206]]]]}},{"type":"Feature","properties":{"nombre":"Las Flores","departamento":"Maldonado"},"geometry":{"type":"MultiPolygon","coordinates":[[[[-55.334866,-34.813863],[-55.33521,-34.81363],[-55.335965,-34.812866],[-55.337879,-34.81175],[-55.339154,-34.811313],[-55.340164,-34.811232],[-55.340684,-34.810939],[-55.339446,-34.810718],[-55.338951,-34.810839],[-55.338795,-34.810775],[-55.337295,-34.809723],[-55.337013,-34.809415],[-55.336958,-34.808935],[-55.338408,-34.807857],[-55.338354,-34.807551],[-55.338069,-34.807158],[-55.337583,-34.80685],[-55.337355,-34.806597],[-55.337157,-34.806683],[-55.337032,-34.806899],[-55.336658,-34.806876],[-55.336104,-34.807104],[-55.335757,-34.806891],[-55.335512,-34.806498],[-55.33513,-34.806374],[-55.334998,-34.806459],[-55.335097,-34.807046],[-55.334991,-34.807261],[-55.334365,-34.807782],[-55.332637,-34.807908],[-55.327158,-34.808596],[-55.327585,-34.810481],[-55.323957,-34.810245],[-55.323741,-34.811306],[-55.327844,-34.81165],[-55.328216,-34.81319],[-55.322311,-34.814011],[-55.322213,-34.814075],[-55.32273,-34.815692],[-55.319253,-34.818404],[-55.319409,-34.818573],[-55.319475,-34.818897],[-55.32026,-34.819578],[-55.320416,-34.819638],[-55.320771,-34.819567],[-55.321223,-34.819313],[-55.321306,-34.819121],[-55.321165,-34.819194],[-55.321134,-34.819115],[-55.321655,-34.818799],[-55.322089,-34.81893],[-55.322752,-34.818879],[-55.323321,-34.818612],[-55.324259,-34.817957],[-55.324873,-34.817742],[-55.325695,-34.817093],[-55.32579,-34.816849],[-55.326138,-34.816538],[-55.326369,-34.816426],[-55.326698,-34.816371],[-55.326931,-34.816447],[-55.327615,-34.816936],[-55.328039,-34.816687],[-55.32852,-34.816538],[-55.329099,-34.816529],[-55.329398,-34.816358],[-55.329859,-34.816254],[-55.330607,-34.815518],[-55.331859,-34.814735],[-55.332578,-34.814705],[-55.334866,-34.813863]]]]}},{"type":"Feature","properties":{"nombre":"Los Corchos","departamento":"Maldonado"},"geometry":{"type":"MultiPolygon","coordinates":[[[[-55.032383,-34.880588],[-55.032936,-34.88045],[-55.032036,-34.878182],[-55.029722,-34.878479],[-55.029476,-34.877223],[-55.027387,-34.877423],[-55.027451,-34.876081],[-55.026152,-34.876216],[-55.026139,-34.876121],[-55.025674,-34.876229],[-55.024512,-34.876317],[-55.024442,-34.878068],[-55.024304,-34.878341],[-55.024297,-34.878909],[-55.024205,-34.879293],[-55.024336,-34.879572],[-55.024925,-34.880318],[-55.02504,-34.880983],[-55.027666,-34.881689],[-55.032383,-34.880588]]]]}},{"type":"Feature","properties":{"nombre":"Cayetano","departamento":"Salto"},"geometry":{"type":"MultiPolygon","coordinates":[[[[-56.772131,-31.24266],[-56.772034,-31.242642],[-56.771674,-31.241361],[-56.771539,-31.241159],[-56.77125,-31.240944],[-56.769484,-31.240684],[-56.768918,-31.241029],[-56.771417,-31.243267],[-56.771909,-31.243116],[-56.772131,-31.24266]]]]}},{"type":"Feature","properties":{"nombre":"Chacras de Dolores","departamento":"Soriano"},"geometry":{"type":"MultiPolygon","coordinates":[[[[-58.22086,-33.589416],[-58.22421,-33.592782],[-58.229972,-33.593979],[-58.231407,-33.583784],[-58.231424,-33.583283],[-58.234914,-33.558963],[-58.24018,-33.520885],[-58.240156,-33.520806],[-58.240002,-33.520794],[-58.239942,-33.520672],[-58.239751,-33.520732],[-58.239581,-33.52064],[-58.239493,-33.520753],[-58.239449,-33.520675],[-58.239225,-33.520638],[-58.238896,-33.52067],[-58.238896,-33.520565],[-58.238431,-33.520704],[-58.238217,-33.520633],[-58.237876,-33.520678],[-58.237578,-33.520607],[-58.237224,-33.520676],[-58.236975,-33.520593],[-58.236902,-33.520649],[-58.236547,-33.520613],[-58.236294,-33.520553],[-58.235937,-33.520317],[-58.235772,-33.520329],[-58.235416,-33.520011],[-58.235368,-33.520055],[-58.235054,-33.519962],[-58.234377,-33.519682],[-58.234152,-33.519685],[-58.233353,-33.51946],[-58.232862,-33.51939],[-58.232827,-33.51945],[-58.232826,-33.519385],[-58.232576,-33.519343],[-58.231835,-33.519329],[-58.231123,-33.519507],[-58.230693,-33.51947],[-58.230443,-33.519231],[-58.229868,-33.520217],[-58.228991,-33.521408],[-58.230676,-33.522219],[-58.230247,-33.523019],[-58.230152,-33.522991],[-58.229977,-33.523359],[-58.235404,-33.526486],[-58.235146,-33.528603],[-58.234674,-33.52888],[-58.234472,-33.529361],[-58.23419,-33.529499],[-58.233903,-33.529513],[-58.233245,-33.529714],[-58.233172,-33.529852],[-58.233136,-33.53008],[-58.233717,-33.530567],[-58.233693,-33.530905],[-58.233427,-33.531492],[-58.231476,-33.532494],[-58.23067,-33.532732],[-58.228976,-33.533611],[-58.22702,-33.53449],[-58.226675,-33.534922],[-58.226192,-33.53599],[-58.225448,-33.536878],[-58.225278,-33.537487],[-58.224904,-33.537836],[-58.223428,-33.53699],[-58.22293,-33.537625],[-58.220534,-33.536265],[-58.219819,-33.537224],[-58.219921,-33.539501],[-58.219916,-33.542572],[-58.215185,-33.544056],[-58.213877,-33.544119],[-58.211773,-33.543648],[-58.211321,-33.546503],[-58.206964,-33.545778],[-58.201201,-33.554372],[-58.200952,-33.554064],[-58.199188,-33.550602],[-58.203991,-33.547922],[-58.201452,-33.543433],[-58.206454,-33.540838],[-58.203476,-33.536609],[-58.202363,-33.532861],[-58.199463,-33.533399],[-58.19919,-33.532437],[-58.206759,-33.531098],[-58.204048,-33.524811],[-58.206361,-33.524026],[-58.206198,-33.523495],[-58.204426,-33.519961],[-58.21198,-33.520194],[-58.212563,-33.517602],[-58.212666,-33.517427],[-58.212803,-33.516579],[-58.213028,-33.5163],[-58.213314,-33.516233],[-58.213353,-33.51603],[-58.212969,-33.51606],[-58.212543,-33.515878],[-58.212453,-33.515952],[-58.210646,-33.515984],[-58.21031,-33.515885],[-58.209988,-33.515893],[-58.209939,-33.515777],[-58.20984,-33.515782],[-58.209829,-33.515881],[-58.209552,-33.515869],[-58.209361,-33.515757],[-58.20925,-33.515801],[-58.209196,-33.51571],[-58.209029,-33.515806],[-58.20846,-33.515752],[-58.208172,-33.515885],[-58.208028,-33.515878],[-58.207963,-33.515792],[-58.207356,-33.515882],[-58.206278,-33.515598],[-58.205932,-33.515363],[-58.205818,-33.515336],[-58.205763,-33.515424],[-58.205709,-33.515299],[-58.205477,-33.515323],[-58.205469,-33.515223],[-58.205375,-33.515244],[-58.205283,-33.515104],[-58.205003,-33.515058],[-58.204708,-33.514875],[-58.204617,-33.514908],[-58.204372,-33.514699],[-58.204103,-33.514687],[-58.20396,-33.514548],[-58.203727,-33.514509],[-58.203715,-33.514415],[-58.20365,-33.514509],[-58.202826,-33.51433],[-58.20224,-33.514544],[-58.20203,-33.514298],[-58.201863,-33.51434],[-58.201778,-33.514277],[-58.201401,-33.514456],[-58.201044,-33.514978],[-58.201257,-33.515166],[-58.201222,-33.515386],[-58.201376,-33.515305],[-58.20124,-33.515791],[-58.200818,-33.516203],[-58.200596,-33.516239],[-58.200466,-33.516065],[-58.200591,-33.516262],[-58.200493,-33.516296],[-58.200433,-33.516473],[-58.200446,-33.516947],[-58.200348,-33.517025],[-58.200208,-33.517559],[-58.200091,-33.517624],[-58.200082,-33.5181],[-58.200583,-33.51846],[-58.200726,-33.518853],[-58.200669,-33.519057],[-58.200397,-33.519307],[-58.200445,-33.519391],[-58.200212,-33.519755],[-58.199551,-33.520242],[-58.199056,-33.520292],[-58.199119,-33.520389],[-58.198986,-33.52034],[-58.199004,-33.520426],[-58.198902,-33.520353],[-58.19886,-33.520422],[-58.198571,-33.5204],[-58.198536,-33.520468],[-58.198237,-33.520378],[-58.198056,-33.520418],[-58.196892,-33.520254],[-58.196515,-33.52012],[-58.19584,-33.520084],[-58.195068,-33.520451],[-58.194741,-33.520461],[-58.194578,-33.520583],[-58.19424,-33.520594],[-58.193985,-33.5205],[-58.193399,-33.520549],[-58.192967,-33.520727],[-58.192846,-33.520681],[-58.192721,-33.520767],[-58.192174,-33.520775],[-58.191957,-33.520907],[-58.191658,-33.520901],[-58.191366,-33.521066],[-58.19046,-33.521193],[-58.190227,-33.521345],[-58.190158,-33.521247],[-58.189889,-33.521392],[-58.189465,-33.52143],[-58.188994,-33.521607],[-58.188584,-33.521605],[-58.188457,-33.521707],[-58.188065,-33.52168],[-58.187092,-33.521965],[-58.18665,-33.521932],[-58.18654,-33.522006],[-58.186373,-33.521949],[-58.186317,-33.521971],[-58.186353,-33.522067],[-58.18527,-33.522249],[-58.184897,-33.522244],[-58.184873,-33.522304],[-58.184328,-33.522361],[-58.184196,-33.522456],[-58.184031,-33.52238],[-58.183631,-33.522486],[-58.183293,-33.522465],[-58.183163,-33.522571],[-58.18258,-33.522649],[-58.182178,-33.522888],[-58.18187,-33.523273],[-58.181534,-33.523353],[-58.180726,-33.523878],[-58.180633,-33.523825],[-58.180632,-33.523928],[-58.180209,-33.524213],[-58.179886,-33.52465],[-58.179697,-33.524754],[-58.179653,-33.524905],[-58.179427,-33.525083],[-58.179393,-33.525232],[-58.179255,-33.525267],[-58.179295,-33.525338],[-58.179027,-33.525734],[-58.179043,-33.525844],[-58.178844,-33.525931],[-58.178758,-33.526259],[-58.178446,-33.526541],[-58.178361,-33.526993],[-58.177941,-33.527993],[-58.178047,-33.528607],[-58.178189,-33.528812],[-58.178155,-33.529042],[-58.178295,-33.529064],[-58.178287,-33.529136],[-58.178142,-33.529171],[-58.178199,-33.529263],[-58.178054,-33.52942],[-58.177583,-33.529615],[-58.1773,-33.529845],[-58.176851,-33.529892],[-58.176632,-33.530013],[-58.176316,-33.529933],[-58.176211,-33.529978],[-58.176063,-33.530151],[-58.176026,-33.53036],[-58.175845,-33.530341],[-58.175693,-33.530514],[-58.175486,-33.530512],[-58.175472,-33.530595],[-58.175201,-33.530708],[-58.174981,-33.530669],[-58.174587,-33.530739],[-58.173512,-33.531122],[-58.173173,-33.53113],[-58.173028,-33.53123],[-58.1727,-33.531267],[-58.172215,-33.53158],[-58.171419,-33.53189],[-58.171176,-33.532151],[-58.171038,-33.532158],[-58.170811,-33.53238],[-58.170647,-33.532399],[-58.170571,-33.532503],[-58.169209,-33.533122],[-58.169155,-33.53309],[-58.168767,-33.533485],[-58.168588,-33.533558],[-58.168516,-33.533736],[-58.168145,-33.533955],[-58.168003,-33.533962],[-58.167711,-33.534222],[-58.16752,-33.534632],[-58.167276,-33.534773],[-58.167187,-33.534931],[-58.167276,-33.535208],[-58.166866,-33.536034],[-58.166697,-33.536904],[-58.166763,-33.537146],[-58.166915,-33.537329],[-58.166865,-33.537441],[-58.166981,-33.537749],[-58.167358,-33.538364],[-58.167908,-33.53882],[-58.168045,-33.539151],[-58.168031,-33.539358],[-58.167916,-33.539672],[-58.16761,-33.539941],[-58.167367,-33.540763],[-58.167406,-33.540854],[-58.167349,-33.540876],[-58.167321,-33.54078],[-58.167224,-33.54084],[-58.167111,-33.541186],[-58.166906,-33.542104],[-58.16701,-33.542468],[-58.166871,-33.543906],[-58.166633,-33.544464],[-58.166665,-33.544721],[-58.166405,-33.545202],[-58.166166,-33.545995],[-58.165985,-33.546114],[-58.165944,-33.546068],[-58.165866,-33.546235],[-58.166023,-33.546769],[-58.165937,-33.547028],[-58.16599,-33.547146],[-58.165467,-33.547527],[-58.165201,-33.54746],[-58.165148,-33.547537],[-58.164913,-33.54754],[-58.164222,-33.547784],[-58.163547,-33.548416],[-58.163318,-33.548711],[-58.163352,-33.548911],[-58.163246,-33.549021],[-58.163313,-33.549207],[-58.163291,-33.549967],[-58.163145,-33.550106],[-58.163064,-33.55039],[-58.163181,-33.550593],[-58.163166,-33.550743],[-58.163079,-33.550672],[-58.162933,-33.550707],[-58.162907,-33.550904],[-58.162672,-33.551224],[-58.162823,-33.55173],[-58.16348,-33.552391],[-58.163711,-33.552452],[-58.163703,-33.552541],[-58.164059,-33.552894],[-58.163908,-33.55287],[-58.164397,-33.553573],[-58.164249,-33.554149],[-58.164013,-33.554457],[-58.163782,-33.554964],[-58.163507,-33.555205],[-58.163455,-33.555498],[-58.165691,-33.556298],[-58.166154,-33.556381],[-58.16661,-33.556308],[-58.181242,-33.549065],[-58.188256,-33.556209],[-58.188301,-33.556391],[-58.188167,-33.556933],[-58.188221,-33.557115],[-58.188602,-33.556652],[-58.188926,-33.556932],[-58.193926,-33.561988],[-58.196252,-33.564475],[-58.19663,-33.564776],[-58.196526,-33.565091],[-58.196865,-33.565093],[-58.197003,-33.565227],[-58.207482,-33.575924],[-58.214885,-33.583313],[-58.22086,-33.589416]]]]}},{"type":"Feature","properties":{"nombre":"Palmar","departamento":"Soriano"},"geometry":{"type":"MultiPolygon","coordinates":[[[[-57.458009,-33.071047],[-57.458603,-33.071277],[-57.459382,-33.071793],[-57.459556,-33.072212],[-57.459455,-33.07244],[-57.459157,-33.072643],[-57.459187,-33.072726],[-57.461578,-33.072996],[-57.465681,-33.07405],[-57.466843,-33.075156],[-57.466983,-33.075237],[-57.467357,-33.075102],[-57.46321,-33.071334],[-57.462448,-33.070229],[-57.462154,-33.069427],[-57.462055,-33.068828],[-57.462057,-33.068147],[-57.462608,-33.062557],[-57.462404,-33.061653],[-57.46183,-33.060694],[-57.462534,-33.061093],[-57.462738,-33.060873],[-57.463107,-33.060667],[-57.46388,-33.059471],[-57.463888,-33.058969],[-57.463691,-33.058306],[-57.463232,-33.058411],[-57.46325,-33.058114],[-57.463022,-33.057974],[-57.462124,-33.057999],[-57.46196,-33.058177],[-57.461679,-33.059128],[-57.461563,-33.059266],[-57.461453,-33.059371],[-57.461093,-33.059105],[-57.460497,-33.05966],[-57.458321,-33.058776],[-57.458253,-33.058568],[-57.458476,-33.057939],[-57.45844,-33.057669],[-57.458067,-33.057316],[-57.457767,-33.057229],[-57.455425,-33.057215],[-57.453467,-33.056599],[-57.453177,-33.056777],[-57.456279,-33.057985],[-57.455892,-33.05912],[-57.456013,-33.059659],[-57.456137,-33.059792],[-57.455787,-33.06009],[-57.455604,-33.06038],[-57.455601,-33.060789],[-57.455361,-33.060794],[-57.455196,-33.061],[-57.455246,-33.06129],[-57.455146,-33.061689],[-57.45431,-33.062579],[-57.453599,-33.062814],[-57.453398,-33.063006],[-57.453203,-33.063416],[-57.45334,-33.063821],[-57.453706,-33.064001],[-57.454238,-33.063983],[-57.454581,-33.063762],[-57.454735,-33.063403],[-57.454862,-33.063304],[-57.45554,-33.06294],[-57.455837,-33.062889],[-57.456149,-33.062677],[-57.45666,-33.062564],[-57.456979,-33.062614],[-57.457894,-33.062523],[-57.458058,-33.062613],[-57.458163,-33.062842],[-57.458016,-33.063493],[-57.458023,-33.064127],[-57.458045,-33.0644],[-57.458265,-33.064756],[-57.458856,-33.065295],[-57.459411,-33.065437],[-57.459823,-33.065656],[-57.460164,-33.066103],[-57.460153,-33.066335],[-57.460019,-33.066572],[-57.459464,-33.066952],[-57.458766,-33.066956],[-57.458507,-33.067086],[-57.457575,-33.067128],[-57.4575,-33.067244],[-57.458099,-33.068],[-57.45931,-33.068742],[-57.459524,-33.068934],[-57.459663,-33.069242],[-57.459544,-33.069782],[-57.459331,-33.070002],[-57.458935,-33.070209],[-57.457791,-33.070406],[-57.457426,-33.070613],[-57.457396,-33.070729],[-57.457672,-33.070934],[-57.458009,-33.071047]]]]}},{"type":"Feature","properties":{"nombre":"Sacachispas","departamento":"Soriano"},"geometry":{"type":"MultiPolygon","coordinates":[[[[-57.639287,-33.122087],[-57.640422,-33.123629],[-57.641872,-33.123039],[-57.634749,-33.114734],[-57.634519,-33.114735],[-57.622025,-33.11789],[-57.621311,-33.117754],[-57.621413,-33.118093],[-57.621664,-33.118494],[-57.621276,-33.119429],[-57.621215,-33.120102],[-57.621393,-33.120544],[-57.621405,-33.120848],[-57.621702,-33.121082],[-57.621807,-33.12145],[-57.621728,-33.121814],[-57.621818,-33.122452],[-57.621754,-33.122637],[-57.621933,-33.123106],[-57.621773,-33.123498],[-57.621851,-33.123727],[-57.626932,-33.122962],[-57.628792,-33.122557],[-57.628751,-33.122415],[-57.630298,-33.122058],[-57.630458,-33.122297],[-57.630343,-33.122473],[-57.630433,-33.122659],[-57.63114,-33.123116],[-57.631439,-33.123133],[-57.631751,-33.123268],[-57.638858,-33.121508],[-57.639287,-33.122087]]]]}},{"type":"Feature","properties":{"nombre":"Jose Enrique Rodo","departamento":"Soriano"},"geometry":{"type":"MultiPolygon","coordinates":[[[[-57.534486,-33.701566],[-57.534765,-33.701115],[-57.535572,-33.700808],[-57.535803,-33.700871],[-57.53616,-33.700707],[-57.535538,-33.699635],[-57.53668,-33.699165],[-57.536173,-33.698219],[-57.539232,-33.696992],[-57.53927,-33.696864],[-57.538612,-33.695933],[-57.541289,-33.694763],[-57.545938,-33.691907],[-57.54499,-33.691424],[-57.544782,-33.691161],[-57.542864,-33.690358],[-57.541237,-33.690683],[-57.538686,-33.692559],[-57.538317,-33.69264],[-57.533898,-33.691591],[-57.533733,-33.69451],[-57.532624,-33.694273],[-57.528028,-33.696155],[-57.528315,-33.696632],[-57.52445,-33.698194],[-57.524069,-33.698872],[-57.524153,-33.699331],[-57.523451,-33.69932],[-57.522577,-33.698752],[-57.519186,-33.696942],[-57.518537,-33.697488],[-57.520917,-33.699122],[-57.520734,-33.699379],[-57.521115,-33.699632],[-57.520157,-33.699994],[-57.519244,-33.700559],[-57.518593,-33.701139],[-57.516683,-33.703175],[-57.515676,-33.703935],[-57.516631,-33.706324],[-57.517161,-33.707886],[-57.519285,-33.707671],[-57.519486,-33.708412],[-57.522035,-33.708039],[-57.521142,-33.705458],[-57.521505,-33.705374],[-57.530752,-33.70168],[-57.531137,-33.702841],[-57.534486,-33.701566]]]]}},{"type":"Feature","properties":{"nombre":"Hipodromo","departamento":"Maldonado"},"geometry":{"type":"MultiPolygon","coordinates":[[[[-54.94417,-34.867061],[-54.944482,-34.867424],[-54.944929,-34.867621],[-54.945227,-34.867934],[-54.945832,-34.868311],[-54.946029,-34.8686],[-54.946402,-34.868838],[-54.947013,-34.868948],[-54.947223,-34.869195],[-54.947747,-34.869574],[-54.947717,-34.870001],[-54.947818,-34.87078],[-54.948767,-34.871527],[-54.94923,-34.872274],[-54.949377,-34.872387],[-54.949407,-34.872662],[-54.949597,-34.873034],[-54.949533,-34.87347],[-54.949229,-34.873973],[-54.949322,-34.874439],[-54.949175,-34.874737],[-54.948802,-34.875159],[-54.948716,-34.875484],[-54.949059,-34.876042],[-54.949525,-34.876314],[-54.950405,-34.876289],[-54.950181,-34.869869],[-54.950044,-34.869009],[-54.945363,-34.860125],[-54.945131,-34.860187],[-54.944273,-34.858458],[-54.94395,-34.857381],[-54.923888,-34.857721],[-54.923504,-34.858514],[-54.935718,-34.858317],[-54.942059,-34.865496],[-54.943948,-34.866734],[-54.943976,-34.866872],[-54.94417,-34.867061]]]]}},{"type":"Feature","properties":{"nombre":"Miguelete","departamento":"Colonia"},"geometry":{"type":"MultiPolygon","coordinates":[[[[-57.651585,-34.009756],[-57.6512,-34.008535],[-57.650602,-34.008662],[-57.649879,-34.007131],[-57.64892,-34.007483],[-57.648217,-34.006179],[-57.650305,-34.005258],[-57.649948,-34.004684],[-57.647884,-34.005476],[-57.647699,-34.005114],[-57.648096,-34.004965],[-57.647813,-34.00445],[-57.650091,-34.003478],[-57.647741,-33.99911],[-57.647792,-33.998942],[-57.647575,-33.99856],[-57.647654,-33.998336],[-57.646598,-33.998763],[-57.646357,-33.99835],[-57.644176,-33.999312],[-57.643773,-33.998493],[-57.643835,-33.998468],[-57.643198,-33.997244],[-57.642211,-33.997835],[-57.644164,-34.001478],[-57.640169,-34.002954],[-57.641822,-34.005962],[-57.642872,-34.008052],[-57.645864,-34.008232],[-57.646084,-34.011551],[-57.648126,-34.011696],[-57.648147,-34.012624],[-57.652302,-34.011693],[-57.651585,-34.009756]]]]}},{"type":"Feature","properties":{"nombre":"Palmitas","departamento":"Soriano"},"geometry":{"type":"MultiPolygon","coordinates":[[[[-57.80773,-33.513123],[-57.808556,-33.511398],[-57.808843,-33.511409],[-57.80879,-33.510913],[-57.81109,-33.510876],[-57.813032,-33.510498],[-57.812109,-33.506813],[-57.809563,-33.507579],[-57.809513,-33.507654],[-57.809497,-33.507367],[-57.804122,-33.509099],[-57.802622,-33.500398],[-57.798769,-33.5013],[-57.790129,-33.505398],[-57.79144,-33.506766],[-57.792969,-33.507354],[-57.792319,-33.508512],[-57.795248,-33.509696],[-57.795713,-33.509486],[-57.795658,-33.5094],[-57.797049,-33.508872],[-57.797073,-33.510499],[-57.797253,-33.510689],[-57.797538,-33.511343],[-57.797754,-33.511371],[-57.798343,-33.51118],[-57.797978,-33.511935],[-57.797939,-33.512379],[-57.798081,-33.512885],[-57.79881,-33.513857],[-57.799019,-33.513617],[-57.798827,-33.513068],[-57.798852,-33.512833],[-57.801138,-33.510599],[-57.804204,-33.510925],[-57.806436,-33.510925],[-57.807024,-33.51104],[-57.806697,-33.512194],[-57.80546,-33.515584],[-57.807132,-33.514733],[-57.80773,-33.513123]]]]}},{"type":"Feature","properties":{"nombre":"Santa Catalina","departamento":"Soriano"},"geometry":{"type":"MultiPolygon","coordinates":[[[[-57.489927,-33.794202],[-57.495481,-33.792179],[-57.49543,-33.791575],[-57.494779,-33.790928],[-57.494292,-33.789925],[-57.494622,-33.789727],[-57.495085,-33.789293],[-57.495468,-33.788615],[-57.496244,-33.782938],[-57.491239,-33.783106],[-57.490883,-33.782928],[-57.491122,-33.783594],[-57.491232,-33.784219],[-57.491242,-33.784736],[-57.491128,-33.785494],[-57.490837,-33.78635],[-57.490508,-33.786944],[-57.490135,-33.787469],[-57.489522,-33.788103],[-57.488572,-33.788804],[-57.487363,-33.789387],[-57.485296,-33.790044],[-57.485145,-33.789766],[-57.484947,-33.789731],[-57.484156,-33.790059],[-57.483139,-33.790763],[-57.482583,-33.791252],[-57.482203,-33.791367],[-57.480345,-33.792952],[-57.480258,-33.793125],[-57.480286,-33.793303],[-57.480756,-33.793691],[-57.48052,-33.794163],[-57.479828,-33.794986],[-57.479323,-33.795877],[-57.479341,-33.797474],[-57.479031,-33.799445],[-57.479044,-33.800192],[-57.479201,-33.800354],[-57.481789,-33.797839],[-57.484755,-33.798507],[-57.484832,-33.795356],[-57.485494,-33.794937],[-57.485616,-33.795021],[-57.48619,-33.794849],[-57.487158,-33.794734],[-57.489927,-33.794202]]]]}},{"type":"Feature","properties":{"nombre":"Playa Hermosa","departamento":"Maldonado"},"geometry":{"type":"MultiPolygon","coordinates":[[[[-55.303617,-34.840611],[-55.303797,-34.840976],[-55.304308,-34.841349],[-55.305132,-34.840633],[-55.30742,-34.839133],[-55.309138,-34.838298],[-55.309762,-34.838299],[-55.309721,-34.838125],[-55.309843,-34.838002],[-55.310108,-34.838025],[-55.3106,-34.837804],[-55.310915,-34.83787],[-55.311176,-34.837775],[-55.311241,-34.837671],[-55.311213,-34.837431],[-55.311458,-34.837294],[-55.311211,-34.836699],[-55.311228,-34.836389],[-55.311535,-34.83588],[-55.311852,-34.835741],[-55.311934,-34.835506],[-55.312236,-34.835396],[-55.312398,-34.835201],[-55.312767,-34.835161],[-55.312957,-34.835251],[-55.313069,-34.83518],[-55.313164,-34.834876],[-55.313105,-34.834484],[-55.312921,-34.834225],[-55.312572,-34.834171],[-55.312467,-34.834008],[-55.312603,-34.833448],[-55.313163,-34.832851],[-55.313868,-34.832913],[-55.31402,-34.832809],[-55.314021,-34.832688],[-55.313745,-34.832431],[-55.313741,-34.832197],[-55.313633,-34.832284],[-55.313355,-34.832241],[-55.313265,-34.831984],[-55.313128,-34.831925],[-55.312382,-34.831665],[-55.312294,-34.831792],[-55.312005,-34.831642],[-55.311793,-34.831316],[-55.311298,-34.830832],[-55.311006,-34.830874],[-55.310818,-34.830617],[-55.310697,-34.830055],[-55.309524,-34.828666],[-55.309272,-34.828555],[-55.309183,-34.828916],[-55.309017,-34.828925],[-55.305493,-34.824697],[-55.305325,-34.824615],[-55.305349,-34.824449],[-55.299959,-34.818106],[-55.299791,-34.818251],[-55.299504,-34.817993],[-55.295239,-34.812974],[-55.292935,-34.815144],[-55.291284,-34.816099],[-55.288977,-34.818059],[-55.287911,-34.8186],[-55.286379,-34.819147],[-55.284177,-34.819802],[-55.284078,-34.820162],[-55.289919,-34.827143],[-55.289937,-34.827441],[-55.288705,-34.828578],[-55.290458,-34.829473],[-55.292615,-34.831668],[-55.293286,-34.832206],[-55.293376,-34.832665],[-55.293581,-34.832832],[-55.293971,-34.833415],[-55.29588,-34.835388],[-55.296064,-34.835684],[-55.301397,-34.841756],[-55.30174,-34.842003],[-55.303298,-34.84021],[-55.303617,-34.840611]]]]}},{"type":"Feature","properties":{"nombre":"Nuevo Paysandu","departamento":"Paysandú"},"geometry":{"type":"MultiPolygon","coordinates":[[[[-58.090426,-32.289887],[-58.090344,-32.289223],[-58.090166,-32.288807],[-58.090262,-32.288537],[-58.090173,-32.287856],[-58.090058,-32.287647],[-58.090086,-32.287316],[-58.090186,-32.287105],[-58.090429,-32.286903],[-58.090641,-32.286943],[-58.090887,-32.286651],[-58.091531,-32.286375],[-58.091634,-32.286127],[-58.091502,-32.28567],[-58.091583,-32.285442],[-58.091951,-32.285081],[-58.092106,-32.284689],[-58.092352,-32.284352],[-58.093134,-32.284013],[-58.093351,-32.283712],[-58.093414,-32.282823],[-58.093333,-32.28275],[-58.093407,-32.282165],[-58.093251,-32.281773],[-58.093381,-32.281497],[-58.093233,-32.280961],[-58.0936,-32.280535],[-58.093869,-32.279665],[-58.093988,-32.279569],[-58.094158,-32.279153],[-58.09457,-32.277612],[-58.09472,-32.277316],[-58.094853,-32.276617],[-58.095,-32.276415],[-58.095369,-32.275484],[-58.095604,-32.274606],[-58.095624,-32.273857],[-58.095761,-32.273812],[-58.095998,-32.27301],[-58.09607,-32.272098],[-58.096347,-32.270731],[-58.09635,-32.270081],[-58.096461,-32.269985],[-58.096492,-32.269307],[-58.09636,-32.269108],[-58.096216,-32.268368],[-58.09646,-32.268123],[-58.09643,-32.267856],[-58.096624,-32.267719],[-58.096656,-32.267546],[-58.096371,-32.266967],[-58.096295,-32.265752],[-58.096559,-32.265535],[-58.096616,-32.264766],[-58.096798,-32.264528],[-58.096621,-32.264496],[-58.096689,-32.264353],[-58.096415,-32.263973],[-58.096141,-32.263828],[-58.09551,-32.263702],[-58.095407,-32.263512],[-58.095772,-32.263333],[-58.095837,-32.262994],[-58.095658,-32.262893],[-58.09552,-32.2624],[-58.095279,-32.262265],[-58.095356,-32.262059],[-58.095225,-32.261936],[-58.095266,-32.261654],[-58.095125,-32.261564],[-58.095095,-32.261426],[-58.095179,-32.260958],[-58.095296,-32.260817],[-58.095302,-32.260431],[-58.095119,-32.260166],[-58.095159,-32.25954],[-58.094826,-32.259074],[-58.094347,-32.258887],[-58.094266,-32.258643],[-58.093876,-32.258265],[-58.093288,-32.257285],[-58.093048,-32.256553],[-58.093038,-32.256203],[-58.093174,-32.255781],[-58.093041,-32.255515],[-58.093018,-32.254957],[-58.093428,-32.254471],[-58.093263,-32.253986],[-58.093533,-32.253449],[-58.093473,-32.253067],[-58.093653,-32.252636],[-58.094233,-32.252348],[-58.094422,-32.251714],[-58.094808,-32.25112],[-58.09494,-32.250768],[-58.095332,-32.250371],[-58.095572,-32.249562],[-58.096029,-32.248735],[-58.096327,-32.248398],[-58.096352,-32.248142],[-58.096025,-32.247802],[-58.095981,-32.247566],[-58.096047,-32.247418],[-58.096463,-32.247057],[-58.096859,-32.247069],[-58.097073,-32.246781],[-58.09731,-32.246671],[-58.097937,-32.245019],[-58.097935,-32.244864],[-58.097635,-32.244443],[-58.097341,-32.243766],[-58.097412,-32.24343],[-58.097276,-32.243252],[-58.097277,-32.242733],[-58.097771,-32.241955],[-58.097791,-32.24107],[-58.098046,-32.240148],[-58.097996,-32.240024],[-58.097307,-32.239933],[-58.097034,-32.239825],[-58.09607,-32.23924],[-58.095817,-32.238903],[-58.095298,-32.237694],[-58.095261,-32.237401],[-58.095402,-32.236865],[-58.095596,-32.23666],[-58.095778,-32.236139],[-58.096368,-32.235544],[-58.097063,-32.235076],[-58.098372,-32.23459],[-58.098992,-32.23409],[-58.09894,-32.233944],[-58.098351,-32.233357],[-58.095728,-32.231715],[-58.095199,-32.23158],[-58.094665,-32.231616],[-58.090528,-32.232781],[-58.090118,-32.23301],[-58.089963,-32.233259],[-58.089841,-32.233705],[-58.089486,-32.236758],[-58.089619,-32.237409],[-58.090005,-32.238529],[-58.090007,-32.239681],[-58.089848,-32.240151],[-58.088565,-32.241643],[-58.087112,-32.243653],[-58.086902,-32.243789],[-58.085406,-32.244048],[-58.084891,-32.243957],[-58.084439,-32.243742],[-58.08395,-32.243224],[-58.083515,-32.242264],[-58.083046,-32.241502],[-58.08262,-32.240359],[-58.08182,-32.239507],[-58.081267,-32.239286],[-58.07973,-32.239169],[-58.078208,-32.239301],[-58.076554,-32.239599],[-58.075602,-32.23969],[-58.073213,-32.239734],[-58.07166,-32.240019],[-58.071258,-32.240309],[-58.070475,-32.241088],[-58.069842,-32.242157],[-58.068687,-32.243514],[-58.068253,-32.243797],[-58.067619,-32.244419],[-58.066804,-32.24498],[-58.066062,-32.245723],[-58.065575,-32.245992],[-58.064883,-32.246624],[-58.064611,-32.247044],[-58.064128,-32.247406],[-58.063708,-32.248039],[-58.062633,-32.248488],[-58.061565,-32.248607],[-58.061004,-32.248456],[-58.060522,-32.248184],[-58.059592,-32.24733],[-58.059327,-32.246746],[-58.058924,-32.246158],[-58.05887,-32.245927],[-58.05895,-32.245478],[-58.058865,-32.245221],[-58.058631,-32.245082],[-58.058188,-32.245107],[-58.057491,-32.245825],[-58.057004,-32.247407],[-58.056675,-32.248059],[-58.055922,-32.250164],[-58.055657,-32.250523],[-58.054183,-32.251859],[-58.053578,-32.252729],[-58.052274,-32.254],[-58.049841,-32.255489],[-58.04905,-32.255428],[-58.048632,-32.255066],[-58.048262,-32.254931],[-58.048021,-32.255132],[-58.047927,-32.255397],[-58.048124,-32.256543],[-58.048047,-32.256877],[-58.047764,-32.257287],[-58.0472,-32.257774],[-58.04679,-32.25786],[-58.045284,-32.257886],[-58.043779,-32.257766],[-58.041966,-32.257458],[-58.041654,-32.257561],[-58.041492,-32.257774],[-58.041381,-32.258621],[-58.041654,-32.25957],[-58.041684,-32.259989],[-58.041573,-32.260413],[-58.041325,-32.260909],[-58.04044,-32.262097],[-58.039038,-32.262858],[-58.038918,-32.263018],[-58.038777,-32.26329],[-58.038918,-32.263675],[-58.038871,-32.264021],[-58.03858,-32.264714],[-58.038683,-32.265073],[-58.038916,-32.265219],[-58.039487,-32.265159],[-58.040883,-32.265963],[-58.041554,-32.266506],[-58.041966,-32.266664],[-58.042223,-32.267036],[-58.042108,-32.267542],[-58.041808,-32.268227],[-58.041786,-32.268512],[-58.041573,-32.268953],[-58.040338,-32.27055],[-58.039764,-32.270971],[-58.039451,-32.271024],[-58.038717,-32.270684],[-58.03811,-32.270204],[-58.037127,-32.270411],[-58.03624,-32.270245],[-58.035863,-32.27029],[-58.035483,-32.270208],[-58.034564,-32.270341],[-58.035199,-32.273491],[-58.035943,-32.276388],[-58.036361,-32.277678],[-58.036582,-32.277991],[-58.036839,-32.278132],[-58.037406,-32.278118],[-58.04074,-32.276312],[-58.040927,-32.276478],[-58.041541,-32.27646],[-58.051144,-32.274867],[-58.054556,-32.294844],[-58.066545,-32.293335],[-58.066672,-32.293412],[-58.066769,-32.293299],[-58.087992,-32.290381],[-58.090457,-32.290002],[-58.090426,-32.289887]]]]}},{"type":"Feature","properties":{"nombre":"Zeballos","departamento":"Paysandú"},"geometry":{"type":"MultiPolygon","coordinates":[[[[-57.411879,-32.05057],[-57.411938,-32.050888],[-57.411817,-32.050951],[-57.411762,-32.05118],[-57.411677,-32.051217],[-57.411279,-32.051072],[-57.411051,-32.05141],[-57.411071,-32.05254],[-57.410997,-32.053305],[-57.411705,-32.055639],[-57.41207,-32.057752],[-57.412522,-32.057616],[-57.423459,-32.049715],[-57.418894,-32.045008],[-57.411537,-32.050299],[-57.411726,-32.050383],[-57.411879,-32.05057]]]]}},{"type":"Feature","properties":{"nombre":"Lagos del Norte","departamento":"Rivera"},"geometry":{"type":"MultiPolygon","coordinates":[[[[-55.504245,-30.985224],[-55.501511,-30.981998],[-55.498896,-30.980298],[-55.497465,-30.97704],[-55.496567,-30.976102],[-55.495776,-30.975036],[-55.495472,-30.975072],[-55.495184,-30.975344],[-55.494962,-30.975638],[-55.494869,-30.975983],[-55.494609,-30.976416],[-55.493631,-30.977587],[-55.492963,-30.978096],[-55.491428,-30.978933],[-55.491259,-30.979116],[-55.491161,-30.97956],[-55.489906,-30.979659],[-55.489772,-30.979617],[-55.48973,-30.979243],[-55.489399,-30.979222],[-55.489117,-30.979384],[-55.489047,-30.979532],[-55.489138,-30.979863],[-55.488997,-30.979969],[-55.488772,-30.979997],[-55.488603,-30.979525],[-55.488405,-30.97944],[-55.488201,-30.979574],[-55.488145,-30.9798],[-55.487193,-30.980032],[-55.487102,-30.980209],[-55.487137,-30.980519],[-55.487024,-30.980786],[-55.487073,-30.980913],[-55.487313,-30.981216],[-55.487391,-30.981547],[-55.487743,-30.981618],[-55.487743,-30.982055],[-55.488074,-30.982323],[-55.48782,-30.982478],[-55.487827,-30.982541],[-55.48813,-30.982788],[-55.488018,-30.983147],[-55.488363,-30.98357],[-55.488349,-30.983732],[-55.488095,-30.984084],[-55.488102,-30.984303],[-55.488542,-30.98455],[-55.488894,-30.984296],[-55.489235,-30.984329],[-55.489516,-30.984208],[-55.489657,-30.984227],[-55.489875,-30.984343],[-55.490556,-30.984459],[-55.490584,-30.984715],[-55.490819,-30.984953],[-55.49179,-30.984878],[-55.492991,-30.984986],[-55.493656,-30.986004],[-55.49343,-30.986363],[-55.494825,-30.987078],[-55.494822,-30.987393],[-55.494955,-30.98757],[-55.495612,-30.987923],[-55.496458,-30.988072],[-55.497032,-30.988736],[-55.497893,-30.989181],[-55.497741,-30.989341],[-55.497852,-30.989435],[-55.499202,-30.989972],[-55.500605,-30.988772],[-55.504245,-30.985224]]]]}},{"type":"Feature","properties":{"nombre":"Sarandi de Cuadra","departamento":"Durazno"},"geometry":{"type":"MultiPolygon","coordinates":[[[[-56.185811,-33.106054],[-56.186304,-33.107382],[-56.187221,-33.106353],[-56.187809,-33.105529],[-56.188529,-33.104731],[-56.188714,-33.104666],[-56.189112,-33.104264],[-56.18937,-33.103862],[-56.187982,-33.103378],[-56.188145,-33.103008],[-56.187463,-33.102601],[-56.187886,-33.101706],[-56.186925,-33.101325],[-56.186196,-33.102318],[-56.18591,-33.102124],[-56.18478,-33.103361],[-56.185811,-33.106054]]]]}},{"type":"Feature","properties":{"nombre":"Parque Jose Luis","departamento":"Salto"},"geometry":{"type":"MultiPolygon","coordinates":[[[[-57.946237,-31.290866],[-57.945178,-31.289907],[-57.944623,-31.289597],[-57.944132,-31.288948],[-57.943754,-31.288706],[-57.943325,-31.288067],[-57.942253,-31.287021],[-57.941911,-31.286923],[-57.941298,-31.287579],[-57.941253,-31.287773],[-57.940982,-31.288071],[-57.941553,-31.288435],[-57.941949,-31.28907],[-57.942962,-31.290295],[-57.943672,-31.290994],[-57.944302,-31.291472],[-57.944681,-31.291606],[-57.946697,-31.29198],[-57.947159,-31.292232],[-57.947379,-31.291991],[-57.947893,-31.291712],[-57.947348,-31.291379],[-57.946737,-31.291218],[-57.946237,-31.290866]]]]}},{"type":"Feature","properties":{"nombre":"Cufre","departamento":"Colonia"},"geometry":{"type":"MultiPolygon","coordinates":[[[[-57.111047,-34.202224],[-57.11002,-34.200941],[-57.110038,-34.20085],[-57.109893,-34.200647],[-57.109315,-34.199988],[-57.109297,-34.199812],[-57.109915,-34.199437],[-57.110235,-34.199832],[-57.110809,-34.19953],[-57.109899,-34.198403],[-57.110088,-34.198397],[-57.110047,-34.198058],[-57.109208,-34.196732],[-57.109264,-34.196463],[-57.109557,-34.196254],[-57.109379,-34.196074],[-57.10905,-34.196328],[-57.10887,-34.196068],[-57.110475,-34.194471],[-57.11199,-34.193301],[-57.10752,-34.193402],[-57.107476,-34.192937],[-57.106674,-34.193104],[-57.106685,-34.193403],[-57.102112,-34.193451],[-57.103794,-34.194891],[-57.102717,-34.195565],[-57.10469,-34.198101],[-57.105448,-34.198158],[-57.105511,-34.198256],[-57.104291,-34.198548],[-57.104491,-34.199027],[-57.106839,-34.198542],[-57.10738,-34.199197],[-57.106084,-34.199549],[-57.106732,-34.200326],[-57.106152,-34.200452],[-57.106373,-34.20125],[-57.105581,-34.201379],[-57.105679,-34.202063],[-57.106499,-34.201903],[-57.106534,-34.202128],[-57.107392,-34.201832],[-57.108828,-34.200986],[-57.110213,-34.202704],[-57.111047,-34.202224]]]]}},{"type":"Feature","properties":{"nombre":"Los Arrayanes","departamento":"Río Negro"},"geometry":{"type":"MultiPolygon","coordinates":[[[[-58.033685,-33.239655],[-58.034863,-33.239704],[-58.035027,-33.239965],[-58.035465,-33.240185],[-58.036738,-33.240204],[-58.036996,-33.240277],[-58.037351,-33.240189],[-58.038691,-33.240133],[-58.042391,-33.239382],[-58.041846,-33.238846],[-58.041837,-33.238184],[-58.041739,-33.237723],[-58.041305,-33.236654],[-58.041321,-33.23621],[-58.041883,-33.234671],[-58.041835,-33.234489],[-58.042435,-33.23365],[-58.042526,-33.233313],[-58.042032,-33.233255],[-58.041503,-33.232922],[-58.040289,-33.232493],[-58.037179,-33.232685],[-58.037328,-33.232213],[-58.034242,-33.232921],[-58.033911,-33.232872],[-58.032254,-33.233249],[-58.032246,-33.232784],[-58.032123,-33.232512],[-58.029608,-33.232018],[-58.030725,-33.221296],[-58.022624,-33.225533],[-58.021616,-33.226287],[-58.020818,-33.227281],[-58.020427,-33.228125],[-58.020323,-33.228577],[-58.018435,-33.240648],[-58.018904,-33.24069],[-58.023677,-33.239917],[-58.024903,-33.239772],[-58.026331,-33.239755],[-58.027287,-33.239582],[-58.030459,-33.239508],[-58.031757,-33.239639],[-58.032335,-33.239582],[-58.032699,-33.239634],[-58.032916,-33.239541],[-58.033223,-33.239664],[-58.033685,-33.239655]]]]}},{"type":"Feature","properties":{"nombre":"Chuy","departamento":"Rocha"},"geometry":{"type":"MultiPolygon","coordinates":[[[[-53.471663,-33.702632],[-53.475326,-33.702635],[-53.474487,-33.697658],[-53.474487,-33.697303],[-53.474366,-33.697273],[-53.474037,-33.695282],[-53.474205,-33.695265],[-53.474184,-33.695039],[-53.474007,-33.695039],[-53.473988,-33.694884],[-53.475791,-33.694818],[-53.475822,-33.695068],[-53.476625,-33.695117],[-53.477416,-33.695584],[-53.47727,-33.691661],[-53.444313,-33.693319],[-53.444276,-33.693237],[-53.439453,-33.693483],[-53.439327,-33.693613],[-53.439898,-33.693955],[-53.440157,-33.693887],[-53.440578,-33.693608],[-53.441203,-33.693608],[-53.441661,-33.69382],[-53.441747,-33.693932],[-53.441705,-33.694376],[-53.441357,-33.694558],[-53.441097,-33.694588],[-53.440899,-33.694783],[-53.440981,-33.694987],[-53.441211,-33.695083],[-53.441594,-33.695542],[-53.442246,-33.695858],[-53.442198,-33.696061],[-53.441708,-33.696568],[-53.441732,-33.696853],[-53.442033,-33.69696],[-53.442679,-33.696668],[-53.443112,-33.696903],[-53.443143,-33.69717],[-53.443064,-33.697403],[-53.442408,-33.697498],[-53.442002,-33.697794],[-53.442344,-33.698843],[-53.442332,-33.699267],[-53.442095,-33.699721],[-53.441667,-33.69991],[-53.440888,-33.699947],[-53.440721,-33.699889],[-53.440627,-33.699994],[-53.441084,-33.700366],[-53.441581,-33.701086],[-53.442332,-33.703488],[-53.442422,-33.703517],[-53.453,-33.701395],[-53.456558,-33.70281],[-53.457531,-33.703634],[-53.457797,-33.704251],[-53.458354,-33.704608],[-53.458264,-33.704356],[-53.458292,-33.703013],[-53.457997,-33.702307],[-53.459601,-33.702012],[-53.460228,-33.702647],[-53.461042,-33.702549],[-53.471663,-33.702632]]]]}},{"type":"Feature","properties":{"nombre":"La Loma","departamento":"Soriano"},"geometry":{"type":"MultiPolygon","coordinates":[[[[-58.331276,-33.447763],[-58.334371,-33.448563],[-58.334638,-33.4487],[-58.334801,-33.448929],[-58.335067,-33.448892],[-58.335067,-33.448778],[-58.34231,-33.448123],[-58.342802,-33.451975],[-58.363581,-33.440293],[-58.356982,-33.39204],[-58.356828,-33.391334],[-58.356648,-33.391441],[-58.356117,-33.391472],[-58.356055,-33.391108],[-58.355937,-33.391383],[-58.355831,-33.391315],[-58.355425,-33.391465],[-58.354823,-33.391483],[-58.354059,-33.391244],[-58.353428,-33.391283],[-58.352724,-33.391013],[-58.352001,-33.391041],[-58.351779,-33.39094],[-58.351679,-33.390753],[-58.351443,-33.390611],[-58.35122,-33.390649],[-58.351115,-33.390752],[-58.350982,-33.390706],[-58.350859,-33.390552],[-58.350837,-33.390287],[-58.350398,-33.390148],[-58.350059,-33.389857],[-58.349822,-33.389519],[-58.349631,-33.388859],[-58.349463,-33.388786],[-58.349652,-33.388629],[-58.349411,-33.388417],[-58.349367,-33.388134],[-58.349527,-33.388103],[-58.34951,-33.387945],[-58.349381,-33.387848],[-58.349261,-33.387906],[-58.349043,-33.387836],[-58.349172,-33.387601],[-58.349153,-33.387448],[-58.348083,-33.387007],[-58.348036,-33.386784],[-58.34809,-33.386583],[-58.348338,-33.386553],[-58.348373,-33.38642],[-58.347978,-33.386374],[-58.347486,-33.386454],[-58.347129,-33.386609],[-58.346626,-33.386603],[-58.346352,-33.386435],[-58.34603,-33.386361],[-58.345787,-33.386097],[-58.34551,-33.385936],[-58.345415,-33.385778],[-58.345479,-33.385671],[-58.345353,-33.385565],[-58.345477,-33.385484],[-58.34552,-33.385324],[-58.34527,-33.385328],[-58.345262,-33.385239],[-58.344912,-33.385019],[-58.344229,-33.385002],[-58.3439,-33.384724],[-58.343646,-33.384778],[-58.34361,-33.384623],[-58.34348,-33.384517],[-58.343224,-33.384478],[-58.342976,-33.384317],[-58.342602,-33.384306],[-58.342248,-33.384137],[-58.342071,-33.384157],[-58.341936,-33.384],[-58.34127,-33.383918],[-58.34093,-33.384016],[-58.340606,-33.383934],[-58.340311,-33.384082],[-58.340116,-33.384026],[-58.340065,-33.384172],[-58.339843,-33.384322],[-58.339534,-33.384136],[-58.339087,-33.384232],[-58.338529,-33.384624],[-58.338665,-33.385045],[-58.338298,-33.385603],[-58.337909,-33.386009],[-58.337765,-33.386025],[-58.337444,-33.386286],[-58.33622,-33.386845],[-58.335809,-33.387162],[-58.334504,-33.387179],[-58.332839,-33.387669],[-58.332217,-33.387655],[-58.331091,-33.387142],[-58.331143,-33.387054],[-58.331562,-33.386943],[-58.331833,-33.386615],[-58.331738,-33.386529],[-58.33144,-33.386849],[-58.330476,-33.387283],[-58.329951,-33.387333],[-58.329544,-33.387146],[-58.328885,-33.387102],[-58.328427,-33.387368],[-58.327709,-33.387519],[-58.327018,-33.38809],[-58.326283,-33.388378],[-58.3259,-33.388358],[-58.324919,-33.388721],[-58.324018,-33.389205],[-58.323779,-33.389483],[-58.323478,-33.389594],[-58.32289,-33.389654],[-58.322528,-33.389931],[-58.328094,-33.401819],[-58.324799,-33.402136],[-58.324676,-33.402087],[-58.325537,-33.403956],[-58.325876,-33.406521],[-58.324988,-33.405093],[-58.324276,-33.405346],[-58.324572,-33.405942],[-58.323709,-33.406238],[-58.323741,-33.40696],[-58.323161,-33.407007],[-58.323138,-33.404657],[-58.320089,-33.405614],[-58.320042,-33.40576],[-58.320497,-33.409713],[-58.31781,-33.409968],[-58.31714,-33.410103],[-58.313811,-33.412053],[-58.310135,-33.414565],[-58.30724,-33.41632],[-58.307428,-33.416778],[-58.307617,-33.416959],[-58.29901,-33.419628],[-58.301719,-33.439968],[-58.301895,-33.440233],[-58.302494,-33.440468],[-58.305745,-33.441315],[-58.331276,-33.447763]]]]}},{"type":"Feature","properties":{"nombre":"Sarandi del Yi","departamento":"Durazno"},"geometry":{"type":"MultiPolygon","coordinates":[[[[-55.642711,-33.353213],[-55.645534,-33.350871],[-55.645489,-33.350841],[-55.64639,-33.35018],[-55.64211,-33.346615],[-55.642356,-33.346409],[-55.642998,-33.346104],[-55.650405,-33.340013],[-55.649699,-33.340054],[-55.649553,-33.339913],[-55.649551,-33.339675],[-55.649426,-33.339439],[-55.649455,-33.339185],[-55.649246,-33.338933],[-55.649355,-33.338837],[-55.649356,-33.338508],[-55.649304,-33.338366],[-55.64899,-33.33807],[-55.648958,-33.337906],[-55.64909,-33.337293],[-55.64904,-33.337152],[-55.648669,-33.337082],[-55.648571,-33.336862],[-55.647674,-33.336099],[-55.64745,-33.335508],[-55.647017,-33.335201],[-55.646442,-33.335043],[-55.646042,-33.335199],[-55.645365,-33.335113],[-55.644762,-33.334901],[-55.643256,-33.334033],[-55.642518,-33.333887],[-55.642033,-33.333929],[-55.640706,-33.334807],[-55.640283,-33.334798],[-55.639968,-33.334941],[-55.639407,-33.334683],[-55.639288,-33.334581],[-55.63932,-33.334396],[-55.638856,-33.334101],[-55.638444,-33.334055],[-55.637867,-33.33429],[-55.637325,-33.334301],[-55.636597,-33.334149],[-55.63567,-33.333632],[-55.635521,-33.333491],[-55.635461,-33.333062],[-55.635303,-33.332747],[-55.635064,-33.332492],[-55.634845,-33.332323],[-55.634106,-33.332132],[-55.633414,-33.331266],[-55.632972,-33.331063],[-55.632845,-33.330713],[-55.632819,-33.329789],[-55.632635,-33.329481],[-55.631919,-33.329202],[-55.631061,-33.329212],[-55.630843,-33.328999],[-55.630212,-33.328627],[-55.629887,-33.328282],[-55.629171,-33.326909],[-55.628655,-33.326268],[-55.628214,-33.325347],[-55.628036,-33.32525],[-55.627837,-33.324991],[-55.627858,-33.324864],[-55.627723,-33.324702],[-55.627198,-33.324551],[-55.626995,-33.324092],[-55.626339,-33.323369],[-55.626234,-33.322827],[-55.625406,-33.321706],[-55.62533,-33.321486],[-55.624698,-33.320914],[-55.624255,-33.320269],[-55.624094,-33.319551],[-55.623736,-33.318754],[-55.623275,-33.318517],[-55.623058,-33.31794],[-55.622865,-33.317734],[-55.621784,-33.317099],[-55.621238,-33.316968],[-55.621041,-33.316733],[-55.620685,-33.315866],[-55.620624,-33.315363],[-55.620254,-33.315],[-55.617777,-33.31708],[-55.616805,-33.31821],[-55.616494,-33.318849],[-55.616135,-33.319926],[-55.616119,-33.32125],[-55.616323,-33.322242],[-55.616939,-33.323573],[-55.613375,-33.325108],[-55.61657,-33.327821],[-55.615603,-33.328639],[-55.6165,-33.32945],[-55.615164,-33.330697],[-55.620172,-33.334624],[-55.619337,-33.335734],[-55.61852,-33.336587],[-55.614486,-33.339663],[-55.614752,-33.339798],[-55.615755,-33.339893],[-55.615891,-33.340224],[-55.616085,-33.340364],[-55.616626,-33.34046],[-55.617051,-33.340701],[-55.61727,-33.341161],[-55.617397,-33.341309],[-55.617698,-33.341432],[-55.617835,-33.341615],[-55.617817,-33.342178],[-55.617307,-33.342346],[-55.617433,-33.342928],[-55.617841,-33.343654],[-55.618445,-33.344283],[-55.61861,-33.344525],[-55.618643,-33.344761],[-55.61895,-33.345067],[-55.619158,-33.345585],[-55.618931,-33.345699],[-55.61896,-33.345851],[-55.619064,-33.346025],[-55.6193,-33.346116],[-55.619637,-33.346832],[-55.619987,-33.347266],[-55.620218,-33.348078],[-55.62055,-33.348848],[-55.620582,-33.349348],[-55.619926,-33.349952],[-55.619947,-33.350094],[-55.620847,-33.350499],[-55.62197,-33.350674],[-55.62254,-33.351014],[-55.623204,-33.351981],[-55.62396,-33.352497],[-55.623936,-33.35277],[-55.623706,-33.353054],[-55.623689,-33.35321],[-55.623798,-33.353438],[-55.624968,-33.354527],[-55.625832,-33.354717],[-55.626514,-33.355103],[-55.626759,-33.354938],[-55.626882,-33.355249],[-55.62749,-33.355264],[-55.627691,-33.355197],[-55.628178,-33.355289],[-55.6294,-33.35586],[-55.630475,-33.356145],[-55.632372,-33.354672],[-55.633056,-33.353961],[-55.633216,-33.353904],[-55.636601,-33.351151],[-55.636818,-33.351155],[-55.637184,-33.350859],[-55.637501,-33.351139],[-55.637875,-33.351144],[-55.638268,-33.351472],[-55.639495,-33.350434],[-55.642711,-33.353213]]],[[[-55.604926,-33.317926],[-55.604046,-33.318552],[-55.604749,-33.319176],[-55.60555,-33.31846],[-55.604926,-33.317926]]],[[[-55.592337,-33.318331],[-55.593235,-33.31753],[-55.59497,-33.31619],[-55.594775,-33.316105],[-55.593938,-33.31541],[-55.590721,-33.3181],[-55.591674,-33.318902],[-55.592337,-33.318331]]]]}},{"type":"Feature","properties":{"nombre":"Carmelo","departamento":"Colonia"},"geometry":{"type":"MultiPolygon","coordinates":[[[[-58.292213,-34.015134],[-58.292281,-34.014959],[-58.292438,-34.014906],[-58.292408,-34.014819],[-58.292499,-34.014761],[-58.29245,-34.014699],[-58.292548,-34.014622],[-58.292463,-34.014501],[-58.29232,-34.014475],[-58.292334,-34.014128],[-58.293809,-34.012703],[-58.29381,-34.012619],[-58.293975,-34.01256],[-58.293966,-34.012371],[-58.29381,-34.012241],[-58.294849,-34.011237],[-58.295362,-34.010552],[-58.296132,-34.009734],[-58.296524,-34.00912],[-58.297156,-34.008483],[-58.297267,-34.008253],[-58.297709,-34.007924],[-58.29854,-34.007562],[-58.300009,-34.007243],[-58.300368,-34.006381],[-58.30105,-34.005468],[-58.30117,-34.004886],[-58.301394,-34.004587],[-58.301484,-34.004133],[-58.301469,-34.003632],[-58.301338,-34.003246],[-58.300605,-34.003162],[-58.300257,-34.002918],[-58.300178,-34.002542],[-58.300302,-34.002273],[-58.300613,-34.002099],[-58.301035,-34.002072],[-58.301445,-34.001945],[-58.30243,-34.001524],[-58.303166,-34.001085],[-58.303584,-34.000636],[-58.303912,-34.000433],[-58.304261,-34.000374],[-58.304757,-34.00047],[-58.305143,-34.000336],[-58.305117,-34.000259],[-58.304888,-34.000192],[-58.304596,-33.99987],[-58.304682,-33.999714],[-58.304995,-33.999546],[-58.305149,-33.999022],[-58.305693,-33.998488],[-58.305841,-33.997975],[-58.306119,-33.997635],[-58.306164,-33.99726],[-58.306373,-33.997019],[-58.306379,-33.996774],[-58.306538,-33.996435],[-58.306476,-33.996127],[-58.306529,-33.995892],[-58.306406,-33.995612],[-58.306115,-33.995424],[-58.306137,-33.995258],[-58.306387,-33.994934],[-58.306941,-33.994993],[-58.307147,-33.994901],[-58.307214,-33.994778],[-58.307149,-33.994676],[-58.306845,-33.994666],[-58.306427,-33.994814],[-58.302483,-33.995434],[-58.301133,-33.991962],[-58.298367,-33.992391],[-58.298147,-33.992231],[-58.297344,-33.991533],[-58.297645,-33.99142],[-58.296648,-33.987169],[-58.295959,-33.98728],[-58.295819,-33.986641],[-58.295874,-33.986547],[-58.296395,-33.98646],[-58.296244,-33.985742],[-58.294702,-33.985956],[-58.2946,-33.985445],[-58.294047,-33.985541],[-58.293682,-33.983951],[-58.302457,-33.982497],[-58.302535,-33.982348],[-58.303061,-33.982114],[-58.303096,-33.981951],[-58.303005,-33.981717],[-58.303122,-33.980712],[-58.303978,-33.980436],[-58.304371,-33.980045],[-58.304445,-33.979829],[-58.304257,-33.979355],[-58.304169,-33.978819],[-58.304445,-33.978457],[-58.29943,-33.979252],[-58.298637,-33.975796],[-58.297693,-33.975101],[-58.295993,-33.976321],[-58.291664,-33.97989],[-58.290796,-33.980466],[-58.290016,-33.97676],[-58.289395,-33.974618],[-58.280906,-33.976196],[-58.280552,-33.974105],[-58.280744,-33.973598],[-58.280404,-33.973162],[-58.280263,-33.972331],[-58.279089,-33.973129],[-58.278415,-33.973769],[-58.27837,-33.973903],[-58.278014,-33.974036],[-58.277736,-33.973959],[-58.277339,-33.974022],[-58.277099,-33.974589],[-58.276876,-33.974812],[-58.275353,-33.975457],[-58.274692,-33.975641],[-58.273803,-33.976177],[-58.273564,-33.976483],[-58.272858,-33.977034],[-58.272566,-33.977366],[-58.272457,-33.977535],[-58.272585,-33.978123],[-58.272549,-33.97824],[-58.271546,-33.979254],[-58.271029,-33.979986],[-58.271024,-33.980359],[-58.270942,-33.980534],[-58.27045,-33.98094],[-58.270107,-33.981446],[-58.269785,-33.981535],[-58.269307,-33.981356],[-58.269083,-33.98136],[-58.268927,-33.981423],[-58.268815,-33.981664],[-58.268612,-33.981741],[-58.267587,-33.981856],[-58.267436,-33.981781],[-58.267198,-33.981798],[-58.266774,-33.981609],[-58.266435,-33.981987],[-58.266033,-33.982089],[-58.265735,-33.982261],[-58.265665,-33.982478],[-58.265771,-33.982645],[-58.265818,-33.983493],[-58.266004,-33.983772],[-58.266658,-33.984217],[-58.266617,-33.984401],[-58.265768,-33.984828],[-58.265734,-33.98502],[-58.266026,-33.985576],[-58.266459,-33.985853],[-58.266759,-33.98591],[-58.266839,-33.986078],[-58.266289,-33.986652],[-58.26655,-33.987036],[-58.266283,-33.987558],[-58.266067,-33.98765],[-58.265656,-33.987501],[-58.265437,-33.987589],[-58.265343,-33.988264],[-58.264888,-33.988661],[-58.264823,-33.988933],[-58.265322,-33.989822],[-58.265336,-33.989998],[-58.265141,-33.99046],[-58.264154,-33.99151],[-58.263785,-33.992171],[-58.263787,-33.992527],[-58.263611,-33.992871],[-58.263652,-33.993138],[-58.263844,-33.993416],[-58.263485,-33.993917],[-58.263325,-33.99486],[-58.263221,-33.995034],[-58.26274,-33.99518],[-58.262574,-33.995376],[-58.262605,-33.99552],[-58.262832,-33.995772],[-58.262832,-33.996023],[-58.26188,-33.996949],[-58.262256,-33.997287],[-58.26264,-33.997446],[-58.263215,-33.997507],[-58.26387,-33.997407],[-58.265059,-33.996927],[-58.26753,-33.995666],[-58.268499,-33.995294],[-58.269262,-33.99514],[-58.270354,-33.995058],[-58.271849,-33.99508],[-58.272607,-33.995214],[-58.273726,-33.995564],[-58.27417,-33.995934],[-58.274584,-33.996605],[-58.274755,-33.997441],[-58.274739,-33.998323],[-58.274552,-33.998697],[-58.27378,-33.999717],[-58.272389,-34.001048],[-58.272012,-34.001564],[-58.271844,-34.002219],[-58.272022,-34.002844],[-58.272276,-34.003052],[-58.272796,-34.00319],[-58.27575,-34.003064],[-58.277727,-34.00355],[-58.278786,-34.003673],[-58.279179,-34.004442],[-58.27951,-34.00484],[-58.281201,-34.006481],[-58.279203,-34.007834],[-58.277842,-34.010271],[-58.277437,-34.010841],[-58.276791,-34.011584],[-58.275225,-34.012634],[-58.274863,-34.01301],[-58.274576,-34.013503],[-58.273626,-34.01319],[-58.273016,-34.012794],[-58.272802,-34.012738],[-58.272144,-34.012869],[-58.271037,-34.013386],[-58.269447,-34.01342],[-58.268716,-34.013703],[-58.268229,-34.013734],[-58.265749,-34.012559],[-58.265563,-34.015106],[-58.26247,-34.01424],[-58.262134,-34.014186],[-58.261824,-34.014337],[-58.261356,-34.015557],[-58.258919,-34.020126],[-58.261916,-34.020408],[-58.267975,-34.018947],[-58.268323,-34.018708],[-58.268643,-34.017933],[-58.268959,-34.017877],[-58.269934,-34.018121],[-58.270236,-34.018128],[-58.271947,-34.016905],[-58.272946,-34.017062],[-58.280884,-34.019212],[-58.281084,-34.019206],[-58.281345,-34.018991],[-58.282441,-34.016253],[-58.28626,-34.017273],[-58.286478,-34.01686],[-58.286325,-34.016301],[-58.286428,-34.015817],[-58.287053,-34.014946],[-58.287543,-34.013779],[-58.291346,-34.014918],[-58.291586,-34.015097],[-58.291656,-34.015276],[-58.291751,-34.015046],[-58.292206,-34.015195],[-58.292213,-34.015134]]]]}},{"type":"Feature","properties":{"nombre":"Tranqueras","departamento":"Rivera"},"geometry":{"type":"MultiPolygon","coordinates":[[[[-55.768172,-31.205316],[-55.768265,-31.205381],[-55.768783,-31.205303],[-55.769005,-31.205423],[-55.769209,-31.2054],[-55.769709,-31.205541],[-55.77019,-31.205469],[-55.770874,-31.206089],[-55.771407,-31.206191],[-55.77173,-31.206358],[-55.772017,-31.2059],[-55.772499,-31.205849],[-55.772619,-31.205761],[-55.772772,-31.205409],[-55.773151,-31.205173],[-55.773586,-31.20515],[-55.773854,-31.204618],[-55.773947,-31.204123],[-55.774683,-31.203613],[-55.775558,-31.20283],[-55.775779,-31.202728],[-55.776354,-31.202786],[-55.776466,-31.202989],[-55.776289,-31.203483],[-55.776291,-31.204002],[-55.776434,-31.204386],[-55.776579,-31.204232],[-55.777928,-31.203741],[-55.778405,-31.203414],[-55.778405,-31.203142],[-55.778133,-31.202924],[-55.778065,-31.202515],[-55.778323,-31.202147],[-55.779051,-31.201723],[-55.779528,-31.201171],[-55.779564,-31.20077],[-55.780749,-31.200253],[-55.781254,-31.199912],[-55.781785,-31.199312],[-55.782371,-31.198086],[-55.782916,-31.197527],[-55.784333,-31.195646],[-55.784524,-31.195265],[-55.784565,-31.19476],[-55.784742,-31.194297],[-55.78538,-31.193356],[-55.785537,-31.193251],[-55.785582,-31.192931],[-55.786514,-31.192161],[-55.786573,-31.19188],[-55.786459,-31.19183],[-55.786485,-31.191653],[-55.786999,-31.191728],[-55.787577,-31.191664],[-55.787854,-31.191459],[-55.788438,-31.191302],[-55.788632,-31.191102],[-55.788329,-31.190882],[-55.788291,-31.190738],[-55.788509,-31.188996],[-55.787783,-31.18612],[-55.788531,-31.185372],[-55.788893,-31.185713],[-55.78965,-31.185161],[-55.788709,-31.183635],[-55.789125,-31.182269],[-55.789041,-31.181726],[-55.790555,-31.180621],[-55.791158,-31.180266],[-55.792047,-31.180049],[-55.794041,-31.179966],[-55.794149,-31.179898],[-55.79009,-31.179089],[-55.786559,-31.17801],[-55.784188,-31.177447],[-55.771779,-31.17471],[-55.770415,-31.174501],[-55.768871,-31.174581],[-55.767071,-31.174987],[-55.766181,-31.175362],[-55.7597,-31.178983],[-55.759178,-31.178666],[-55.758423,-31.179033],[-55.758076,-31.178989],[-55.757459,-31.179631],[-55.756951,-31.179184],[-55.756492,-31.179459],[-55.756291,-31.179316],[-55.755156,-31.179973],[-55.755452,-31.18037],[-55.75592,-31.181343],[-55.755061,-31.182249],[-55.754564,-31.183047],[-55.749645,-31.193892],[-55.74923,-31.194517],[-55.748841,-31.194935],[-55.748125,-31.195484],[-55.747063,-31.19601],[-55.745239,-31.196467],[-55.745175,-31.196505],[-55.745199,-31.196609],[-55.74638,-31.197044],[-55.750862,-31.198957],[-55.751017,-31.199175],[-55.751723,-31.19911],[-55.752083,-31.198987],[-55.751421,-31.201705],[-55.751312,-31.205723],[-55.752434,-31.205812],[-55.752235,-31.206566],[-55.752428,-31.206626],[-55.753073,-31.206501],[-55.753178,-31.206618],[-55.753433,-31.206645],[-55.753566,-31.206796],[-55.75373,-31.206755],[-55.754693,-31.206868],[-55.755226,-31.207122],[-55.755407,-31.207057],[-55.755552,-31.206739],[-55.75615,-31.206821],[-55.756641,-31.207158],[-55.757177,-31.207295],[-55.757201,-31.207614],[-55.757737,-31.207525],[-55.758241,-31.207319],[-55.758653,-31.207388],[-55.759044,-31.207142],[-55.759721,-31.207009],[-55.75985,-31.206928],[-55.760479,-31.205916],[-55.760705,-31.205691],[-55.761651,-31.205339],[-55.76262,-31.205177],[-55.761949,-31.202817],[-55.761822,-31.202576],[-55.762794,-31.202584],[-55.762923,-31.202781],[-55.762924,-31.203401],[-55.763205,-31.203828],[-55.763262,-31.204201],[-55.76378,-31.204317],[-55.764303,-31.204211],[-55.764725,-31.204289],[-55.765238,-31.204683],[-55.76546,-31.204979],[-55.765826,-31.205127],[-55.766682,-31.205002],[-55.767487,-31.205076],[-55.768172,-31.205316]]]]}},{"type":"Feature","properties":{"nombre":"San Jose de Carrasco","departamento":"Canelones"},"geometry":{"type":"MultiPolygon","coordinates":[[[[-56.005544,-34.839737],[-56.011908,-34.836074],[-56.012026,-34.836258],[-56.01219,-34.836307],[-56.010941,-34.831551],[-56.01075,-34.831328],[-56.01,-34.830717],[-56.005449,-34.828722],[-56.00535,-34.828557],[-56.004183,-34.828032],[-56.004118,-34.828149],[-56.003974,-34.828084],[-55.997711,-34.832808],[-55.997106,-34.832335],[-55.996889,-34.832534],[-55.997376,-34.832936],[-55.99703,-34.833194],[-55.997142,-34.833292],[-55.996049,-34.834125],[-55.995976,-34.834333],[-55.989931,-34.838948],[-55.989506,-34.83915],[-55.978928,-34.84731],[-55.977459,-34.848463],[-55.976878,-34.849129],[-55.975814,-34.850088],[-55.981177,-34.853403],[-55.98142,-34.853121],[-55.980869,-34.852593],[-55.981664,-34.852681],[-55.982445,-34.852975],[-55.982988,-34.85328],[-55.983204,-34.85322],[-55.983828,-34.852588],[-55.983589,-34.852443],[-55.986251,-34.850821],[-55.986343,-34.850975],[-56.005544,-34.839737]]]]}},{"type":"Feature","properties":{"nombre":"Montes del Plata","departamento":"Colonia"},"geometry":{"type":"MultiPolygon","coordinates":[[[[-58.038739,-34.181073],[-58.039386,-34.180677],[-58.039265,-34.180491],[-58.039998,-34.180156],[-58.040633,-34.17869],[-58.039812,-34.178612],[-58.039594,-34.178514],[-58.036733,-34.177981],[-58.035727,-34.180969],[-58.038576,-34.180887],[-58.038739,-34.181073]]]]}},{"type":"Feature","properties":{"nombre":"Barrio Copola","departamento":"Canelones"},"geometry":{"type":"MultiPolygon","coordinates":[[[[-56.244174,-34.755775],[-56.244777,-34.755717],[-56.244443,-34.754631],[-56.245725,-34.75435],[-56.244931,-34.751731],[-56.242365,-34.752318],[-56.242076,-34.751039],[-56.239679,-34.751408],[-56.239987,-34.752892],[-56.241132,-34.752598],[-56.241629,-34.754629],[-56.242422,-34.754636],[-56.242626,-34.754873],[-56.242594,-34.755046],[-56.242741,-34.755084],[-56.243097,-34.755942],[-56.244174,-34.755775]]]]}},{"type":"Feature","properties":{"nombre":"Valentines","departamento":"Treinta y Tres"},"geometry":{"type":"MultiPolygon","coordinates":[[[[-55.10453,-33.25939],[-55.106355,-33.25755],[-55.105517,-33.257106],[-55.105393,-33.257163],[-55.104817,-33.256783],[-55.104859,-33.256696],[-55.104271,-33.256284],[-55.101391,-33.254474],[-55.100438,-33.255504],[-55.099654,-33.256217],[-55.099068,-33.256921],[-55.101547,-33.258579],[-55.099845,-33.260496],[-55.102077,-33.261938],[-55.10453,-33.25939]]]]}},{"type":"Feature","properties":{"nombre":"Fray Marcos","departamento":"Florida"},"geometry":{"type":"MultiPolygon","coordinates":[[[[-55.743549,-34.207409],[-55.743581,-34.207533],[-55.743751,-34.207612],[-55.743691,-34.206089],[-55.744418,-34.199182],[-55.745781,-34.19928],[-55.745829,-34.198879],[-55.746543,-34.199282],[-55.746555,-34.197881],[-55.746191,-34.192782],[-55.743941,-34.192616],[-55.745414,-34.190956],[-55.741332,-34.190675],[-55.741518,-34.188972],[-55.739194,-34.188836],[-55.739179,-34.189004],[-55.737239,-34.18886],[-55.737186,-34.18931],[-55.736708,-34.18928],[-55.736585,-34.190303],[-55.733334,-34.190106],[-55.733396,-34.189537],[-55.731904,-34.189497],[-55.731693,-34.192016],[-55.732356,-34.192032],[-55.732229,-34.193484],[-55.731222,-34.193223],[-55.729955,-34.192702],[-55.729144,-34.192231],[-55.727992,-34.191391],[-55.728113,-34.192048],[-55.727748,-34.195402],[-55.734371,-34.196681],[-55.734325,-34.197423],[-55.737982,-34.19828],[-55.737899,-34.198695],[-55.739363,-34.199114],[-55.739214,-34.200677],[-55.738618,-34.200632],[-55.73856,-34.201557],[-55.739126,-34.201574],[-55.739073,-34.202018],[-55.739645,-34.202062],[-55.739527,-34.203438],[-55.740146,-34.203161],[-55.739994,-34.205012],[-55.74099,-34.205116],[-55.741132,-34.205206],[-55.740875,-34.207088],[-55.74343,-34.207238],[-55.743549,-34.207409]]]]}},{"type":"Feature","properties":{"nombre":"Cerro Colorado","departamento":"Flores"},"geometry":{"type":"MultiPolygon","coordinates":[[[[-56.799593,-33.725739],[-56.796405,-33.725959],[-56.796225,-33.72742],[-56.801103,-33.727057],[-56.80145,-33.724597],[-56.800659,-33.724654],[-56.800521,-33.725096],[-56.800717,-33.72509],[-56.80069,-33.725648],[-56.799593,-33.725739]]]]}},{"type":"Feature","properties":{"nombre":"Colonia Nicolich","departamento":"Canelones"},"geometry":{"type":"MultiPolygon","coordinates":[[[[-56.047285,-34.821731],[-56.047308,-34.821644],[-56.04816,-34.821473],[-56.052392,-34.822272],[-56.05197,-34.8216],[-56.051939,-34.820899],[-56.052561,-34.818146],[-56.05307,-34.816732],[-56.052584,-34.815654],[-56.050058,-34.812264],[-56.049602,-34.810498],[-56.049181,-34.809827],[-56.047414,-34.807753],[-56.046235,-34.806871],[-56.045405,-34.806056],[-56.044838,-34.805702],[-56.04409,-34.805543],[-56.042114,-34.805892],[-56.041112,-34.805866],[-56.03774,-34.806304],[-56.03696,-34.803034],[-56.036768,-34.803004],[-56.03163,-34.803823],[-56.031944,-34.80732],[-56.030462,-34.807615],[-56.029502,-34.804145],[-56.024101,-34.804978],[-56.021765,-34.808843],[-56.022481,-34.812047],[-56.007402,-34.815107],[-56.007825,-34.817101],[-56.00461,-34.817582],[-56.002385,-34.816649],[-56.00419,-34.813953],[-56.000961,-34.812866],[-55.998298,-34.81644],[-55.998235,-34.816616],[-55.99312,-34.823093],[-56.00535,-34.828557],[-56.005449,-34.828722],[-56.009637,-34.830538],[-56.010507,-34.831078],[-56.010941,-34.831551],[-56.009523,-34.825004],[-56.009673,-34.825057],[-56.015162,-34.825105],[-56.027913,-34.817854],[-56.028315,-34.817553],[-56.030424,-34.81634],[-56.031045,-34.815815],[-56.032603,-34.81526],[-56.034027,-34.820099],[-56.036451,-34.822738],[-56.038442,-34.824693],[-56.039873,-34.823749],[-56.040222,-34.823026],[-56.046658,-34.821768],[-56.047285,-34.821731]]]]}},{"type":"Feature","properties":{"nombre":"Playa Azul","departamento":"Colonia"},"geometry":{"type":"MultiPolygon","coordinates":[[[[-57.265199,-34.435805],[-57.267892,-34.435786],[-57.26772,-34.435368],[-57.267858,-34.435298],[-57.268022,-34.433511],[-57.268236,-34.432198],[-57.262816,-34.431757],[-57.261853,-34.431875],[-57.261744,-34.432493],[-57.261547,-34.432692],[-57.261465,-34.433036],[-57.261212,-34.43351],[-57.260827,-34.433912],[-57.259936,-34.43434],[-57.259817,-34.434524],[-57.259781,-34.435117],[-57.259923,-34.436017],[-57.265199,-34.435805]]]]}},{"type":"Feature","properties":{"nombre":"Gallinal","departamento":"Paysandú"},"geometry":{"type":"MultiPolygon","coordinates":[[[[-57.483513,-31.886189],[-57.484756,-31.885272],[-57.479704,-31.881621],[-57.478598,-31.880953],[-57.477624,-31.880826],[-57.471001,-31.881367],[-57.471135,-31.882849],[-57.474178,-31.882651],[-57.480244,-31.888554],[-57.483513,-31.886189]]]]}},{"type":"Feature","properties":{"nombre":"Las Garzas","departamento":"Rocha"},"geometry":{"type":"MultiPolygon","coordinates":[[[[-54.403993,-34.731673],[-54.406857,-34.732755],[-54.408218,-34.729767],[-54.407622,-34.724469],[-54.410206,-34.72212],[-54.411708,-34.718673],[-54.411073,-34.718418],[-54.410805,-34.718012],[-54.4108,-34.717522],[-54.410489,-34.717846],[-54.409822,-34.718015],[-54.394977,-34.714128],[-54.390185,-34.726286],[-54.391141,-34.726754],[-54.394685,-34.728154],[-54.397392,-34.729376],[-54.400309,-34.730326],[-54.403993,-34.731673]]]]}},{"type":"Feature","properties":{"nombre":"El Quinton","departamento":"Colonia"},"geometry":{"type":"MultiPolygon","coordinates":[[[[-57.737398,-34.432248],[-57.739322,-34.429522],[-57.738326,-34.429007],[-57.736232,-34.431917],[-57.737398,-34.432248]]]]}},{"type":"Feature","properties":{"nombre":"Las Toscas de Caraguata","departamento":"Tacuarembó"},"geometry":{"type":"MultiPolygon","coordinates":[[[[-55.014387,-32.186016],[-55.013366,-32.185525],[-55.013346,-32.185428],[-55.013818,-32.184889],[-55.013162,-32.184565],[-55.017299,-32.179887],[-55.017308,-32.179603],[-55.016553,-32.177423],[-55.016542,-32.177273],[-55.016732,-32.176862],[-55.024362,-32.167481],[-55.024407,-32.167015],[-55.02403,-32.16702],[-55.023644,-32.167193],[-55.023464,-32.167362],[-55.023337,-32.167281],[-55.023324,-32.167168],[-55.023681,-32.166801],[-55.023566,-32.166353],[-55.023369,-32.166112],[-55.022964,-32.166024],[-55.022735,-32.166114],[-55.022267,-32.166537],[-55.022213,-32.166802],[-55.022092,-32.166875],[-55.021503,-32.16673],[-55.021185,-32.167185],[-55.0209,-32.167289],[-55.020597,-32.167635],[-55.020299,-32.167685],[-55.019898,-32.167535],[-55.019641,-32.167158],[-55.019392,-32.166994],[-55.019414,-32.166424],[-55.019226,-32.166091],[-55.018192,-32.165765],[-55.017933,-32.165921],[-55.017632,-32.165876],[-55.016802,-32.167206],[-55.016091,-32.167402],[-55.015308,-32.167196],[-55.014924,-32.167269],[-55.014647,-32.16772],[-55.014158,-32.168216],[-55.013939,-32.168596],[-55.013449,-32.168939],[-55.013128,-32.169408],[-55.012967,-32.169517],[-55.012213,-32.169781],[-55.011691,-32.169607],[-55.011485,-32.169453],[-55.011331,-32.169433],[-55.011092,-32.169594],[-55.010925,-32.170065],[-55.010951,-32.170309],[-55.011131,-32.170702],[-55.010996,-32.171031],[-55.011105,-32.171256],[-55.010816,-32.171823],[-55.010648,-32.171919],[-55.01032,-32.171894],[-55.009862,-32.172022],[-55.009205,-32.171952],[-55.008974,-32.17181],[-55.008574,-32.1719],[-55.008286,-32.171859],[-55.007786,-32.172189],[-55.007476,-32.172537],[-55.007235,-32.172641],[-55.007101,-32.172902],[-55.007128,-32.173051],[-55.006963,-32.173583],[-55.007081,-32.174076],[-55.007054,-32.174749],[-55.006787,-32.175345],[-55.006832,-32.175494],[-55.00729,-32.175611],[-55.007475,-32.175817],[-55.008924,-32.174926],[-55.01145,-32.175753],[-55.004725,-32.186461],[-55.009137,-32.189372],[-55.009344,-32.189244],[-55.011027,-32.187319],[-55.011335,-32.186784],[-55.016477,-32.189945],[-55.017041,-32.187333],[-55.014387,-32.186016]]]]}},{"type":"Feature","properties":{"nombre":"Solymar","departamento":"Canelones"},"geometry":{"type":"MultiPolygon","coordinates":[[[[-55.978081,-34.83147],[-55.979181,-34.832067],[-55.979776,-34.832277],[-55.986195,-34.825828],[-55.987047,-34.82489],[-55.988144,-34.824052],[-55.988687,-34.82272],[-55.98947,-34.821756],[-55.989685,-34.821355],[-55.984785,-34.819546],[-55.986004,-34.815919],[-55.986279,-34.816005],[-55.98566,-34.813463],[-55.987282,-34.813244],[-55.988707,-34.813215],[-55.98813,-34.814822],[-55.993153,-34.815404],[-55.996304,-34.809958],[-55.99626,-34.80987],[-55.99635,-34.809768],[-55.99637,-34.809533],[-55.996219,-34.809334],[-55.996134,-34.808985],[-55.995992,-34.808842],[-55.9959,-34.808511],[-55.996027,-34.807779],[-55.995851,-34.807176],[-55.995532,-34.806903],[-55.995248,-34.806391],[-55.995085,-34.806349],[-55.994736,-34.806059],[-55.994532,-34.806047],[-55.994445,-34.805865],[-55.994221,-34.805816],[-55.994141,-34.805636],[-55.993759,-34.805405],[-55.993313,-34.805285],[-55.992885,-34.804812],[-55.992665,-34.804727],[-55.992536,-34.804822],[-55.992233,-34.804814],[-55.992365,-34.804719],[-55.99239,-34.804516],[-55.991588,-34.804139],[-55.991554,-34.804013],[-55.991313,-34.803866],[-55.991275,-34.803692],[-55.990973,-34.803531],[-55.990966,-34.803357],[-55.990687,-34.803133],[-55.99068,-34.802918],[-55.990101,-34.802688],[-55.98955,-34.802354],[-55.989444,-34.802136],[-55.989509,-34.802055],[-55.989456,-34.801842],[-55.989369,-34.801775],[-55.989047,-34.801795],[-55.988747,-34.801626],[-55.988684,-34.801482],[-55.988375,-34.801273],[-55.988053,-34.801227],[-55.987538,-34.801348],[-55.986365,-34.800962],[-55.985899,-34.801102],[-55.985518,-34.800889],[-55.984877,-34.801092],[-55.98442,-34.800906],[-55.984366,-34.800806],[-55.983922,-34.800944],[-55.983449,-34.801208],[-55.978789,-34.802557],[-55.978174,-34.800181],[-55.973679,-34.800976],[-55.972809,-34.797688],[-55.967536,-34.798669],[-55.969664,-34.806953],[-55.966203,-34.80762],[-55.963638,-34.808925],[-55.963263,-34.809227],[-55.966099,-34.811122],[-55.965877,-34.811383],[-55.965467,-34.811092],[-55.96295,-34.812437],[-55.95988,-34.816169],[-55.959481,-34.815966],[-55.955912,-34.820359],[-55.956251,-34.820556],[-55.956157,-34.82067],[-55.954918,-34.81998],[-55.954839,-34.82009],[-55.956166,-34.82082],[-55.956074,-34.820925],[-55.955795,-34.820925],[-55.955409,-34.820789],[-55.947272,-34.830837],[-55.946321,-34.830324],[-55.945806,-34.830859],[-55.94528,-34.831812],[-55.945345,-34.831989],[-55.944682,-34.833364],[-55.947194,-34.83526],[-55.948112,-34.835847],[-55.949614,-34.836303],[-55.952104,-34.836866],[-55.953434,-34.837393],[-55.954634,-34.838052],[-55.956423,-34.839326],[-55.959883,-34.841573],[-55.960355,-34.841822],[-55.962857,-34.842586],[-55.963664,-34.842911],[-55.967355,-34.845016],[-55.967667,-34.844709],[-55.968098,-34.844488],[-55.968128,-34.844369],[-55.968723,-34.844555],[-55.968914,-34.844519],[-55.968898,-34.844094],[-55.969094,-34.843862],[-55.969155,-34.843648],[-55.966426,-34.841903],[-55.966492,-34.841837],[-55.967416,-34.842418],[-55.970385,-34.839468],[-55.969944,-34.839238],[-55.970706,-34.838449],[-55.977698,-34.831335],[-55.978081,-34.83147]]]]}},{"type":"Feature","properties":{"nombre":"Paralle","departamento":"Rocha"},"geometry":{"type":"MultiPolygon","coordinates":[[[[-54.315035,-34.224062],[-54.3162,-34.22397],[-54.316088,-34.222962],[-54.317564,-34.223399],[-54.317811,-34.222958],[-54.318595,-34.220869],[-54.317999,-34.220924],[-54.317957,-34.220687],[-54.318036,-34.220389],[-54.317368,-34.219193],[-54.317016,-34.218124],[-54.316663,-34.217656],[-54.316499,-34.217596],[-54.316354,-34.217571],[-54.315382,-34.2181],[-54.31373,-34.218377],[-54.314264,-34.221056],[-54.314481,-34.221342],[-54.314581,-34.222137],[-54.312667,-34.222319],[-54.312804,-34.223074],[-54.313731,-34.223664],[-54.314804,-34.223618],[-54.314867,-34.224074],[-54.315035,-34.224062]]]]}},{"type":"Feature","properties":{"nombre":"Empalme Olmos","departamento":"Canelones"},"geometry":{"type":"MultiPolygon","coordinates":[[[[-55.901275,-34.694945],[-55.902708,-34.693947],[-55.90338,-34.693665],[-55.903874,-34.69326],[-55.904779,-34.6931],[-55.90495,-34.692837],[-55.905742,-34.692853],[-55.905941,-34.692961],[-55.906662,-34.692823],[-55.906678,-34.692708],[-55.906817,-34.692669],[-55.907712,-34.692854],[-55.907832,-34.692948],[-55.90801,-34.692732],[-55.908193,-34.692741],[-55.90835,-34.692647],[-55.908558,-34.692722],[-55.908564,-34.692507],[-55.909098,-34.692392],[-55.909225,-34.692499],[-55.909528,-34.692471],[-55.909614,-34.69264],[-55.909984,-34.692831],[-55.910347,-34.692911],[-55.910592,-34.693154],[-55.911299,-34.693541],[-55.912798,-34.688756],[-55.912917,-34.688299],[-55.912893,-34.688079],[-55.915025,-34.689483],[-55.915234,-34.689544],[-55.915438,-34.689571],[-55.917016,-34.689333],[-55.925054,-34.690736],[-55.924765,-34.689516],[-55.924158,-34.688439],[-55.91913,-34.682489],[-55.9189,-34.682501],[-55.91541,-34.681823],[-55.911921,-34.681053],[-55.91136,-34.683329],[-55.904509,-34.682112],[-55.903736,-34.683558],[-55.903559,-34.684291],[-55.8974,-34.683028],[-55.897911,-34.683732],[-55.898507,-34.684343],[-55.900168,-34.685518],[-55.900149,-34.686122],[-55.899671,-34.687446],[-55.896,-34.686849],[-55.895498,-34.688945],[-55.890215,-34.688049],[-55.889727,-34.689959],[-55.889212,-34.689873],[-55.888745,-34.691745],[-55.893728,-34.692618],[-55.891375,-34.694641],[-55.884983,-34.699115],[-55.884342,-34.699483],[-55.883605,-34.699784],[-55.882409,-34.700057],[-55.885929,-34.701263],[-55.887049,-34.701585],[-55.887336,-34.701583],[-55.887193,-34.701665],[-55.887162,-34.702092],[-55.88755,-34.701877],[-55.887753,-34.701851],[-55.889197,-34.701956],[-55.895184,-34.701645],[-55.895546,-34.701634],[-55.895954,-34.701738],[-55.896108,-34.701556],[-55.896007,-34.701382],[-55.895858,-34.701369],[-55.896065,-34.70068],[-55.896376,-34.700832],[-55.89824,-34.700727],[-55.898558,-34.699436],[-55.897897,-34.699306],[-55.898681,-34.698711],[-55.899055,-34.69769],[-55.899212,-34.697562],[-55.89905,-34.69727],[-55.899142,-34.69638],[-55.899387,-34.696174],[-55.899549,-34.695864],[-55.90048,-34.695127],[-55.901275,-34.694945]]]]}},{"type":"Feature","properties":{"nombre":"Progreso","departamento":"Canelones"},"geometry":{"type":"MultiPolygon","coordinates":[[[[-56.235133,-34.675651],[-56.23848,-34.679741],[-56.240619,-34.678643],[-56.240436,-34.666372],[-56.240884,-34.65112],[-56.241154,-34.649346],[-56.241016,-34.649152],[-56.240735,-34.64902],[-56.240568,-34.649052],[-56.240157,-34.649647],[-56.239617,-34.650179],[-56.232246,-34.656276],[-56.228964,-34.650756],[-56.228801,-34.6506],[-56.224571,-34.656658],[-56.223215,-34.654928],[-56.216731,-34.658229],[-56.215487,-34.656663],[-56.21697,-34.655775],[-56.216555,-34.655238],[-56.217523,-34.654756],[-56.214813,-34.65409],[-56.214454,-34.655354],[-56.213228,-34.657199],[-56.210274,-34.655565],[-56.20966,-34.655914],[-56.214165,-34.661565],[-56.212405,-34.662588],[-56.214143,-34.664778],[-56.211628,-34.666137],[-56.212268,-34.666771],[-56.21178,-34.667109],[-56.212781,-34.66817],[-56.211532,-34.669027],[-56.211941,-34.66944],[-56.203084,-34.675354],[-56.203875,-34.678616],[-56.20042,-34.68508],[-56.200041,-34.685621],[-56.200282,-34.685767],[-56.205589,-34.68232],[-56.208175,-34.680402],[-56.208322,-34.680382],[-56.209441,-34.681278],[-56.209573,-34.681301],[-56.212162,-34.679593],[-56.213582,-34.684657],[-56.214041,-34.684262],[-56.214741,-34.683824],[-56.214864,-34.683626],[-56.215057,-34.68365],[-56.215064,-34.685131],[-56.216256,-34.684932],[-56.218884,-34.68426],[-56.218221,-34.683465],[-56.219585,-34.682515],[-56.219635,-34.682383],[-56.219749,-34.682508],[-56.221852,-34.681043],[-56.22198,-34.681199],[-56.222387,-34.680945],[-56.222171,-34.680674],[-56.224489,-34.679106],[-56.223493,-34.677864],[-56.225963,-34.676073],[-56.223317,-34.672761],[-56.225167,-34.671866],[-56.225707,-34.67185],[-56.226747,-34.671999],[-56.227124,-34.672179],[-56.227457,-34.67223],[-56.227715,-34.672569],[-56.227741,-34.67286],[-56.229359,-34.674932],[-56.22963,-34.674932],[-56.229948,-34.6751],[-56.230062,-34.675335],[-56.230523,-34.675495],[-56.230647,-34.675723],[-56.232542,-34.675609],[-56.232795,-34.675499],[-56.233321,-34.675471],[-56.233749,-34.675665],[-56.234251,-34.675453],[-56.23453,-34.674897],[-56.235133,-34.675651]]]]}},{"type":"Feature","properties":{"nombre":"La Cruz","departamento":"Florida"},"geometry":{"type":"MultiPolygon","coordinates":[[[[-56.242567,-33.932141],[-56.243312,-33.932771],[-56.244759,-33.931751],[-56.244776,-33.931642],[-56.244544,-33.931507],[-56.241467,-33.9286],[-56.241503,-33.928524],[-56.240729,-33.927802],[-56.240679,-33.927731],[-56.240735,-33.927691],[-56.240303,-33.927773],[-56.239921,-33.928032],[-56.239628,-33.92775],[-56.238624,-33.928425],[-56.236767,-33.926713],[-56.23483,-33.928164],[-56.231461,-33.925046],[-56.229015,-33.9269],[-56.229907,-33.927675],[-56.229603,-33.927908],[-56.231461,-33.929744],[-56.232973,-33.929609],[-56.234847,-33.931369],[-56.234333,-33.932181],[-56.23602,-33.933715],[-56.239678,-33.931013],[-56.240337,-33.931627],[-56.2408,-33.931299],[-56.241182,-33.931658],[-56.241691,-33.931293],[-56.242567,-33.932141]]]]}},{"type":"Feature","properties":{"nombre":"Campo Chico","departamento":"Colonia"},"geometry":{"type":"MultiPolygon","coordinates":[[[[-58.206815,-34.13445],[-58.206887,-34.135224],[-58.215306,-34.134753],[-58.216344,-34.134435],[-58.215341,-34.133613],[-58.215019,-34.133492],[-58.214564,-34.13346],[-58.214496,-34.13299],[-58.214523,-34.132833],[-58.214635,-34.132742],[-58.210446,-34.132996],[-58.21049,-34.133426],[-58.206743,-34.133633],[-58.206815,-34.13445]]]]}},{"type":"Feature","properties":{"nombre":"18 de Julio","departamento":"Rocha"},"geometry":{"type":"MultiPolygon","coordinates":[[[[-53.558017,-33.68429],[-53.558278,-33.68407],[-53.558651,-33.684427],[-53.559561,-33.68355],[-53.560458,-33.683276],[-53.560332,-33.682892],[-53.560776,-33.68279],[-53.560701,-33.682561],[-53.56117,-33.682414],[-53.560776,-33.681631],[-53.562913,-33.680904],[-53.562577,-33.680603],[-53.562288,-33.680603],[-53.561744,-33.680903],[-53.56141,-33.680869],[-53.560355,-33.680125],[-53.559766,-33.67988],[-53.55921,-33.680025],[-53.55911,-33.679736],[-53.558944,-33.679647],[-53.558721,-33.679647],[-53.558599,-33.679736],[-53.558455,-33.679692],[-53.558444,-33.67958],[-53.557744,-33.679547],[-53.557532,-33.679103],[-53.557132,-33.678558],[-53.556788,-33.678336],[-53.556299,-33.678425],[-53.555844,-33.677869],[-53.555744,-33.677425],[-53.555482,-33.677319],[-53.554941,-33.679038],[-53.541946,-33.682278],[-53.540806,-33.682974],[-53.539942,-33.682423],[-53.539522,-33.682808],[-53.538962,-33.683007],[-53.539313,-33.683878],[-53.539538,-33.68418],[-53.53994,-33.683957],[-53.540916,-33.683746],[-53.541386,-33.68378],[-53.542797,-33.684086],[-53.543745,-33.684452],[-53.545234,-33.685344],[-53.546056,-33.685629],[-53.546724,-33.685697],[-53.547589,-33.685583],[-53.548348,-33.686336],[-53.550394,-33.685745],[-53.551531,-33.686853],[-53.552512,-33.687959],[-53.552574,-33.687945],[-53.552892,-33.688784],[-53.552998,-33.688854],[-53.553689,-33.688649],[-53.553706,-33.688727],[-53.554107,-33.688626],[-53.553971,-33.687558],[-53.554469,-33.687381],[-53.554534,-33.686604],[-53.554857,-33.686336],[-53.555143,-33.686642],[-53.555287,-33.686536],[-53.555499,-33.686742],[-53.55589,-33.686445],[-53.555782,-33.686334],[-53.556015,-33.686137],[-53.555927,-33.686053],[-53.556558,-33.685575],[-53.556305,-33.68521],[-53.557031,-33.684657],[-53.5573,-33.684898],[-53.558017,-33.68429]]]]}},{"type":"Feature","properties":{"nombre":"Sarandi de Arapey","departamento":"Salto"},"geometry":{"type":"MultiPolygon","coordinates":[[[[-56.214404,-30.989879],[-56.219141,-30.989652],[-56.219109,-30.989208],[-56.219476,-30.989177],[-56.219363,-30.987253],[-56.219179,-30.987118],[-56.218533,-30.986971],[-56.217213,-30.986929],[-56.216855,-30.987111],[-56.216006,-30.987069],[-56.215676,-30.987167],[-56.215554,-30.987093],[-56.215313,-30.987126],[-56.214663,-30.987686],[-56.212708,-30.98853],[-56.214524,-30.989298],[-56.214404,-30.989879]]]]}},{"type":"Feature","properties":{"nombre":"Cabo Polonio","departamento":"Rocha"},"geometry":{"type":"MultiPolygon","coordinates":[[[[-53.785122,-34.405275],[-53.784946,-34.404832],[-53.785023,-34.404569],[-53.785219,-34.404352],[-53.786642,-34.403465],[-53.788066,-34.402989],[-53.789153,-34.402853],[-53.790682,-34.402854],[-53.791064,-34.403021],[-53.791877,-34.403012],[-53.792489,-34.403157],[-53.794063,-34.403286],[-53.794663,-34.400822],[-53.795131,-34.399819],[-53.795046,-34.399599],[-53.795141,-34.399461],[-53.795066,-34.398635],[-53.784297,-34.392058],[-53.78311,-34.391587],[-53.783002,-34.393764],[-53.782799,-34.395532],[-53.781968,-34.398703],[-53.781331,-34.400103],[-53.780352,-34.40136],[-53.779526,-34.401973],[-53.778799,-34.402237],[-53.778393,-34.40205],[-53.777459,-34.402019],[-53.776727,-34.401693],[-53.776608,-34.401705],[-53.776489,-34.402216],[-53.776322,-34.402431],[-53.776334,-34.402573],[-53.776656,-34.402895],[-53.776727,-34.403989],[-53.776977,-34.404072],[-53.777084,-34.404227],[-53.776905,-34.404798],[-53.777036,-34.405798],[-53.777215,-34.406012],[-53.777691,-34.406012],[-53.77756,-34.406333],[-53.778529,-34.406313],[-53.779052,-34.406134],[-53.779409,-34.406134],[-53.780111,-34.406646],[-53.78042,-34.40661],[-53.78092,-34.406931],[-53.781574,-34.406955],[-53.782074,-34.407145],[-53.783576,-34.407031],[-53.783784,-34.406877],[-53.784063,-34.406906],[-53.784028,-34.407115],[-53.784242,-34.407067],[-53.78445,-34.406906],[-53.784736,-34.407049],[-53.785393,-34.407146],[-53.78585,-34.407103],[-53.785935,-34.406903],[-53.78555,-34.406389],[-53.785421,-34.405775],[-53.785164,-34.405461],[-53.785122,-34.405275]]]]}},{"type":"Feature","properties":{"nombre":"La Floresta","departamento":"Canelones"},"geometry":{"type":"MultiPolygon","coordinates":[[[[-55.684228,-34.762084],[-55.689447,-34.762212],[-55.69279,-34.762492],[-55.697408,-34.763357],[-55.701616,-34.764431],[-55.706402,-34.76592],[-55.705748,-34.764632],[-55.705423,-34.764333],[-55.700797,-34.7628],[-55.699615,-34.762193],[-55.69877,-34.761608],[-55.698556,-34.761345],[-55.698128,-34.760136],[-55.698019,-34.759468],[-55.698018,-34.758823],[-55.698753,-34.757972],[-55.700216,-34.75671],[-55.701438,-34.755226],[-55.702314,-34.753979],[-55.703235,-34.751552],[-55.703639,-34.75023],[-55.703749,-34.748939],[-55.703675,-34.748426],[-55.703091,-34.747286],[-55.702475,-34.746328],[-55.70213,-34.744801],[-55.701784,-34.74389],[-55.701727,-34.742992],[-55.701953,-34.742254],[-55.702431,-34.741517],[-55.70284,-34.741061],[-55.70322,-34.740709],[-55.704293,-34.739994],[-55.705408,-34.739445],[-55.706891,-34.7394],[-55.707992,-34.739033],[-55.708496,-34.738722],[-55.708831,-34.738379],[-55.709141,-34.737875],[-55.709176,-34.737682],[-55.701981,-34.736122],[-55.699593,-34.735884],[-55.699753,-34.735996],[-55.700066,-34.73605],[-55.698919,-34.738993],[-55.698751,-34.738954],[-55.698446,-34.739752],[-55.698281,-34.739711],[-55.698228,-34.739834],[-55.698536,-34.739929],[-55.694927,-34.749006],[-55.696393,-34.749129],[-55.696381,-34.749256],[-55.696277,-34.749248],[-55.696261,-34.749419],[-55.689608,-34.748976],[-55.666502,-34.750403],[-55.666825,-34.750901],[-55.666726,-34.751717],[-55.667037,-34.752302],[-55.667104,-34.752715],[-55.66736,-34.753302],[-55.667473,-34.754116],[-55.667816,-34.754787],[-55.667779,-34.755852],[-55.667371,-34.756501],[-55.666668,-34.757105],[-55.666633,-34.757496],[-55.66677,-34.757848],[-55.666804,-34.758834],[-55.666391,-34.759819],[-55.665127,-34.761386],[-55.664758,-34.762206],[-55.664453,-34.762555],[-55.664146,-34.76315],[-55.663832,-34.763353],[-55.662856,-34.764358],[-55.662696,-34.76473],[-55.662716,-34.765194],[-55.66281,-34.765459],[-55.662929,-34.765555],[-55.663189,-34.765587],[-55.663517,-34.765444],[-55.664281,-34.765284],[-55.66481,-34.76501],[-55.665822,-34.764984],[-55.666671,-34.764828],[-55.667051,-34.76467],[-55.667462,-34.764868],[-55.667817,-34.765462],[-55.668514,-34.765249],[-55.668954,-34.764896],[-55.670087,-34.764507],[-55.6703,-34.764252],[-55.670944,-34.764073],[-55.672218,-34.763343],[-55.672815,-34.763177],[-55.674328,-34.762893],[-55.678195,-34.762431],[-55.681903,-34.762145],[-55.684228,-34.762084]]]]}},{"type":"Feature","properties":{"nombre":"Tala","departamento":"Canelones"},"geometry":{"type":"MultiPolygon","coordinates":[[[[-55.771553,-34.35504],[-55.772148,-34.355052],[-55.772839,-34.355208],[-55.773142,-34.35515],[-55.773671,-34.354384],[-55.774097,-34.353587],[-55.774156,-34.353216],[-55.774106,-34.352617],[-55.774206,-34.352349],[-55.774422,-34.352082],[-55.776539,-34.351474],[-55.776827,-34.351041],[-55.777,-34.350936],[-55.777335,-34.35052],[-55.777466,-34.349827],[-55.777761,-34.349098],[-55.778881,-34.348532],[-55.779402,-34.348445],[-55.780003,-34.347793],[-55.780181,-34.346588],[-55.780527,-34.345658],[-55.78109,-34.344613],[-55.780804,-34.34369],[-55.780882,-34.343354],[-55.780718,-34.343416],[-55.780259,-34.343369],[-55.780063,-34.343217],[-55.780203,-34.343005],[-55.780735,-34.342694],[-55.780791,-34.342508],[-55.780663,-34.342251],[-55.779626,-34.34197],[-55.779378,-34.342028],[-55.779074,-34.341765],[-55.778953,-34.341211],[-55.778837,-34.341031],[-55.778131,-34.340773],[-55.777995,-34.340656],[-55.777895,-34.340259],[-55.777929,-34.339903],[-55.778014,-34.339777],[-55.777932,-34.339388],[-55.777551,-34.338938],[-55.77645,-34.338381],[-55.776208,-34.33808],[-55.776034,-34.338007],[-55.775804,-34.337621],[-55.775559,-34.336913],[-55.775396,-34.336789],[-55.774893,-34.336657],[-55.774729,-34.336704],[-55.773399,-34.336525],[-55.772783,-34.336357],[-55.772505,-34.336138],[-55.772296,-34.335476],[-55.772251,-34.334859],[-55.772078,-34.334267],[-55.772198,-34.334036],[-55.77182,-34.33367],[-55.771159,-34.333698],[-55.770694,-34.333918],[-55.769997,-34.334829],[-55.769641,-34.334883],[-55.769426,-34.334609],[-55.769198,-34.33449],[-55.767987,-34.334544],[-55.767225,-34.334151],[-55.767136,-34.333966],[-55.766697,-34.333614],[-55.766621,-34.333338],[-55.766177,-34.332632],[-55.766185,-34.332472],[-55.765837,-34.331552],[-55.764963,-34.331274],[-55.76493,-34.331077],[-55.765061,-34.330784],[-55.764991,-34.330464],[-55.764812,-34.330272],[-55.763316,-34.329252],[-55.762919,-34.328885],[-55.762827,-34.32861],[-55.762409,-34.328219],[-55.761614,-34.328223],[-55.761322,-34.328481],[-55.760971,-34.32908],[-55.76042,-34.329765],[-55.759938,-34.330014],[-55.759364,-34.330118],[-55.759146,-34.330294],[-55.759111,-34.330991],[-55.758755,-34.331814],[-55.758724,-34.332168],[-55.758824,-34.332332],[-55.758749,-34.332589],[-55.758492,-34.332797],[-55.758407,-34.333025],[-55.758229,-34.333093],[-55.757802,-34.333118],[-55.757282,-34.332948],[-55.756538,-34.332899],[-55.755449,-34.333225],[-55.754775,-34.3333],[-55.75423,-34.333259],[-55.754064,-34.333132],[-55.753056,-34.332999],[-55.752731,-34.332886],[-55.752393,-34.332709],[-55.752038,-34.332358],[-55.75188,-34.332353],[-55.751576,-34.332514],[-55.751279,-34.33237],[-55.751572,-34.339837],[-55.752,-34.340186],[-55.752672,-34.340517],[-55.751098,-34.342485],[-55.749817,-34.343284],[-55.749878,-34.344351],[-55.751216,-34.343924],[-55.751257,-34.345286],[-55.753121,-34.345226],[-55.752978,-34.342107],[-55.754573,-34.342883],[-55.754741,-34.346778],[-55.756142,-34.346737],[-55.756217,-34.348819],[-55.758135,-34.348781],[-55.758219,-34.351143],[-55.758366,-34.351328],[-55.758417,-34.352871],[-55.758827,-34.357146],[-55.758789,-34.357417],[-55.759118,-34.357117],[-55.759252,-34.356741],[-55.759377,-34.356637],[-55.759736,-34.356628],[-55.760009,-34.35677],[-55.760224,-34.357035],[-55.760156,-34.357635],[-55.76044,-34.357995],[-55.760849,-34.358165],[-55.761834,-34.358392],[-55.763031,-34.358305],[-55.763617,-34.357951],[-55.76382,-34.356599],[-55.764007,-34.356211],[-55.764415,-34.355977],[-55.764851,-34.355833],[-55.765281,-34.355834],[-55.766012,-34.356261],[-55.766352,-34.357052],[-55.76667,-34.357297],[-55.766852,-34.357327],[-55.768199,-34.356655],[-55.768828,-34.356434],[-55.769817,-34.355486],[-55.770672,-34.355418],[-55.771553,-34.35504]]]]}},{"type":"Feature","properties":{"nombre":"Palmares de la Coronilla","departamento":"Rocha"},"geometry":{"type":"MultiPolygon","coordinates":[[[[-53.47748,-33.848298],[-53.477651,-33.848598],[-53.483441,-33.847977],[-53.486527,-33.847565],[-53.486137,-33.845332],[-53.475878,-33.846289],[-53.477268,-33.848128],[-53.47748,-33.848298]]]]}},{"type":"Feature","properties":{"nombre":"Villa Argentina","departamento":"Canelones"},"geometry":{"type":"MultiPolygon","coordinates":[[[[-55.779751,-34.77134],[-55.781222,-34.77105],[-55.781781,-34.771023],[-55.7816,-34.77041],[-55.781708,-34.76997],[-55.781586,-34.769813],[-55.781631,-34.769379],[-55.781821,-34.769126],[-55.781823,-34.768876],[-55.781655,-34.768637],[-55.781624,-34.768086],[-55.781434,-34.767957],[-55.781367,-34.767765],[-55.781429,-34.767438],[-55.781356,-34.766948],[-55.781021,-34.766126],[-55.780708,-34.765686],[-55.781501,-34.764965],[-55.783078,-34.763795],[-55.780163,-34.761145],[-55.779987,-34.760695],[-55.779568,-34.760368],[-55.77943,-34.760969],[-55.777664,-34.762279],[-55.777561,-34.762396],[-55.777441,-34.762858],[-55.777211,-34.762652],[-55.776052,-34.76347],[-55.775694,-34.763776],[-55.77558,-34.764016],[-55.775072,-34.764539],[-55.774666,-34.764201],[-55.77441,-34.764184],[-55.77368,-34.764605],[-55.773201,-34.764981],[-55.773093,-34.765173],[-55.773108,-34.765309],[-55.773493,-34.765789],[-55.773528,-34.766097],[-55.773255,-34.767596],[-55.771893,-34.767486],[-55.771438,-34.767221],[-55.770063,-34.767186],[-55.769714,-34.767265],[-55.769675,-34.767392],[-55.769196,-34.767322],[-55.769158,-34.767493],[-55.771913,-34.767894],[-55.771975,-34.76807],[-55.773131,-34.76821],[-55.772678,-34.770204],[-55.772691,-34.7706],[-55.772985,-34.771472],[-55.773109,-34.771691],[-55.773399,-34.771814],[-55.773237,-34.771961],[-55.773277,-34.772034],[-55.773216,-34.772095],[-55.775675,-34.771738],[-55.778264,-34.771568],[-55.779751,-34.77134]]]]}},{"type":"Feature","properties":{"nombre":"San Francisco de las Sierras","departamento":"Lavalleja"},"geometry":{"type":"MultiPolygon","coordinates":[[[[-55.200442,-34.41624],[-55.205884,-34.415458],[-55.206011,-34.415305],[-55.206178,-34.414724],[-55.206684,-34.414644],[-55.206733,-34.414236],[-55.206639,-34.413785],[-55.206851,-34.413184],[-55.193849,-34.413016],[-55.193059,-34.413432],[-55.192662,-34.413911],[-55.191891,-34.414387],[-55.190663,-34.414733],[-55.190397,-34.414928],[-55.189289,-34.415418],[-55.189051,-34.415407],[-55.188622,-34.415197],[-55.188424,-34.415221],[-55.188273,-34.415418],[-55.18797,-34.415579],[-55.188016,-34.415821],[-55.187936,-34.41595],[-55.187424,-34.416229],[-55.186821,-34.416411],[-55.186435,-34.41682],[-55.187687,-34.416707],[-55.196289,-34.417167],[-55.197189,-34.416913],[-55.200442,-34.41624]]]]}},{"type":"Feature","properties":{"nombre":"Pueblo de Alvarez","departamento":"Durazno"},"geometry":{"type":"MultiPolygon","coordinates":[[[[-56.275861,-33.182059],[-56.276268,-33.183672],[-56.276515,-33.184171],[-56.279449,-33.188559],[-56.280681,-33.191896],[-56.284388,-33.190908],[-56.280751,-33.183459],[-56.281057,-33.183191],[-56.281094,-33.183041],[-56.280779,-33.182229],[-56.280981,-33.181835],[-56.281897,-33.181586],[-56.28158,-33.180344],[-56.279999,-33.180901],[-56.280185,-33.18137],[-56.278051,-33.182018],[-56.277945,-33.181898],[-56.276818,-33.182281],[-56.276624,-33.18198],[-56.276356,-33.182054],[-56.276214,-33.181963],[-56.275861,-33.182059]]]]}},{"type":"Feature","properties":{"nombre":"Esperanza","departamento":"Paysandú"},"geometry":{"type":"MultiPolygon","coordinates":[[[[-57.95403,-32.353012],[-57.958578,-32.351686],[-57.95718,-32.346556],[-57.950636,-32.347778],[-57.950527,-32.347831],[-57.951541,-32.349697],[-57.947104,-32.350522],[-57.94781,-32.353165],[-57.947948,-32.353192],[-57.948551,-32.353023],[-57.948626,-32.353135],[-57.947031,-32.353551],[-57.947269,-32.354323],[-57.949058,-32.353822],[-57.949437,-32.354839],[-57.950315,-32.354269],[-57.950495,-32.354259],[-57.952048,-32.353248],[-57.953194,-32.35268],[-57.953494,-32.353084],[-57.95403,-32.353012]]]]}},{"type":"Feature","properties":{"nombre":"Garibaldi","departamento":"Salto"},"geometry":{"type":"MultiPolygon","coordinates":[[[[-57.828579,-31.342011],[-57.828601,-31.339966],[-57.829932,-31.339995],[-57.829965,-31.338937],[-57.830091,-31.338926],[-57.83009,-31.337544],[-57.828646,-31.336625],[-57.828692,-31.333676],[-57.828209,-31.333711],[-57.827623,-31.333592],[-57.827037,-31.333711],[-57.826434,-31.333597],[-57.825954,-31.333619],[-57.824598,-31.333205],[-57.824512,-31.336024],[-57.824544,-31.340522],[-57.824421,-31.34401],[-57.824889,-31.343993],[-57.825578,-31.343782],[-57.826209,-31.343832],[-57.826798,-31.344189],[-57.827262,-31.34424],[-57.827655,-31.344446],[-57.828151,-31.344498],[-57.828541,-31.344774],[-57.828579,-31.342011]]]]}},{"type":"Feature","properties":{"nombre":"Pueblo Alonzo","departamento":"Paysandú"},"geometry":{"type":"MultiPolygon","coordinates":[[[[-56.72724,-32.396083],[-56.73069,-32.396309],[-56.730645,-32.395296],[-56.726044,-32.39536],[-56.725997,-32.395994],[-56.72724,-32.396083]]]]}},{"type":"Feature","properties":{"nombre":"La Coronilla","departamento":"Rocha"},"geometry":{"type":"MultiPolygon","coordinates":[[[[-53.524394,-33.903824],[-53.524419,-33.904699],[-53.525113,-33.904599],[-53.524726,-33.902196],[-53.524583,-33.896965],[-53.524705,-33.896145],[-53.524975,-33.895669],[-53.524831,-33.89543],[-53.524528,-33.895417],[-53.524662,-33.894759],[-53.524396,-33.89076],[-53.524087,-33.890449],[-53.524089,-33.89023],[-53.523914,-33.889852],[-53.523438,-33.890455],[-53.523069,-33.890346],[-53.522531,-33.890385],[-53.522318,-33.890502],[-53.521742,-33.891165],[-53.520956,-33.891843],[-53.519533,-33.892479],[-53.516758,-33.893056],[-53.516717,-33.892881],[-53.516499,-33.892774],[-53.513111,-33.892836],[-53.512298,-33.89275],[-53.511749,-33.892538],[-53.511217,-33.892165],[-53.510773,-33.891688],[-53.510587,-33.891358],[-53.509269,-33.888058],[-53.509264,-33.887858],[-53.509717,-33.8878],[-53.507895,-33.88368],[-53.502349,-33.884534],[-53.50388,-33.887112],[-53.504444,-33.888563],[-53.504991,-33.889709],[-53.505381,-33.890926],[-53.505693,-33.891441],[-53.506209,-33.892614],[-53.506824,-33.893408],[-53.50729,-33.894614],[-53.50749,-33.895554],[-53.507974,-33.897071],[-53.508053,-33.897578],[-53.508808,-33.899543],[-53.509213,-33.900227],[-53.509716,-33.901372],[-53.510236,-33.902229],[-53.510913,-33.902829],[-53.511426,-33.90362],[-53.511736,-33.903933],[-53.511689,-33.904188],[-53.511075,-33.904865],[-53.510937,-33.905398],[-53.511674,-33.90541],[-53.512145,-33.90493],[-53.513082,-33.904503],[-53.513282,-33.905097],[-53.52228,-33.9042],[-53.52242,-33.904046],[-53.52395,-33.903928],[-53.524394,-33.903824]]]]}},{"type":"Feature","properties":{"nombre":"18 de Mayo","departamento":"Canelones"},"geometry":{"type":"MultiPolygon","coordinates":[[[[-56.234728,-34.722072],[-56.234765,-34.723215],[-56.244926,-34.721403],[-56.245355,-34.7213],[-56.245946,-34.720967],[-56.246323,-34.72102],[-56.246099,-34.720574],[-56.245253,-34.717984],[-56.244799,-34.71683],[-56.243383,-34.712422],[-56.240174,-34.701777],[-56.238574,-34.696743],[-56.238452,-34.696169],[-56.238641,-34.696113],[-56.238646,-34.696017],[-56.238588,-34.695334],[-56.238365,-34.695241],[-56.238385,-34.694449],[-56.238546,-34.693305],[-56.238796,-34.69243],[-56.238278,-34.692274],[-56.237721,-34.692299],[-56.236875,-34.692184],[-56.236693,-34.692087],[-56.236051,-34.69243],[-56.235533,-34.692566],[-56.235308,-34.692533],[-56.234742,-34.692634],[-56.234216,-34.693126],[-56.233573,-34.693554],[-56.233544,-34.694179],[-56.234082,-34.695373],[-56.233999,-34.695531],[-56.233541,-34.69573],[-56.232864,-34.695707],[-56.231943,-34.695977],[-56.231345,-34.696564],[-56.230552,-34.696748],[-56.230269,-34.696995],[-56.230066,-34.697306],[-56.230043,-34.697755],[-56.230207,-34.69791],[-56.230233,-34.698072],[-56.23015,-34.698317],[-56.2299,-34.698574],[-56.229419,-34.698855],[-56.228808,-34.698901],[-56.228486,-34.698809],[-56.228359,-34.698659],[-56.228246,-34.698276],[-56.228174,-34.697689],[-56.227941,-34.697527],[-56.227183,-34.697431],[-56.227485,-34.697095],[-56.227977,-34.696795],[-56.228254,-34.696027],[-56.223977,-34.690805],[-56.218884,-34.68426],[-56.216256,-34.684932],[-56.215064,-34.685131],[-56.215057,-34.68365],[-56.214864,-34.683626],[-56.214741,-34.683824],[-56.212979,-34.685064],[-56.207619,-34.688353],[-56.207615,-34.688213],[-56.203103,-34.691149],[-56.202876,-34.691104],[-56.201902,-34.691792],[-56.201859,-34.691749],[-56.194645,-34.696669],[-56.202052,-34.704264],[-56.210652,-34.712802],[-56.214003,-34.716958],[-56.214059,-34.715626],[-56.215911,-34.709092],[-56.215918,-34.708525],[-56.215661,-34.7072],[-56.216353,-34.707079],[-56.216552,-34.70891],[-56.217078,-34.710983],[-56.219762,-34.715732],[-56.222122,-34.718067],[-56.223739,-34.718021],[-56.223741,-34.717865],[-56.225991,-34.71786],[-56.225997,-34.718358],[-56.230653,-34.71837],[-56.231436,-34.718236],[-56.23147,-34.720885],[-56.234528,-34.720845],[-56.234603,-34.720992],[-56.234728,-34.722072]]]]}},{"type":"Feature","properties":{"nombre":"Barrio Remanso","departamento":"Canelones"},"geometry":{"type":"MultiPolygon","coordinates":[[[[-56.26028,-34.606218],[-56.260342,-34.607942],[-56.264215,-34.607129],[-56.263923,-34.606219],[-56.263327,-34.606352],[-56.262693,-34.604291],[-56.262256,-34.604498],[-56.26086,-34.604789],[-56.26055,-34.604785],[-56.26028,-34.606218]]]]}},{"type":"Feature","properties":{"nombre":"Aigua","departamento":"Maldonado"},"geometry":{"type":"MultiPolygon","coordinates":[[[[-54.767891,-34.207838],[-54.76932,-34.206822],[-54.770146,-34.206344],[-54.770083,-34.205857],[-54.770245,-34.205868],[-54.770843,-34.205529],[-54.771861,-34.204728],[-54.771852,-34.204658],[-54.771281,-34.204526],[-54.77108,-34.204349],[-54.773348,-34.204811],[-54.774084,-34.205241],[-54.774464,-34.204693],[-54.774526,-34.204225],[-54.774909,-34.203792],[-54.774451,-34.203593],[-54.774499,-34.203308],[-54.77425,-34.203174],[-54.774102,-34.202921],[-54.774157,-34.202718],[-54.774557,-34.20211],[-54.774449,-34.201591],[-54.774491,-34.20125],[-54.774766,-34.200889],[-54.774951,-34.200477],[-54.774973,-34.200285],[-54.774672,-34.199663],[-54.774682,-34.199544],[-54.774847,-34.199418],[-54.775362,-34.198665],[-54.776101,-34.198476],[-54.777192,-34.198013],[-54.778205,-34.197725],[-54.778244,-34.196911],[-54.778721,-34.196184],[-54.778564,-34.195865],[-54.778213,-34.195632],[-54.778175,-34.195417],[-54.770318,-34.197592],[-54.769074,-34.197692],[-54.767852,-34.197509],[-54.761097,-34.195179],[-54.760408,-34.195032],[-54.759332,-34.194931],[-54.753017,-34.195201],[-54.752475,-34.195147],[-54.751947,-34.195251],[-54.752309,-34.19535],[-54.752434,-34.19545],[-54.752539,-34.195713],[-54.752688,-34.204551],[-54.752808,-34.205245],[-54.753029,-34.205815],[-54.75292,-34.205977],[-54.753011,-34.207998],[-54.752891,-34.20811],[-54.752477,-34.20814],[-54.752411,-34.208311],[-54.751856,-34.208709],[-54.751019,-34.208765],[-54.750783,-34.208853],[-54.750262,-34.209556],[-54.749999,-34.209621],[-54.749629,-34.209912],[-54.74967,-34.209818],[-54.749257,-34.209796],[-54.749262,-34.209906],[-54.748928,-34.210217],[-54.748908,-34.210322],[-54.74837,-34.210658],[-54.748291,-34.210576],[-54.74807,-34.210991],[-54.747483,-34.211212],[-54.747378,-34.211371],[-54.747398,-34.211457],[-54.749015,-34.211754],[-54.748333,-34.21421],[-54.751466,-34.214578],[-54.751661,-34.214659],[-54.755714,-34.211717],[-54.756098,-34.211646],[-54.756324,-34.211819],[-54.758894,-34.216508],[-54.766626,-34.214346],[-54.764174,-34.211852],[-54.766516,-34.209149],[-54.766079,-34.208638],[-54.767238,-34.208334],[-54.767891,-34.207838]]]]}},{"type":"Feature","properties":{"nombre":"Carmel","departamento":"Canelones"},"geometry":{"type":"MultiPolygon","coordinates":[[[[-55.980257,-34.790644],[-55.983709,-34.790011],[-55.983504,-34.789429],[-55.983354,-34.78927],[-55.983348,-34.789003],[-55.982987,-34.787757],[-55.983059,-34.787751],[-55.98192,-34.78368],[-55.976371,-34.785105],[-55.978694,-34.790933],[-55.980257,-34.790644]]]]}},{"type":"Feature","properties":{"nombre":"Cuchilla Verde","departamento":"Canelones"},"geometry":{"type":"MultiPolygon","coordinates":[[[[-56.312084,-34.440618],[-56.313407,-34.440952],[-56.314472,-34.440888],[-56.313906,-34.438015],[-56.313671,-34.437724],[-56.313442,-34.43758],[-56.310494,-34.436903],[-56.309403,-34.440036],[-56.310225,-34.44022],[-56.310267,-34.440109],[-56.312084,-34.440618]]]]}},{"type":"Feature","properties":{"nombre":"Santa Regina","departamento":"Colonia"},"geometry":{"type":"MultiPolygon","coordinates":[[[[-57.193953,-34.440668],[-57.196213,-34.440502],[-57.197357,-34.440256],[-57.200346,-34.439888],[-57.201156,-34.439621],[-57.201411,-34.438432],[-57.201953,-34.436663],[-57.194474,-34.435376],[-57.194229,-34.435438],[-57.193543,-34.435271],[-57.192558,-34.435286],[-57.191307,-34.435427],[-57.190845,-34.435608],[-57.190335,-34.435956],[-57.189929,-34.436557],[-57.19009,-34.437257],[-57.19003,-34.437994],[-57.190602,-34.440081],[-57.19077,-34.440444],[-57.191072,-34.440693],[-57.19141,-34.440777],[-57.19366,-34.440543],[-57.193654,-34.440709],[-57.193953,-34.440668]]]]}},{"type":"Feature","properties":{"nombre":"Rossell y Rius","departamento":"Durazno"},"geometry":{"type":"MultiPolygon","coordinates":[[[[-55.70245,-33.187239],[-55.70291,-33.187205],[-55.7006,-33.179301],[-55.693769,-33.180731],[-55.693515,-33.181459],[-55.693587,-33.181785],[-55.693448,-33.181937],[-55.693303,-33.182371],[-55.693082,-33.182392],[-55.692929,-33.18263],[-55.692733,-33.182636],[-55.692403,-33.182858],[-55.692074,-33.182868],[-55.691345,-33.183117],[-55.691313,-33.183376],[-55.690915,-33.183842],[-55.689951,-33.183926],[-55.689588,-33.184196],[-55.689462,-33.184502],[-55.689213,-33.184594],[-55.689099,-33.184816],[-55.688854,-33.184934],[-55.690258,-33.189754],[-55.702369,-33.187315],[-55.702384,-33.187211],[-55.70245,-33.187239]]]]}},{"type":"Feature","properties":{"nombre":"Ciudad del Plata","departamento":"San José"},"geometry":{"type":"MultiPolygon","coordinates":[[[[-56.456371,-34.751617],[-56.456553,-34.751693],[-56.457767,-34.751559],[-56.4581,-34.751607],[-56.458315,-34.751871],[-56.459438,-34.751725],[-56.460189,-34.751977],[-56.461282,-34.751921],[-56.46165,-34.752021],[-56.462258,-34.752348],[-56.463679,-34.752242],[-56.465654,-34.751962],[-56.465451,-34.751537],[-56.465354,-34.75152],[-56.465024,-34.750801],[-56.465626,-34.750748],[-56.465769,-34.750689],[-56.465796,-34.750573],[-56.463784,-34.741585],[-56.464086,-34.741106],[-56.464048,-34.740835],[-56.463665,-34.740295],[-56.46298,-34.740039],[-56.462395,-34.739509],[-56.45707,-34.733997],[-56.460147,-34.731962],[-56.459979,-34.731736],[-56.464072,-34.728969],[-56.469439,-34.724012],[-56.470123,-34.72347],[-56.471299,-34.722738],[-56.471154,-34.722568],[-56.470229,-34.723111],[-56.469523,-34.723389],[-56.445363,-34.73601],[-56.4398,-34.72741],[-56.443698,-34.725692],[-56.444518,-34.726954],[-56.447351,-34.725677],[-56.445052,-34.722206],[-56.438917,-34.7134],[-56.430178,-34.71735],[-56.439791,-34.732161],[-56.433583,-34.734835],[-56.430161,-34.729608],[-56.423784,-34.732323],[-56.427458,-34.739017],[-56.419683,-34.74191],[-56.419293,-34.741188],[-56.418726,-34.741403],[-56.416923,-34.738047],[-56.414659,-34.7388],[-56.413236,-34.736221],[-56.413251,-34.73594],[-56.413131,-34.735753],[-56.412988,-34.735717],[-56.412586,-34.734977],[-56.409871,-34.736005],[-56.411959,-34.739855],[-56.407615,-34.741475],[-56.409821,-34.745579],[-56.404795,-34.747451],[-56.407957,-34.753256],[-56.39822,-34.756863],[-56.39543,-34.752448],[-56.394318,-34.752492],[-56.39376,-34.752312],[-56.393626,-34.752368],[-56.392729,-34.75348],[-56.392127,-34.754447],[-56.385393,-34.758858],[-56.384132,-34.757626],[-56.382987,-34.758361],[-56.381934,-34.757418],[-56.379042,-34.759182],[-56.372829,-34.75914],[-56.367211,-34.757986],[-56.365565,-34.757081],[-56.365283,-34.757373],[-56.362698,-34.755812],[-56.362461,-34.754584],[-56.361486,-34.754723],[-56.361288,-34.754902],[-56.360873,-34.756426],[-56.360129,-34.762333],[-56.359702,-34.762258],[-56.359859,-34.762886],[-56.359576,-34.765896],[-56.359396,-34.767365],[-56.359118,-34.768036],[-56.358863,-34.768255],[-56.354625,-34.770182],[-56.355248,-34.770432],[-56.358167,-34.772936],[-56.358231,-34.775787],[-56.358425,-34.776196],[-56.35883,-34.776447],[-56.358406,-34.7771],[-56.357447,-34.778129],[-56.357352,-34.778041],[-56.357325,-34.777728],[-56.352664,-34.774803],[-56.349859,-34.777748],[-56.34936,-34.777819],[-56.347776,-34.779652],[-56.347913,-34.779954],[-56.348833,-34.780745],[-56.350357,-34.781493],[-56.350609,-34.78054],[-56.350454,-34.780476],[-56.350194,-34.780701],[-56.350034,-34.780739],[-56.349864,-34.780676],[-56.348898,-34.780053],[-56.348824,-34.77999],[-56.348865,-34.779874],[-56.34957,-34.779072],[-56.351048,-34.779915],[-56.351554,-34.779699],[-56.35215,-34.779622],[-56.352311,-34.779522],[-56.352492,-34.779269],[-56.352546,-34.778994],[-56.352474,-34.778697],[-56.352251,-34.778454],[-56.351764,-34.778379],[-56.351339,-34.778467],[-56.351279,-34.778505],[-56.351326,-34.778702],[-56.351148,-34.778941],[-56.350709,-34.778695],[-56.350644,-34.778575],[-56.350963,-34.778229],[-56.351346,-34.778067],[-56.351928,-34.77802],[-56.352614,-34.778214],[-56.352863,-34.777607],[-56.35346,-34.777271],[-56.353535,-34.776892],[-56.353479,-34.776736],[-56.352897,-34.776336],[-56.35268,-34.776282],[-56.352373,-34.776407],[-56.352014,-34.77696],[-56.351761,-34.777089],[-56.351248,-34.777232],[-56.350897,-34.777041],[-56.351196,-34.776684],[-56.351408,-34.776816],[-56.351529,-34.776791],[-56.352178,-34.77609],[-56.352383,-34.775967],[-56.35269,-34.775909],[-56.352952,-34.775955],[-56.353866,-34.776463],[-56.354012,-34.77667],[-56.354047,-34.777096],[-56.354217,-34.777415],[-56.354734,-34.777705],[-56.354993,-34.778005],[-56.355177,-34.778456],[-56.354996,-34.778994],[-56.355237,-34.779192],[-56.354974,-34.779477],[-56.354452,-34.779153],[-56.354763,-34.778723],[-56.354815,-34.778355],[-56.354727,-34.778133],[-56.354437,-34.777867],[-56.353724,-34.777589],[-56.353168,-34.777758],[-56.352986,-34.778177],[-56.35304,-34.779084],[-56.352812,-34.779636],[-56.352205,-34.779981],[-56.351625,-34.78009],[-56.351171,-34.780492],[-56.35107,-34.781205],[-56.351162,-34.781326],[-56.351133,-34.781451],[-56.351023,-34.781585],[-56.35089,-34.781592],[-56.350869,-34.781725],[-56.351437,-34.781999],[-56.352921,-34.782461],[-56.353704,-34.782383],[-56.353996,-34.782195],[-56.355042,-34.782136],[-56.355369,-34.781973],[-56.355793,-34.782126],[-56.355786,-34.782412],[-56.356414,-34.782533],[-56.356987,-34.782929],[-56.358137,-34.782918],[-56.358892,-34.783093],[-56.359145,-34.783419],[-56.359409,-34.783579],[-56.361348,-34.784193],[-56.3631,-34.784589],[-56.366526,-34.784863],[-56.367886,-34.784698],[-56.370017,-34.784947],[-56.374364,-34.785159],[-56.375701,-34.784929],[-56.376563,-34.78462],[-56.378018,-34.783846],[-56.379427,-34.782998],[-56.379848,-34.782542],[-56.380393,-34.782343],[-56.380723,-34.782509],[-56.380996,-34.78236],[-56.381369,-34.782333],[-56.382844,-34.781227],[-56.382969,-34.781046],[-56.383572,-34.780595],[-56.383753,-34.780351],[-56.383655,-34.779643],[-56.383577,-34.779564],[-56.383852,-34.77947],[-56.384246,-34.779138],[-56.384537,-34.779058],[-56.384604,-34.778963],[-56.385382,-34.778818],[-56.385583,-34.778433],[-56.386195,-34.777894],[-56.386236,-34.777678],[-56.386073,-34.777124],[-56.386179,-34.776829],[-56.387002,-34.776675],[-56.387287,-34.776372],[-56.387409,-34.776344],[-56.387519,-34.776354],[-56.387685,-34.776545],[-56.388316,-34.776486],[-56.38867,-34.77634],[-56.389176,-34.775952],[-56.389714,-34.775945],[-56.390068,-34.775689],[-56.39029,-34.775376],[-56.39083,-34.775161],[-56.391171,-34.774898],[-56.391876,-34.774696],[-56.392705,-34.774199],[-56.393916,-34.773718],[-56.394472,-34.773544],[-56.394897,-34.773524],[-56.395197,-34.773377],[-56.395727,-34.77339],[-56.396184,-34.773195],[-56.396969,-34.773075],[-56.398156,-34.772616],[-56.39933,-34.7723],[-56.400991,-34.772239],[-56.402034,-34.772335],[-56.403144,-34.772841],[-56.403975,-34.772775],[-56.404549,-34.773114],[-56.404838,-34.772966],[-56.405266,-34.772963],[-56.405917,-34.772486],[-56.406191,-34.772118],[-56.406465,-34.772022],[-56.4065,-34.771726],[-56.406851,-34.771674],[-56.40747,-34.771776],[-56.408016,-34.772019],[-56.408432,-34.772089],[-56.409057,-34.772003],[-56.4092,-34.771862],[-56.409274,-34.771628],[-56.409512,-34.77184],[-56.409784,-34.77193],[-56.410072,-34.771939],[-56.41056,-34.77181],[-56.410808,-34.771924],[-56.411166,-34.771906],[-56.411405,-34.771738],[-56.411504,-34.771546],[-56.411864,-34.771506],[-56.41224,-34.771046],[-56.412253,-34.770825],[-56.41265,-34.770797],[-56.413042,-34.770566],[-56.413225,-34.770322],[-56.413798,-34.770412],[-56.41491,-34.770039],[-56.415367,-34.769601],[-56.415431,-34.76942],[-56.415729,-34.769362],[-56.415878,-34.769235],[-56.415937,-34.769041],[-56.415867,-34.76879],[-56.415947,-34.768689],[-56.416351,-34.768852],[-56.416576,-34.76874],[-56.416548,-34.768495],[-56.416628,-34.768489],[-56.416742,-34.768651],[-56.417032,-34.768629],[-56.417126,-34.768587],[-56.417156,-34.768456],[-56.417019,-34.768324],[-56.417562,-34.768285],[-56.417549,-34.768082],[-56.417622,-34.768017],[-56.417729,-34.768131],[-56.417946,-34.768138],[-56.418301,-34.768002],[-56.418353,-34.767824],[-56.418629,-34.767688],[-56.419238,-34.767652],[-56.41989,-34.767456],[-56.42009,-34.767323],[-56.420099,-34.767156],[-56.420207,-34.767042],[-56.420498,-34.767066],[-56.421084,-34.766906],[-56.421143,-34.766799],[-56.421381,-34.7668],[-56.421513,-34.766598],[-56.421551,-34.7663],[-56.421965,-34.766368],[-56.422666,-34.766031],[-56.422675,-34.765816],[-56.422964,-34.765883],[-56.423265,-34.765783],[-56.42366,-34.765454],[-56.423633,-34.765266],[-56.423828,-34.765326],[-56.424239,-34.76493],[-56.424222,-34.764684],[-56.424454,-34.764697],[-56.424723,-34.764478],[-56.424752,-34.764335],[-56.424977,-34.764312],[-56.424985,-34.764139],[-56.424828,-34.763924],[-56.424908,-34.763823],[-56.42519,-34.7638],[-56.42563,-34.76391],[-56.425695,-34.763844],[-56.425625,-34.763617],[-56.425783,-34.763719],[-56.425899,-34.763654],[-56.426058,-34.763697],[-56.426637,-34.763533],[-56.426538,-34.763264],[-56.426696,-34.763348],[-56.426777,-34.763247],[-56.427029,-34.763332],[-56.427413,-34.76319],[-56.427279,-34.762718],[-56.427495,-34.762809],[-56.42759,-34.762696],[-56.427849,-34.762793],[-56.42807,-34.762772],[-56.428295,-34.762321],[-56.428676,-34.762306],[-56.428939,-34.761945],[-56.42944,-34.761773],[-56.429455,-34.76156],[-56.429542,-34.7615],[-56.433278,-34.759529],[-56.435652,-34.758033],[-56.437002,-34.757464],[-56.43807,-34.757147],[-56.44053,-34.755897],[-56.441661,-34.755497],[-56.442683,-34.755012],[-56.44451,-34.754299],[-56.447056,-34.753458],[-56.448906,-34.752989],[-56.451279,-34.75226],[-56.455222,-34.751422],[-56.45623,-34.751313],[-56.456371,-34.751617]]]]}},{"type":"Feature","properties":{"nombre":"Barrio Hipico","departamento":"Salto"},"geometry":{"type":"MultiPolygon","coordinates":[[[[-57.838794,-31.08105],[-57.837831,-31.077983],[-57.830706,-31.079672],[-57.831701,-31.082748],[-57.838794,-31.08105]]]]}},{"type":"Feature","properties":{"nombre":"Montecoral","departamento":"Florida"},"geometry":{"type":"MultiPolygon","coordinates":[[[[-55.724019,-33.525532],[-55.723502,-33.525751],[-55.724598,-33.527661],[-55.724798,-33.527639],[-55.725113,-33.52825],[-55.726255,-33.529793],[-55.726648,-33.53054],[-55.730135,-33.529965],[-55.729418,-33.528654],[-55.731785,-33.527586],[-55.730886,-33.526213],[-55.728831,-33.527202],[-55.72872,-33.527063],[-55.728781,-33.526848],[-55.727818,-33.524848],[-55.725648,-33.521341],[-55.725192,-33.52018],[-55.724504,-33.520355],[-55.724586,-33.520644],[-55.724083,-33.520864],[-55.724835,-33.522316],[-55.72495,-33.522269],[-55.725683,-33.523537],[-55.724555,-33.524034],[-55.725165,-33.525018],[-55.724019,-33.525532]]]]}},{"type":"Feature","properties":{"nombre":"San Vicente","departamento":"Maldonado"},"geometry":{"type":"MultiPolygon","coordinates":[[[[-54.766767,-34.877835],[-54.772249,-34.874335],[-54.774724,-34.87446],[-54.776341,-34.872462],[-54.778303,-34.872602],[-54.776603,-34.868807],[-54.775764,-34.869235],[-54.775542,-34.869524],[-54.774775,-34.869738],[-54.770299,-34.872038],[-54.769696,-34.872251],[-54.758617,-34.877942],[-54.761824,-34.879545],[-54.763459,-34.880453],[-54.765346,-34.878764],[-54.766767,-34.877835]]]]}},{"type":"Feature","properties":{"nombre":"Nico Perez","departamento":"Florida"},"geometry":{"type":"MultiPolygon","coordinates":[[[[-55.161275,-33.48832],[-55.160464,-33.48751],[-55.159336,-33.486577],[-55.160164,-33.486374],[-55.158688,-33.484586],[-55.158469,-33.484428],[-55.157736,-33.484725],[-55.155974,-33.482665],[-55.156602,-33.482333],[-55.155783,-33.481175],[-55.15546,-33.480568],[-55.155343,-33.480138],[-55.156226,-33.479898],[-55.156381,-33.480421],[-55.157941,-33.480176],[-55.15759,-33.479205],[-55.15908,-33.479341],[-55.159377,-33.479267],[-55.159539,-33.479753],[-55.159676,-33.479843],[-55.160639,-33.479644],[-55.160674,-33.479738],[-55.162664,-33.479387],[-55.162035,-33.476771],[-55.153993,-33.478892],[-55.153496,-33.477566],[-55.152424,-33.47601],[-55.153063,-33.475668],[-55.152262,-33.475667],[-55.15234,-33.474596],[-55.152017,-33.471057],[-55.151734,-33.470222],[-55.150206,-33.46734],[-55.149338,-33.466195],[-55.143585,-33.461007],[-55.14306,-33.462033],[-55.142995,-33.462411],[-55.145143,-33.463697],[-55.147772,-33.465985],[-55.149344,-33.467702],[-55.149784,-33.468404],[-55.151808,-33.47566],[-55.151932,-33.475969],[-55.152158,-33.476076],[-55.151856,-33.476778],[-55.150611,-33.478843],[-55.150282,-33.479819],[-55.150217,-33.480571],[-55.150298,-33.481369],[-55.15053,-33.482074],[-55.150865,-33.482673],[-55.151527,-33.483449],[-55.153212,-33.484438],[-55.155547,-33.486287],[-55.157986,-33.487316],[-55.158333,-33.487068],[-55.159858,-33.487827],[-55.161275,-33.48832]]]]}},{"type":"Feature","properties":{"nombre":"Pueblo Solis","departamento":"Maldonado"},"geometry":{"type":"MultiPolygon","coordinates":[[[[-55.436594,-34.714207],[-55.438816,-34.71333],[-55.436836,-34.71119],[-55.436511,-34.711431],[-55.436207,-34.711818],[-55.433538,-34.713687],[-55.434307,-34.715108],[-55.436594,-34.714207]]]]}},{"type":"Feature","properties":{"nombre":"Cuaro","departamento":"Artigas"},"geometry":{"type":"MultiPolygon","coordinates":[[[[-56.90599,-30.6133],[-56.906472,-30.613207],[-56.906076,-30.611802],[-56.906163,-30.611779],[-56.905879,-30.610453],[-56.903575,-30.611103],[-56.902779,-30.610041],[-56.901943,-30.609285],[-56.901277,-30.609711],[-56.904352,-30.613253],[-56.904766,-30.613059],[-56.905164,-30.614087],[-56.906153,-30.613764],[-56.90599,-30.6133]]]]}},{"type":"Feature","properties":{"nombre":"Barrio Anglo","departamento":"Río Negro"},"geometry":{"type":"MultiPolygon","coordinates":[[[[-58.333066,-33.121317],[-58.333493,-33.120915],[-58.333583,-33.120328],[-58.332978,-33.120393],[-58.334031,-33.118423],[-58.33408,-33.11808],[-58.334274,-33.117758],[-58.333285,-33.117154],[-58.332781,-33.116331],[-58.332256,-33.116003],[-58.332285,-33.115853],[-58.33248,-33.115811],[-58.331989,-33.115618],[-58.332108,-33.115956],[-58.331201,-33.116421],[-58.330841,-33.116475],[-58.330526,-33.116412],[-58.329903,-33.116872],[-58.329248,-33.117065],[-58.3291,-33.117002],[-58.328794,-33.117043],[-58.328457,-33.116911],[-58.328306,-33.116949],[-58.327689,-33.117439],[-58.327553,-33.11787],[-58.327292,-33.118026],[-58.327118,-33.117961],[-58.327051,-33.118079],[-58.326648,-33.118215],[-58.326489,-33.118412],[-58.326154,-33.118585],[-58.325811,-33.118588],[-58.32504,-33.118764],[-58.323336,-33.118665],[-58.323111,-33.11876],[-58.32196,-33.118917],[-58.32067,-33.118786],[-58.319852,-33.118914],[-58.319612,-33.119288],[-58.319617,-33.119486],[-58.321948,-33.119639],[-58.322005,-33.119986],[-58.321474,-33.122862],[-58.320222,-33.12541],[-58.319926,-33.125812],[-58.320799,-33.127591],[-58.321166,-33.12721],[-58.322116,-33.127992],[-58.322208,-33.127961],[-58.322439,-33.125945],[-58.322995,-33.125402],[-58.323849,-33.126092],[-58.325736,-33.123902],[-58.326114,-33.122925],[-58.325649,-33.122795],[-58.327588,-33.120871],[-58.327699,-33.120675],[-58.328288,-33.120882],[-58.328689,-33.120813],[-58.329018,-33.120158],[-58.329668,-33.12039],[-58.330116,-33.120969],[-58.330698,-33.122654],[-58.330896,-33.12253],[-58.331203,-33.122562],[-58.331541,-33.122756],[-58.333066,-33.121317]]]]}},{"type":"Feature","properties":{"nombre":"Barrio Fernandez","departamento":"Salto"},"geometry":{"type":"MultiPolygon","coordinates":[[[[-57.78512,-31.377421],[-57.782812,-31.374496],[-57.783581,-31.37398],[-57.783245,-31.373533],[-57.780976,-31.374736],[-57.784513,-31.377883],[-57.78512,-31.377421]]]]}},{"type":"Feature","properties":{"nombre":"Puerto Ingles","departamento":"Colonia"},"geometry":{"type":"MultiPolygon","coordinates":[[[[-58.070557,-34.206081],[-58.075112,-34.206263],[-58.075111,-34.206167],[-58.074641,-34.206115],[-58.074572,-34.205909],[-58.074246,-34.205691],[-58.074202,-34.205505],[-58.074527,-34.205283],[-58.074434,-34.205198],[-58.072713,-34.205862],[-58.071946,-34.205582],[-58.07162,-34.205371],[-58.071471,-34.205006],[-58.070675,-34.204899],[-58.070584,-34.204681],[-58.070255,-34.204489],[-58.070058,-34.20383],[-58.070059,-34.20318],[-58.070583,-34.202925],[-58.070815,-34.20263],[-58.070818,-34.20239],[-58.070598,-34.202032],[-58.070603,-34.201894],[-58.071729,-34.199796],[-58.07284,-34.197269],[-58.073748,-34.195804],[-58.073819,-34.195336],[-58.074208,-34.19508],[-58.07414,-34.194828],[-58.074275,-34.194544],[-58.074102,-34.194152],[-58.073835,-34.193825],[-58.073484,-34.193781],[-58.073234,-34.193866],[-58.072243,-34.194516],[-58.071695,-34.194982],[-58.07154,-34.195012],[-58.071285,-34.19552],[-58.070766,-34.197153],[-58.070287,-34.198144],[-58.069594,-34.198999],[-58.068975,-34.199393],[-58.064029,-34.201117],[-58.063023,-34.200964],[-58.061738,-34.200268],[-58.060993,-34.200835],[-58.060874,-34.200653],[-58.059442,-34.201935],[-58.061845,-34.202798],[-58.065711,-34.205071],[-58.06861,-34.205938],[-58.070557,-34.206081]]]]}},{"type":"Feature","properties":{"nombre":"Playa Verde","departamento":"Maldonado"},"geometry":{"type":"MultiPolygon","coordinates":[[[[-55.316032,-34.829187],[-55.316553,-34.829086],[-55.316658,-34.828551],[-55.317326,-34.828077],[-55.317329,-34.827883],[-55.317536,-34.827567],[-55.317517,-34.827264],[-55.317722,-34.826926],[-55.317676,-34.826697],[-55.31783,-34.826386],[-55.317972,-34.826274],[-55.317772,-34.825727],[-55.317767,-34.82548],[-55.318087,-34.824968],[-55.318472,-34.824043],[-55.319169,-34.823379],[-55.320457,-34.822429],[-55.321463,-34.821902],[-55.32254,-34.821508],[-55.323699,-34.820146],[-55.324845,-34.819778],[-55.325784,-34.819078],[-55.326413,-34.818966],[-55.326544,-34.818643],[-55.326854,-34.818375],[-55.327064,-34.817987],[-55.327357,-34.817683],[-55.327752,-34.817385],[-55.328648,-34.816939],[-55.329099,-34.816529],[-55.32852,-34.816538],[-55.328039,-34.816687],[-55.327615,-34.816936],[-55.326931,-34.816447],[-55.326698,-34.816371],[-55.326369,-34.816426],[-55.32579,-34.816849],[-55.325695,-34.817093],[-55.325224,-34.81742],[-55.325098,-34.817616],[-55.324259,-34.817957],[-55.323321,-34.818612],[-55.3227,-34.818886],[-55.322089,-34.81893],[-55.321655,-34.818799],[-55.321134,-34.819115],[-55.321165,-34.819194],[-55.321306,-34.819121],[-55.321137,-34.819375],[-55.320771,-34.819567],[-55.320416,-34.819638],[-55.319475,-34.818897],[-55.319409,-34.818573],[-55.319253,-34.818404],[-55.319161,-34.818473],[-55.319122,-34.818413],[-55.318937,-34.817727],[-55.318511,-34.816988],[-55.318448,-34.816431],[-55.318197,-34.815953],[-55.317712,-34.815459],[-55.313237,-34.817162],[-55.312743,-34.816723],[-55.312542,-34.816677],[-55.311608,-34.81595],[-55.311216,-34.816121],[-55.310596,-34.8168],[-55.309741,-34.817135],[-55.309244,-34.817014],[-55.309029,-34.817353],[-55.309678,-34.8176],[-55.309292,-34.818572],[-55.309783,-34.818819],[-55.30915,-34.819215],[-55.312814,-34.823425],[-55.312078,-34.824005],[-55.311851,-34.824018],[-55.311414,-34.824356],[-55.310522,-34.823254],[-55.310228,-34.823397],[-55.309617,-34.822653],[-55.308742,-34.823184],[-55.309355,-34.823906],[-55.309067,-34.824107],[-55.310229,-34.825531],[-55.309732,-34.82645],[-55.309017,-34.828925],[-55.309183,-34.828916],[-55.309272,-34.828555],[-55.309524,-34.828666],[-55.310697,-34.830055],[-55.310818,-34.830617],[-55.311006,-34.830874],[-55.311298,-34.830832],[-55.312064,-34.831679],[-55.312294,-34.831792],[-55.312382,-34.831665],[-55.313128,-34.831925],[-55.313265,-34.831984],[-55.313355,-34.832241],[-55.313633,-34.832284],[-55.313741,-34.832197],[-55.313724,-34.83181],[-55.313793,-34.831602],[-55.314587,-34.830849],[-55.315414,-34.830586],[-55.315945,-34.83067],[-55.316035,-34.830408],[-55.315793,-34.830193],[-55.315609,-34.829845],[-55.315724,-34.829493],[-55.316032,-34.829187]]]]}},{"type":"Feature","properties":{"nombre":"Pilar de los Horneros","departamento":"Canelones"},"geometry":{"type":"MultiPolygon","coordinates":[[[[-55.970113,-34.792794],[-55.969899,-34.792798],[-55.971339,-34.79409],[-55.97218,-34.793791],[-55.972814,-34.793695],[-55.973471,-34.793441],[-55.973952,-34.793105],[-55.974432,-34.793024],[-55.975165,-34.793166],[-55.975366,-34.793342],[-55.975453,-34.793729],[-55.975728,-34.794043],[-55.976417,-34.794134],[-55.976594,-34.794094],[-55.976266,-34.792734],[-55.977483,-34.791248],[-55.975885,-34.791645],[-55.970113,-34.792794]]]]}},{"type":"Feature","properties":{"nombre":"Sauce de Portezuelo","departamento":"Maldonado"},"geometry":{"type":"MultiPolygon","coordinates":[[[[-55.148802,-34.87125],[-55.144344,-34.865967],[-55.144349,-34.865827],[-55.129423,-34.864031],[-55.128074,-34.876626],[-55.128077,-34.877291],[-55.127945,-34.877955],[-55.127823,-34.878076],[-55.127792,-34.878968],[-55.127672,-34.87951],[-55.127944,-34.8794],[-55.12878,-34.879298],[-55.129306,-34.879464],[-55.130454,-34.87941],[-55.131329,-34.879495],[-55.131665,-34.879622],[-55.132528,-34.879463],[-55.134346,-34.879727],[-55.134973,-34.879623],[-55.136134,-34.879755],[-55.136782,-34.879908],[-55.137445,-34.879746],[-55.138241,-34.879776],[-55.139626,-34.880102],[-55.140782,-34.880034],[-55.142127,-34.880101],[-55.143,-34.880261],[-55.143603,-34.880477],[-55.144215,-34.880308],[-55.146224,-34.880601],[-55.14751,-34.880551],[-55.149809,-34.881009],[-55.150394,-34.880874],[-55.152271,-34.881218],[-55.153865,-34.881378],[-55.154961,-34.881309],[-55.156118,-34.881613],[-55.156711,-34.881529],[-55.157949,-34.88169],[-55.15869,-34.881559],[-55.16022,-34.881776],[-55.162183,-34.881911],[-55.164143,-34.882234],[-55.165029,-34.882292],[-55.154874,-34.869404],[-55.149758,-34.87239],[-55.148802,-34.87125]]]]}},{"type":"Feature","properties":{"nombre":"Villa Juana","departamento":"Canelones"},"geometry":{"type":"MultiPolygon","coordinates":[[[[-55.901307,-34.778663],[-55.901975,-34.778049],[-55.902722,-34.777552],[-55.903191,-34.777125],[-55.899723,-34.776442],[-55.899917,-34.775288],[-55.898972,-34.774323],[-55.898678,-34.774172],[-55.893743,-34.773201],[-55.893159,-34.775219],[-55.890523,-34.774741],[-55.889957,-34.777005],[-55.899071,-34.778654],[-55.899878,-34.778544],[-55.901248,-34.778741],[-55.901307,-34.778663]]]]}},{"type":"Feature","properties":{"nombre":"Arrozal Treinta y Tres","departamento":"Treinta y Tres"},"geometry":{"type":"MultiPolygon","coordinates":[[[[-53.699636,-33.046243],[-53.699407,-33.045929],[-53.699831,-33.045419],[-53.699872,-33.04521],[-53.699387,-33.044578],[-53.700903,-33.044055],[-53.700893,-33.044224],[-53.702052,-33.043921],[-53.701727,-33.042929],[-53.70171,-33.042446],[-53.701136,-33.041964],[-53.70308,-33.040221],[-53.702369,-33.039653],[-53.702202,-33.03981],[-53.701675,-33.039355],[-53.700389,-33.040798],[-53.699323,-33.041623],[-53.697469,-33.040939],[-53.697354,-33.040328],[-53.696827,-33.040223],[-53.696169,-33.040251],[-53.695388,-33.040074],[-53.695339,-33.040435],[-53.695022,-33.040603],[-53.694791,-33.040868],[-53.693327,-33.040613],[-53.692864,-33.041321],[-53.691443,-33.040728],[-53.691971,-33.045224],[-53.692936,-33.046412],[-53.696037,-33.046397],[-53.699636,-33.046243]]]]}},{"type":"Feature","properties":{"nombre":"Punta Negra","departamento":"Maldonado"},"geometry":{"type":"MultiPolygon","coordinates":[[[[-55.235644,-34.89695],[-55.235232,-34.896877],[-55.232568,-34.894803],[-55.231928,-34.894209],[-55.231222,-34.894055],[-55.231114,-34.893762],[-55.231284,-34.893333],[-55.231214,-34.893161],[-55.229475,-34.892532],[-55.228322,-34.892308],[-55.227578,-34.892306],[-55.226892,-34.891931],[-55.227427,-34.889183],[-55.227812,-34.888141],[-55.228177,-34.887426],[-55.221189,-34.879182],[-55.220492,-34.879563],[-55.212415,-34.879161],[-55.212053,-34.884118],[-55.212126,-34.884208],[-55.212232,-34.884201],[-55.212944,-34.883778],[-55.214367,-34.885542],[-55.214449,-34.885699],[-55.214367,-34.885788],[-55.214399,-34.885861],[-55.214621,-34.885923],[-55.21217,-34.892144],[-55.214138,-34.892686],[-55.216032,-34.89332],[-55.218445,-34.894161],[-55.220865,-34.895129],[-55.223402,-34.895909],[-55.224462,-34.896486],[-55.225046,-34.89671],[-55.226347,-34.897086],[-55.227614,-34.897285],[-55.228009,-34.897599],[-55.228427,-34.897746],[-55.229303,-34.898296],[-55.229865,-34.898506],[-55.230376,-34.898897],[-55.230724,-34.899382],[-55.230558,-34.899523],[-55.230565,-34.899699],[-55.230914,-34.8998],[-55.230996,-34.90003],[-55.230898,-34.900345],[-55.231387,-34.900534],[-55.231258,-34.900804],[-55.231539,-34.900876],[-55.231626,-34.901006],[-55.232199,-34.901145],[-55.232374,-34.901249],[-55.2324,-34.901393],[-55.232722,-34.90139],[-55.232763,-34.901505],[-55.233291,-34.901866],[-55.233347,-34.901994],[-55.233603,-34.902048],[-55.234115,-34.90242],[-55.23426,-34.902753],[-55.234463,-34.902902],[-55.235202,-34.9029],[-55.235458,-34.903083],[-55.235683,-34.903423],[-55.235981,-34.903335],[-55.236124,-34.903418],[-55.236497,-34.903745],[-55.236566,-34.903928],[-55.236483,-34.904055],[-55.236557,-34.904164],[-55.23687,-34.904246],[-55.237023,-34.904388],[-55.237212,-34.904355],[-55.237079,-34.904153],[-55.23722,-34.903988],[-55.237656,-34.903902],[-55.238187,-34.903946],[-55.238553,-34.90376],[-55.239412,-34.903692],[-55.239632,-34.90357],[-55.239791,-34.903241],[-55.239744,-34.902234],[-55.240322,-34.901591],[-55.239578,-34.900968],[-55.235644,-34.89695]]]]}},{"type":"Feature","properties":{"nombre":"Quinta los Horneros","departamento":"Canelones"},"geometry":{"type":"MultiPolygon","coordinates":[[[[-55.976376,-34.763437],[-55.975896,-34.762957],[-55.975639,-34.762438],[-55.975655,-34.762319],[-55.975957,-34.762273],[-55.97611,-34.762139],[-55.976099,-34.761925],[-55.976219,-34.761597],[-55.976167,-34.76146],[-55.975756,-34.761223],[-55.975626,-34.760832],[-55.969119,-34.762154],[-55.969351,-34.763107],[-55.969368,-34.763482],[-55.968868,-34.764993],[-55.976376,-34.763437]]]]}},{"type":"Feature","properties":{"nombre":"Estacion las Flores","departamento":"Maldonado"},"geometry":{"type":"MultiPolygon","coordinates":[[[[-55.323935,-34.79324],[-55.3251,-34.793125],[-55.326331,-34.792705],[-55.327549,-34.792057],[-55.327225,-34.791278],[-55.334222,-34.78865],[-55.333996,-34.787575],[-55.336133,-34.785836],[-55.3366,-34.785341],[-55.334377,-34.785946],[-55.325302,-34.787899],[-55.317147,-34.790684],[-55.314778,-34.79118],[-55.31412,-34.791237],[-55.314362,-34.791359],[-55.315801,-34.791526],[-55.316077,-34.794678],[-55.319292,-34.794277],[-55.319483,-34.79523],[-55.320873,-34.794955],[-55.321536,-34.797731],[-55.322087,-34.79763],[-55.321208,-34.793806],[-55.322571,-34.793383],[-55.322953,-34.795083],[-55.324066,-34.794911],[-55.323672,-34.793249],[-55.323935,-34.79324]]]]}},{"type":"Feature","properties":{"nombre":"Lomas de Solymar","departamento":"Canelones"},"geometry":{"type":"MultiPolygon","coordinates":[[[[-55.952331,-34.8246],[-55.955409,-34.820789],[-55.955795,-34.820925],[-55.956074,-34.820925],[-55.956166,-34.82082],[-55.954839,-34.82009],[-55.954918,-34.81998],[-55.956157,-34.82067],[-55.956251,-34.820556],[-55.955912,-34.820359],[-55.959481,-34.815966],[-55.95988,-34.816169],[-55.96295,-34.812437],[-55.965467,-34.811092],[-55.965877,-34.811383],[-55.966099,-34.811122],[-55.963263,-34.809227],[-55.963396,-34.809138],[-55.962774,-34.80871],[-55.952917,-34.802108],[-55.952779,-34.802198],[-55.946421,-34.79794],[-55.946311,-34.798052],[-55.947422,-34.798795],[-55.947313,-34.798939],[-55.945521,-34.797735],[-55.923395,-34.802209],[-55.922196,-34.801528],[-55.922007,-34.801726],[-55.92595,-34.803964],[-55.925808,-34.804134],[-55.924548,-34.803391],[-55.924156,-34.80319],[-55.924056,-34.803235],[-55.91578,-34.813434],[-55.915506,-34.813165],[-55.915246,-34.813363],[-55.91554,-34.813607],[-55.91559,-34.813763],[-55.915043,-34.81414],[-55.915015,-34.814264],[-55.915763,-34.815151],[-55.915716,-34.815294],[-55.915354,-34.815474],[-55.91496,-34.815505],[-55.915253,-34.815753],[-55.915135,-34.815911],[-55.91511,-34.816418],[-55.920628,-34.819423],[-55.924866,-34.821629],[-55.931694,-34.825461],[-55.942885,-34.832029],[-55.944682,-34.833364],[-55.945345,-34.831989],[-55.94528,-34.831812],[-55.945806,-34.830859],[-55.946321,-34.830324],[-55.947272,-34.830837],[-55.952331,-34.8246]]]]}},{"type":"Feature","properties":{"nombre":"El Colorado","departamento":"Canelones"},"geometry":{"type":"MultiPolygon","coordinates":[[[[-56.303163,-34.681596],[-56.303286,-34.68145],[-56.303236,-34.68103],[-56.303559,-34.680476],[-56.303832,-34.679661],[-56.300458,-34.679402],[-56.300595,-34.679075],[-56.30084,-34.679077],[-56.301074,-34.678507],[-56.301346,-34.678202],[-56.301507,-34.677487],[-56.301442,-34.677189],[-56.301195,-34.676714],[-56.300776,-34.676436],[-56.300167,-34.676337],[-56.299089,-34.676702],[-56.299007,-34.676863],[-56.299103,-34.677209],[-56.298953,-34.677463],[-56.298821,-34.677528],[-56.298736,-34.677704],[-56.298768,-34.677854],[-56.29809,-34.678625],[-56.29757,-34.679037],[-56.296696,-34.678906],[-56.296434,-34.67874],[-56.29579,-34.677786],[-56.295817,-34.677374],[-56.295577,-34.676998],[-56.293698,-34.677498],[-56.295654,-34.682952],[-56.299498,-34.682034],[-56.303096,-34.682085],[-56.303163,-34.681596]]]]}},{"type":"Feature","properties":{"nombre":"Balneario Solis","departamento":"Maldonado"},"geometry":{"type":"MultiPolygon","coordinates":[[[[-55.385731,-34.796373],[-55.385924,-34.79581],[-55.386809,-34.794952],[-55.387577,-34.794462],[-55.387988,-34.794328],[-55.388377,-34.79395],[-55.389953,-34.793198],[-55.390581,-34.793013],[-55.391282,-34.79265],[-55.392051,-34.792374],[-55.39456,-34.791658],[-55.397435,-34.790994],[-55.397915,-34.790961],[-55.397304,-34.790477],[-55.397239,-34.78994],[-55.396959,-34.78937],[-55.396174,-34.789241],[-55.39511,-34.789241],[-55.394669,-34.789075],[-55.394351,-34.78805],[-55.393494,-34.786821],[-55.393237,-34.785843],[-55.393196,-34.784912],[-55.393389,-34.784127],[-55.393466,-34.783137],[-55.393638,-34.782677],[-55.394182,-34.781805],[-55.395103,-34.780725],[-55.396271,-34.778926],[-55.393599,-34.778023],[-55.392147,-34.777433],[-55.39033,-34.777178],[-55.38898,-34.777259],[-55.387884,-34.777543],[-55.386855,-34.778],[-55.381583,-34.781791],[-55.380055,-34.780688],[-55.377471,-34.77926],[-55.375268,-34.778708],[-55.375033,-34.779248],[-55.374579,-34.779629],[-55.374581,-34.779806],[-55.374172,-34.779876],[-55.37394,-34.780048],[-55.373717,-34.780456],[-55.373632,-34.780642],[-55.373647,-34.782198],[-55.371968,-34.784168],[-55.371937,-34.784553],[-55.372172,-34.785196],[-55.372026,-34.785656],[-55.371601,-34.786264],[-55.372178,-34.786371],[-55.372923,-34.786352],[-55.373372,-34.78621],[-55.373583,-34.786442],[-55.373657,-34.78673],[-55.373531,-34.787093],[-55.373602,-34.78721],[-55.37378,-34.787258],[-55.373964,-34.787147],[-55.374116,-34.787472],[-55.374963,-34.787933],[-55.375645,-34.789299],[-55.375603,-34.789784],[-55.375816,-34.790394],[-55.375644,-34.790701],[-55.375156,-34.791151],[-55.375427,-34.792016],[-55.375521,-34.792194],[-55.376126,-34.792608],[-55.376568,-34.792569],[-55.376887,-34.79268],[-55.376758,-34.792971],[-55.376796,-34.793242],[-55.377051,-34.793534],[-55.377389,-34.793686],[-55.377446,-34.79381],[-55.377302,-34.794162],[-55.376519,-34.795004],[-55.376403,-34.795023],[-55.376115,-34.79487],[-55.375925,-34.794527],[-55.375803,-34.794505],[-55.374977,-34.794792],[-55.374715,-34.794961],[-55.373567,-34.795188],[-55.373483,-34.795292],[-55.373536,-34.795601],[-55.373721,-34.795782],[-55.374748,-34.79613],[-55.374931,-34.796276],[-55.375096,-34.796611],[-55.375152,-34.797523],[-55.375075,-34.797712],[-55.374387,-34.798283],[-55.374185,-34.798563],[-55.373965,-34.799765],[-55.373996,-34.800566],[-55.3741,-34.801029],[-55.374445,-34.801572],[-55.374803,-34.801966],[-55.374763,-34.802094],[-55.374856,-34.80238],[-55.378408,-34.802091],[-55.381062,-34.802195],[-55.382415,-34.802019],[-55.383591,-34.802256],[-55.385173,-34.802062],[-55.385324,-34.802114],[-55.385286,-34.802278],[-55.385351,-34.802322],[-55.385542,-34.802085],[-55.385415,-34.801887],[-55.385395,-34.801593],[-55.385695,-34.800903],[-55.386008,-34.800435],[-55.385952,-34.799947],[-55.385658,-34.799231],[-55.385132,-34.798866],[-55.385004,-34.798514],[-55.385154,-34.79818],[-55.385056,-34.798067],[-55.385068,-34.797921],[-55.385731,-34.796373]]]]}},{"type":"Feature","properties":{"nombre":"Barra de Pedrera","departamento":"Canelones"},"geometry":{"type":"MultiPolygon","coordinates":[[[[-55.920875,-34.603495],[-55.929258,-34.602245],[-55.928144,-34.599966],[-55.927184,-34.600162],[-55.927391,-34.600931],[-55.920075,-34.602797],[-55.920875,-34.603495]]]]}},{"type":"Feature","properties":{"nombre":"Raigon","departamento":"San José"},"geometry":{"type":"MultiPolygon","coordinates":[[[[-56.671066,-34.34316],[-56.671051,-34.342811],[-56.671351,-34.340812],[-56.671293,-34.340479],[-56.669851,-34.340632],[-56.669308,-34.339436],[-56.671309,-34.339076],[-56.671114,-34.338284],[-56.66984,-34.337957],[-56.668916,-34.337625],[-56.669117,-34.336385],[-56.667852,-34.336186],[-56.667896,-34.335769],[-56.666585,-34.335674],[-56.666003,-34.336159],[-56.665171,-34.335434],[-56.665609,-34.335072],[-56.663909,-34.334051],[-56.661987,-34.336537],[-56.663189,-34.33761],[-56.662171,-34.338398],[-56.662851,-34.339087],[-56.662261,-34.339455],[-56.662111,-34.339422],[-56.661299,-34.33989],[-56.658675,-34.341514],[-56.65866,-34.341795],[-56.661864,-34.34174],[-56.662114,-34.341671],[-56.662267,-34.341837],[-56.662302,-34.342235],[-56.663585,-34.342227],[-56.667733,-34.342543],[-56.669005,-34.345185],[-56.67195,-34.345152],[-56.671962,-34.345531],[-56.674174,-34.345456],[-56.674124,-34.343749],[-56.671066,-34.34316]]]]}},{"type":"Feature","properties":{"nombre":"Estacion Rincon","departamento":"Treinta y Tres"},"geometry":{"type":"MultiPolygon","coordinates":[[[[-53.834278,-32.834422],[-53.834803,-32.83418],[-53.834834,-32.834098],[-53.834241,-32.833217],[-53.835636,-32.832553],[-53.835859,-32.832553],[-53.836323,-32.832743],[-53.839462,-32.834774],[-53.8397,-32.834836],[-53.839834,-32.834708],[-53.824438,-32.825021],[-53.823986,-32.825636],[-53.82384,-32.826193],[-53.823624,-32.826391],[-53.822912,-32.826313],[-53.82259,-32.826067],[-53.822401,-32.826096],[-53.822245,-32.826346],[-53.822073,-32.827368],[-53.821668,-32.827407],[-53.821235,-32.827046],[-53.820601,-32.826764],[-53.820259,-32.827064],[-53.820157,-32.82741],[-53.819796,-32.827629],[-53.819117,-32.827551],[-53.818832,-32.827696],[-53.820225,-32.828677],[-53.821856,-32.831757],[-53.821691,-32.831954],[-53.821866,-32.832047],[-53.822407,-32.832802],[-53.8224,-32.83293],[-53.82522,-32.838128],[-53.828104,-32.834708],[-53.831869,-32.83699],[-53.832257,-32.837068],[-53.832564,-32.836907],[-53.832838,-32.836586],[-53.83286,-32.836441],[-53.83189,-32.835838],[-53.832615,-32.835392],[-53.832555,-32.835255],[-53.834278,-32.834422]]]]}},{"type":"Feature","properties":{"nombre":"Gral. Enrique Martinez","departamento":"Treinta y Tres"},"geometry":{"type":"MultiPolygon","coordinates":[[[[-53.811332,-33.207924],[-53.813966,-33.205851],[-53.813923,-33.205595],[-53.810133,-33.202114],[-53.812719,-33.198815],[-53.811235,-33.197628],[-53.810733,-33.197982],[-53.809039,-33.196465],[-53.806235,-33.19858],[-53.80545,-33.197852],[-53.802707,-33.199971],[-53.802602,-33.199858],[-53.797415,-33.203846],[-53.798206,-33.204065],[-53.799206,-33.204568],[-53.79992,-33.205175],[-53.800221,-33.205551],[-53.800503,-33.20615],[-53.800865,-33.20927],[-53.800808,-33.209993],[-53.801732,-33.209926],[-53.80174,-33.21012],[-53.802653,-33.210165],[-53.802771,-33.210439],[-53.802916,-33.210483],[-53.803473,-33.210243],[-53.803777,-33.209977],[-53.804193,-33.210091],[-53.804534,-33.21011],[-53.804755,-33.210038],[-53.805321,-33.210162],[-53.80662,-33.209768],[-53.808098,-33.21043],[-53.811332,-33.207924]]]]}},{"type":"Feature","properties":{"nombre":"Clara","departamento":"Tacuarembó"},"geometry":{"type":"MultiPolygon","coordinates":[[[[-55.740059,-32.228895],[-55.737974,-32.226646],[-55.738796,-32.225915],[-55.738446,-32.22516],[-55.737345,-32.225529],[-55.737287,-32.225407],[-55.737282,-32.224304],[-55.738522,-32.224253],[-55.739479,-32.223828],[-55.739679,-32.223806],[-55.739849,-32.223903],[-55.739827,-32.223735],[-55.736773,-32.220225],[-55.735655,-32.220849],[-55.736132,-32.2215],[-55.735954,-32.221688],[-55.735586,-32.223391],[-55.735425,-32.223506],[-55.735172,-32.223422],[-55.735013,-32.223232],[-55.734894,-32.223397],[-55.734734,-32.223414],[-55.734195,-32.223229],[-55.733547,-32.223161],[-55.732377,-32.223304],[-55.731501,-32.222934],[-55.730735,-32.22338],[-55.730583,-32.22338],[-55.730137,-32.223195],[-55.729338,-32.22306],[-55.728782,-32.222791],[-55.728108,-32.222766],[-55.727419,-32.222441],[-55.727468,-32.222195],[-55.726163,-32.220752],[-55.723901,-32.222086],[-55.724842,-32.223216],[-55.725254,-32.223432],[-55.727844,-32.226544],[-55.731766,-32.224219],[-55.731722,-32.224949],[-55.732189,-32.224939],[-55.732345,-32.224558],[-55.737819,-32.228895],[-55.740059,-32.228895]]]]}},{"type":"Feature","properties":{"nombre":"El Espinillo","departamento":"Paysandú"},"geometry":{"type":"MultiPolygon","coordinates":[[[[-58.13725,-32.398988],[-58.139129,-32.399915],[-58.1421,-32.39562],[-58.139104,-32.391635],[-58.139077,-32.391715],[-58.13855,-32.39192],[-58.138364,-32.392097],[-58.138363,-32.392286],[-58.13826,-32.392325],[-58.138183,-32.392543],[-58.138333,-32.392804],[-58.138358,-32.393057],[-58.138126,-32.393573],[-58.137453,-32.393626],[-58.136994,-32.393862],[-58.136753,-32.393765],[-58.136489,-32.393824],[-58.136402,-32.393986],[-58.13603,-32.394235],[-58.135616,-32.394234],[-58.135448,-32.394502],[-58.135192,-32.394672],[-58.135082,-32.395161],[-58.134867,-32.395086],[-58.134659,-32.395299],[-58.13454,-32.395682],[-58.133582,-32.396793],[-58.133334,-32.397264],[-58.133344,-32.397455],[-58.133141,-32.397742],[-58.133224,-32.398093],[-58.132978,-32.398266],[-58.135579,-32.399401],[-58.135306,-32.3997],[-58.136947,-32.400451],[-58.137091,-32.400056],[-58.136244,-32.399612],[-58.136896,-32.398811],[-58.13725,-32.398988]]]]}},{"type":"Feature","properties":{"nombre":"Estacion Piedras de Afilar","departamento":"Canelones"},"geometry":{"type":"MultiPolygon","coordinates":[[[[-55.520476,-34.743014],[-55.520451,-34.742829],[-55.521277,-34.742932],[-55.52115,-34.742705],[-55.521417,-34.742193],[-55.521323,-34.741852],[-55.521533,-34.741371],[-55.52144,-34.741234],[-55.519077,-34.740844],[-55.519071,-34.740251],[-55.518508,-34.740148],[-55.518334,-34.740705],[-55.517271,-34.740437],[-55.515587,-34.740144],[-55.515526,-34.74024],[-55.515378,-34.740593],[-55.51746,-34.741019],[-55.517709,-34.742755],[-55.517823,-34.742864],[-55.519862,-34.742669],[-55.519893,-34.743066],[-55.520476,-34.743014]]]]}},{"type":"Feature","properties":{"nombre":"Baltasar Brum","departamento":"Artigas"},"geometry":{"type":"MultiPolygon","coordinates":[[[[-57.333989,-30.722656],[-57.33943,-30.717403],[-57.339517,-30.717233],[-57.334618,-30.719233],[-57.332449,-30.715379],[-57.332339,-30.715286],[-57.33033,-30.716141],[-57.328162,-30.712361],[-57.328014,-30.712319],[-57.327799,-30.712387],[-57.325101,-30.713527],[-57.324777,-30.709969],[-57.322785,-30.710791],[-57.323198,-30.711943],[-57.317133,-30.71448],[-57.317109,-30.71458],[-57.326059,-30.730429],[-57.330165,-30.726537],[-57.330489,-30.725961],[-57.333989,-30.722656]]]]}},{"type":"Feature","properties":{"nombre":"Poblado Alonzo","departamento":"Treinta y Tres"},"geometry":{"type":"MultiPolygon","coordinates":[[[[-54.352367,-33.178361],[-54.352413,-33.178151],[-54.353772,-33.178254],[-54.353759,-33.17611],[-54.350037,-33.176145],[-54.349925,-33.178111],[-54.351598,-33.178148],[-54.351587,-33.178213],[-54.352367,-33.178361]]]]}},{"type":"Feature","properties":{"nombre":"Punta del Diablo","departamento":"Rocha"},"geometry":{"type":"MultiPolygon","coordinates":[[[[-53.59277,-34.044309],[-53.591066,-34.042994],[-53.590348,-34.042329],[-53.589369,-34.041167],[-53.588881,-34.04038],[-53.584002,-34.031261],[-53.583554,-34.030124],[-53.583485,-34.029798],[-53.583532,-34.029475],[-53.583173,-34.028968],[-53.582567,-34.026469],[-53.578768,-34.027747],[-53.578462,-34.02713],[-53.576409,-34.027841],[-53.576091,-34.027211],[-53.574694,-34.02766],[-53.574534,-34.02772],[-53.574175,-34.028192],[-53.574678,-34.02921],[-53.572644,-34.029917],[-53.570911,-34.026531],[-53.568269,-34.027001],[-53.568205,-34.027102],[-53.56729,-34.027402],[-53.566228,-34.027061],[-53.565523,-34.027182],[-53.565031,-34.027383],[-53.563988,-34.027379],[-53.563125,-34.027888],[-53.561545,-34.028202],[-53.560916,-34.028764],[-53.560851,-34.028849],[-53.560894,-34.029028],[-53.556964,-34.03165],[-53.556741,-34.031248],[-53.556508,-34.031008],[-53.55498,-34.031852],[-53.554425,-34.031387],[-53.553747,-34.031786],[-53.552916,-34.030793],[-53.548661,-34.033047],[-53.546673,-34.033672],[-53.545058,-34.031841],[-53.544722,-34.031404],[-53.544611,-34.031129],[-53.54436,-34.031037],[-53.543815,-34.030539],[-53.543801,-34.030249],[-53.543316,-34.030506],[-53.543155,-34.031043],[-53.54266,-34.031056],[-53.542433,-34.030863],[-53.54175,-34.030599],[-53.541403,-34.03086],[-53.540857,-34.031527],[-53.540352,-34.031933],[-53.538934,-34.032779],[-53.538295,-34.032983],[-53.53792,-34.032836],[-53.537883,-34.032621],[-53.537558,-34.032213],[-53.537107,-34.032024],[-53.536721,-34.031678],[-53.536147,-34.031644],[-53.535984,-34.031767],[-53.535758,-34.031728],[-53.53551,-34.031887],[-53.535556,-34.031978],[-53.53581,-34.03208],[-53.535546,-34.032231],[-53.535555,-34.032321],[-53.535727,-34.032453],[-53.535617,-34.032549],[-53.535919,-34.032834],[-53.536057,-34.033038],[-53.536113,-34.03335],[-53.536259,-34.033461],[-53.536032,-34.03349],[-53.536146,-34.033586],[-53.536483,-34.033575],[-53.5366,-34.033721],[-53.536594,-34.033834],[-53.53644,-34.033936],[-53.536557,-34.0342],[-53.536388,-34.034256],[-53.536953,-34.034624],[-53.536817,-34.034683],[-53.53683,-34.034796],[-53.537097,-34.034882],[-53.53665,-34.034891],[-53.536756,-34.034969],[-53.536735,-34.03504],[-53.537031,-34.035094],[-53.536826,-34.035162],[-53.536918,-34.035367],[-53.536916,-34.035615],[-53.536523,-34.035736],[-53.536835,-34.035867],[-53.537558,-34.035885],[-53.537818,-34.035975],[-53.537882,-34.036134],[-53.537805,-34.036566],[-53.538121,-34.036715],[-53.53795,-34.036844],[-53.538319,-34.037022],[-53.538449,-34.037199],[-53.538714,-34.037257],[-53.539226,-34.038269],[-53.539439,-34.040093],[-53.539722,-34.040546],[-53.53963,-34.040808],[-53.539703,-34.041063],[-53.539606,-34.041433],[-53.539595,-34.042038],[-53.539315,-34.042524],[-53.539128,-34.042555],[-53.538903,-34.042447],[-53.538592,-34.042543],[-53.538429,-34.043042],[-53.538135,-34.043032],[-53.538146,-34.043171],[-53.538298,-34.043191],[-53.537982,-34.04332],[-53.537999,-34.043476],[-53.537851,-34.043485],[-53.537982,-34.043637],[-53.537888,-34.043722],[-53.538023,-34.043808],[-53.537368,-34.044506],[-53.536718,-34.045057],[-53.53632,-34.045078],[-53.535736,-34.044892],[-53.535543,-34.044708],[-53.535219,-34.044596],[-53.534857,-34.044645],[-53.534412,-34.044249],[-53.534041,-34.044259],[-53.533906,-34.044179],[-53.533546,-34.044394],[-53.533645,-34.044577],[-53.533795,-34.044639],[-53.533743,-34.044747],[-53.533845,-34.044851],[-53.534093,-34.044833],[-53.534015,-34.045048],[-53.534083,-34.045235],[-53.534251,-34.045294],[-53.534478,-34.045255],[-53.534875,-34.045433],[-53.534671,-34.045674],[-53.535088,-34.045705],[-53.535085,-34.045839],[-53.535169,-34.045901],[-53.535758,-34.045993],[-53.535963,-34.045944],[-53.536096,-34.045996],[-53.536203,-34.045926],[-53.536395,-34.045985],[-53.536471,-34.046065],[-53.536377,-34.046214],[-53.536697,-34.046325],[-53.5369,-34.046502],[-53.536405,-34.046858],[-53.536754,-34.046989],[-53.537107,-34.04697],[-53.537679,-34.047436],[-53.537782,-34.047391],[-53.537916,-34.047473],[-53.53791,-34.047367],[-53.538174,-34.04731],[-53.538262,-34.047826],[-53.538567,-34.047833],[-53.538463,-34.047861],[-53.538498,-34.047946],[-53.538595,-34.048048],[-53.538751,-34.048063],[-53.538789,-34.048239],[-53.538862,-34.048224],[-53.538805,-34.048263],[-53.53885,-34.048371],[-53.539055,-34.048398],[-53.539195,-34.048669],[-53.539635,-34.048721],[-53.540092,-34.048606],[-53.540205,-34.048759],[-53.540413,-34.048743],[-53.540537,-34.04882],[-53.540588,-34.048766],[-53.54087,-34.049099],[-53.540657,-34.049176],[-53.540693,-34.049261],[-53.54091,-34.049329],[-53.541022,-34.049172],[-53.541242,-34.049216],[-53.54223,-34.05015],[-53.542907,-34.0506],[-53.543809,-34.051578],[-53.545152,-34.052825],[-53.545608,-34.053447],[-53.54666,-34.054274],[-53.550805,-34.05873],[-53.552096,-34.060988],[-53.552585,-34.062128],[-53.552765,-34.062786],[-53.594492,-34.045611],[-53.59277,-34.044309]]]]}},{"type":"Feature","properties":{"nombre":"Cardal","departamento":"Florida"},"geometry":{"type":"MultiPolygon","coordinates":[[[[-56.401603,-34.294436],[-56.402696,-34.294504],[-56.402556,-34.29032],[-56.401782,-34.290335],[-56.40164,-34.288283],[-56.400284,-34.288333],[-56.400273,-34.287947],[-56.396876,-34.288031],[-56.396916,-34.28743],[-56.396746,-34.28508],[-56.392881,-34.285155],[-56.392925,-34.28639],[-56.391643,-34.286434],[-56.391271,-34.286652],[-56.392552,-34.28858],[-56.392068,-34.288804],[-56.392086,-34.288442],[-56.391808,-34.288047],[-56.390276,-34.28879],[-56.390366,-34.288883],[-56.389354,-34.289438],[-56.388078,-34.289942],[-56.388214,-34.29017],[-56.387462,-34.290384],[-56.387418,-34.289786],[-56.386716,-34.289813],[-56.386812,-34.291238],[-56.386224,-34.291495],[-56.389897,-34.297137],[-56.391414,-34.299394],[-56.391608,-34.299564],[-56.391859,-34.298973],[-56.394699,-34.293932],[-56.401603,-34.294436]]]]}},{"type":"Feature","properties":{"nombre":"Atlantida","departamento":"Canelones"},"geometry":{"type":"MultiPolygon","coordinates":[[[[-55.767041,-34.774296],[-55.768302,-34.773702],[-55.768965,-34.773475],[-55.76959,-34.773087],[-55.770969,-34.77279],[-55.772242,-34.77234],[-55.773216,-34.772095],[-55.773277,-34.772034],[-55.773237,-34.771961],[-55.773405,-34.771836],[-55.773109,-34.771691],[-55.773049,-34.771587],[-55.772691,-34.7706],[-55.772678,-34.770204],[-55.773131,-34.76821],[-55.771975,-34.76807],[-55.771913,-34.767894],[-55.769158,-34.767493],[-55.769205,-34.767218],[-55.769095,-34.767013],[-55.765896,-34.762117],[-55.765699,-34.761612],[-55.765698,-34.761345],[-55.765508,-34.761294],[-55.769385,-34.745855],[-55.769377,-34.745359],[-55.769085,-34.744693],[-55.768592,-34.744226],[-55.768157,-34.744006],[-55.767293,-34.744685],[-55.766255,-34.748956],[-55.762783,-34.748359],[-55.760144,-34.759304],[-55.757383,-34.758944],[-55.756974,-34.761066],[-55.755251,-34.760908],[-55.753541,-34.760579],[-55.75222,-34.760439],[-55.750717,-34.762921],[-55.751395,-34.763202],[-55.750642,-34.764531],[-55.749824,-34.764375],[-55.749761,-34.764495],[-55.750933,-34.764732],[-55.754384,-34.765214],[-55.754348,-34.765386],[-55.750896,-34.764903],[-55.749669,-34.764653],[-55.749592,-34.764784],[-55.750307,-34.764968],[-55.748705,-34.767916],[-55.743038,-34.777763],[-55.751203,-34.780964],[-55.751749,-34.7813],[-55.751976,-34.781502],[-55.751947,-34.781627],[-55.752066,-34.781681],[-55.752305,-34.781365],[-55.752736,-34.781114],[-55.75337,-34.780938],[-55.753978,-34.780968],[-55.754345,-34.780595],[-55.755047,-34.780462],[-55.756671,-34.780644],[-55.759259,-34.781358],[-55.760646,-34.781911],[-55.761197,-34.781942],[-55.761815,-34.781805],[-55.762304,-34.781574],[-55.762559,-34.781354],[-55.762976,-34.780732],[-55.76318,-34.779897],[-55.763139,-34.778377],[-55.763286,-34.777811],[-55.763557,-34.77722],[-55.763421,-34.777054],[-55.763699,-34.776638],[-55.764585,-34.775809],[-55.767041,-34.774296]]]]}},{"type":"Feature","properties":{"nombre":"Melo","departamento":"Cerro Largo"},"geometry":{"type":"MultiPolygon","coordinates":[[[[-54.17467,-32.381554],[-54.175467,-32.379934],[-54.176694,-32.378365],[-54.177833,-32.377619],[-54.180162,-32.376378],[-54.18082,-32.375733],[-54.181313,-32.375075],[-54.181503,-32.374569],[-54.18313,-32.371346],[-54.190148,-32.375529],[-54.189926,-32.375724],[-54.189577,-32.375798],[-54.189654,-32.376397],[-54.189603,-32.376554],[-54.190503,-32.377361],[-54.190809,-32.377543],[-54.190926,-32.377805],[-54.1912,-32.377816],[-54.191532,-32.377628],[-54.191732,-32.377661],[-54.192427,-32.377896],[-54.192528,-32.378085],[-54.193211,-32.377984],[-54.195511,-32.378619],[-54.195672,-32.378587],[-54.196074,-32.377772],[-54.196256,-32.377596],[-54.197912,-32.37655],[-54.19825,-32.376082],[-54.198712,-32.375647],[-54.198998,-32.37516],[-54.199786,-32.374875],[-54.200189,-32.374439],[-54.200407,-32.374456],[-54.200835,-32.374649],[-54.201333,-32.374656],[-54.201817,-32.374355],[-54.202152,-32.374324],[-54.203111,-32.374472],[-54.204292,-32.375253],[-54.204952,-32.375086],[-54.204992,-32.374868],[-54.204863,-32.37468],[-54.204963,-32.374389],[-54.202009,-32.37281],[-54.198271,-32.370039],[-54.197743,-32.369571],[-54.196188,-32.367861],[-54.196353,-32.367454],[-54.196553,-32.367268],[-54.196518,-32.366734],[-54.194888,-32.365266],[-54.194868,-32.365171],[-54.195125,-32.364907],[-54.196066,-32.364983],[-54.196732,-32.36472],[-54.197665,-32.364987],[-54.198013,-32.364828],[-54.198229,-32.364842],[-54.198508,-32.364644],[-54.19913,-32.364526],[-54.199649,-32.364566],[-54.199859,-32.362438],[-54.199716,-32.362152],[-54.199678,-32.361748],[-54.199324,-32.361147],[-54.198732,-32.360544],[-54.198447,-32.359957],[-54.197802,-32.359625],[-54.197218,-32.35895],[-54.196818,-32.358286],[-54.19687,-32.357912],[-54.196572,-32.357947],[-54.196371,-32.357715],[-54.196202,-32.357265],[-54.196217,-32.356822],[-54.196408,-32.356564],[-54.197348,-32.35613],[-54.198251,-32.355944],[-54.199382,-32.355487],[-54.199662,-32.35508],[-54.19963,-32.354678],[-54.199738,-32.354278],[-54.200183,-32.35395],[-54.200306,-32.353636],[-54.200944,-32.353251],[-54.201745,-32.353037],[-54.20243,-32.352495],[-54.185236,-32.349926],[-54.183393,-32.357054],[-54.182604,-32.362323],[-54.182436,-32.362265],[-54.180396,-32.362229],[-54.173306,-32.362176],[-54.172968,-32.362262],[-54.172632,-32.362578],[-54.172379,-32.36243],[-54.172099,-32.362112],[-54.172312,-32.361601],[-54.172341,-32.361329],[-54.172296,-32.361137],[-54.171926,-32.360761],[-54.171782,-32.360465],[-54.172038,-32.359025],[-54.171913,-32.358711],[-54.171622,-32.358392],[-54.171577,-32.35798],[-54.171647,-32.357789],[-54.17217,-32.357311],[-54.172347,-32.357038],[-54.172314,-32.356557],[-54.172478,-32.356505],[-54.172685,-32.356185],[-54.173136,-32.355783],[-54.173559,-32.355567],[-54.17368,-32.355312],[-54.173279,-32.354385],[-54.173193,-32.353747],[-54.172717,-32.352923],[-54.172592,-32.352443],[-54.172711,-32.352062],[-54.173565,-32.351561],[-54.173835,-32.3512],[-54.17391,-32.350796],[-54.173779,-32.350093],[-54.173064,-32.348915],[-54.172811,-32.348397],[-54.172634,-32.347624],[-54.172486,-32.347502],[-54.173009,-32.346971],[-54.173151,-32.346908],[-54.173468,-32.34693],[-54.173513,-32.346703],[-54.172874,-32.346405],[-54.172824,-32.346064],[-54.172692,-32.345982],[-54.172283,-32.345858],[-54.172064,-32.345656],[-54.171108,-32.345444],[-54.17095,-32.345251],[-54.17096,-32.345013],[-54.171422,-32.344515],[-54.171464,-32.344364],[-54.170936,-32.343999],[-54.17087,-32.343845],[-54.171079,-32.343624],[-54.171649,-32.343415],[-54.171434,-32.342992],[-54.17037,-32.342575],[-54.170191,-32.342323],[-54.169369,-32.341766],[-54.168503,-32.341587],[-54.16809,-32.341596],[-54.168488,-32.348672],[-54.164047,-32.348635],[-54.16409,-32.349454],[-54.162646,-32.34958],[-54.15882,-32.35065],[-54.1575,-32.347848],[-54.15291,-32.34943],[-54.152756,-32.349251],[-54.149799,-32.349447],[-54.150262,-32.353078],[-54.150547,-32.354666],[-54.150639,-32.3559],[-54.150218,-32.355943],[-54.150579,-32.358933],[-54.15041,-32.358816],[-54.148878,-32.358973],[-54.148965,-32.359701],[-54.146917,-32.359619],[-54.146262,-32.359471],[-54.141531,-32.362574],[-54.136995,-32.364627],[-54.136241,-32.366974],[-54.136058,-32.36816],[-54.136342,-32.371957],[-54.137323,-32.378658],[-54.137887,-32.378957],[-54.141948,-32.379705],[-54.143452,-32.379946],[-54.144738,-32.380002],[-54.14459,-32.382713],[-54.142138,-32.384266],[-54.140834,-32.385279],[-54.1425,-32.387193],[-54.142715,-32.387346],[-54.142577,-32.387444],[-54.14239,-32.387797],[-54.142871,-32.387658],[-54.143015,-32.387373],[-54.14332,-32.387127],[-54.143451,-32.387271],[-54.14453,-32.386627],[-54.147954,-32.385293],[-54.148298,-32.386006],[-54.148112,-32.386465],[-54.148181,-32.386541],[-54.148457,-32.38652],[-54.148459,-32.386676],[-54.148675,-32.386827],[-54.148598,-32.387491],[-54.148777,-32.387777],[-54.14853,-32.388097],[-54.148694,-32.388435],[-54.149085,-32.38846],[-54.149281,-32.388337],[-54.14957,-32.388299],[-54.149882,-32.388421],[-54.149999,-32.388245],[-54.15045,-32.388252],[-54.150768,-32.387969],[-54.15086,-32.387971],[-54.151381,-32.388459],[-54.152069,-32.388618],[-54.152666,-32.388973],[-54.153364,-32.389176],[-54.154001,-32.389791],[-54.155186,-32.390666],[-54.157902,-32.392068],[-54.158225,-32.392188],[-54.159442,-32.392398],[-54.160424,-32.392342],[-54.162063,-32.392086],[-54.163027,-32.392232],[-54.164143,-32.392563],[-54.164857,-32.393223],[-54.166088,-32.394131],[-54.166456,-32.394053],[-54.16684,-32.393858],[-54.167035,-32.39344],[-54.167637,-32.393558],[-54.168053,-32.393469],[-54.168382,-32.393656],[-54.168279,-32.392615],[-54.168291,-32.391527],[-54.168393,-32.390375],[-54.168431,-32.388262],[-54.168608,-32.387907],[-54.169279,-32.38681],[-54.171088,-32.385768],[-54.172202,-32.384857],[-54.173012,-32.383693],[-54.173606,-32.383377],[-54.173746,-32.383174],[-54.173764,-32.382711],[-54.174328,-32.382111],[-54.17467,-32.381554]]]]}},{"type":"Feature","properties":{"nombre":"Paso de Pache","departamento":"Canelones"},"geometry":{"type":"MultiPolygon","coordinates":[[[[-56.283463,-34.429467],[-56.283681,-34.429151],[-56.279617,-34.427614],[-56.279008,-34.428556],[-56.281871,-34.429734],[-56.281719,-34.43],[-56.282741,-34.430449],[-56.283463,-34.429467]]]]}},{"type":"Feature","properties":{"nombre":"Balneario Buenos Aires","departamento":"Maldonado"},"geometry":{"type":"MultiPolygon","coordinates":[[[[-54.808064,-34.902452],[-54.808023,-34.90209],[-54.808718,-34.8986],[-54.808937,-34.898307],[-54.811281,-34.885728],[-54.81123,-34.885507],[-54.810082,-34.883746],[-54.808982,-34.882277],[-54.809924,-34.877128],[-54.800983,-34.876497],[-54.800952,-34.876568],[-54.792892,-34.875889],[-54.79237,-34.877572],[-54.790547,-34.884302],[-54.790148,-34.885438],[-54.781202,-34.879664],[-54.780996,-34.879683],[-54.777995,-34.885223],[-54.778129,-34.88529],[-54.777017,-34.887267],[-54.783611,-34.890585],[-54.792121,-34.895162],[-54.792546,-34.895514],[-54.794583,-34.896653],[-54.799633,-34.900024],[-54.800365,-34.900197],[-54.800387,-34.900072],[-54.800327,-34.899844],[-54.8,-34.899619],[-54.799705,-34.899284],[-54.79971,-34.899073],[-54.799856,-34.89895],[-54.799647,-34.898602],[-54.799137,-34.898122],[-54.799084,-34.897941],[-54.7995,-34.898051],[-54.79994,-34.89867],[-54.800109,-34.898728],[-54.800273,-34.89866],[-54.800295,-34.898527],[-54.800111,-34.89832],[-54.800179,-34.898243],[-54.800716,-34.898345],[-54.80785,-34.902924],[-54.808064,-34.902452]]]]}},{"type":"Feature","properties":{"nombre":"El Quijote","departamento":"Maldonado"},"geometry":{"type":"MultiPolygon","coordinates":[[[[-54.905043,-34.835466],[-54.914461,-34.832809],[-54.916644,-34.832377],[-54.915629,-34.831277],[-54.913948,-34.829951],[-54.913396,-34.828817],[-54.913606,-34.828014],[-54.913487,-34.827569],[-54.912027,-34.826337],[-54.911114,-34.824647],[-54.911132,-34.823957],[-54.912019,-34.823445],[-54.912269,-34.823147],[-54.911737,-34.821096],[-54.909933,-34.818864],[-54.909741,-34.817292],[-54.907899,-34.81559],[-54.901638,-34.818893],[-54.898193,-34.822881],[-54.89495,-34.823872],[-54.894723,-34.824025],[-54.894693,-34.824157],[-54.89502,-34.825307],[-54.895081,-34.825657],[-54.894992,-34.825825],[-54.896651,-34.828113],[-54.900138,-34.836772],[-54.900598,-34.836792],[-54.905043,-34.835466]]]]}},{"type":"Feature","properties":{"nombre":"Balneario Ipora","departamento":"Tacuarembó"},"geometry":{"type":"MultiPolygon","coordinates":[[[[-55.960183,-31.672194],[-55.960487,-31.672481],[-55.95982,-31.671423],[-55.959754,-31.671004],[-55.959922,-31.670689],[-55.960154,-31.670507],[-55.960645,-31.670313],[-55.961758,-31.67003],[-55.962517,-31.669342],[-55.962955,-31.669174],[-55.963297,-31.669202],[-55.963671,-31.669116],[-55.96445,-31.670831],[-55.967932,-31.669929],[-55.967509,-31.669432],[-55.967246,-31.669248],[-55.967054,-31.668775],[-55.965243,-31.669002],[-55.964992,-31.668945],[-55.96488,-31.66876],[-55.965322,-31.668431],[-55.966204,-31.667448],[-55.966865,-31.666874],[-55.967202,-31.666749],[-55.967729,-31.666691],[-55.967677,-31.666443],[-55.967883,-31.666095],[-55.967798,-31.665894],[-55.967542,-31.665764],[-55.966918,-31.66572],[-55.966063,-31.66523],[-55.965843,-31.664998],[-55.965799,-31.664599],[-55.96632,-31.664043],[-55.966456,-31.663719],[-55.966453,-31.663347],[-55.96622,-31.662995],[-55.965826,-31.662822],[-55.964925,-31.662625],[-55.964479,-31.662707],[-55.963908,-31.662956],[-55.963007,-31.662845],[-55.962674,-31.663036],[-55.9621,-31.663589],[-55.96171,-31.663767],[-55.961315,-31.663876],[-55.960852,-31.663885],[-55.959876,-31.663793],[-55.958395,-31.664206],[-55.958126,-31.664513],[-55.958159,-31.665774],[-55.957994,-31.666232],[-55.950526,-31.667261],[-55.955472,-31.671854],[-55.95595,-31.671484],[-55.956274,-31.671382],[-55.957044,-31.670946],[-55.957417,-31.671457],[-55.958388,-31.671221],[-55.959603,-31.671318],[-55.959956,-31.671949],[-55.960183,-31.672194]]]]}},{"type":"Feature","properties":{"nombre":"Pueblo Gil","departamento":"Colonia"},"geometry":{"type":"MultiPolygon","coordinates":[[[[-58.030323,-34.154404],[-58.03126,-34.154462],[-58.031414,-34.154322],[-58.031619,-34.151444],[-58.029479,-34.151099],[-58.027301,-34.151164],[-58.027209,-34.151323],[-58.027043,-34.154123],[-58.027268,-34.154243],[-58.029142,-34.154335],[-58.029186,-34.154515],[-58.029253,-34.154342],[-58.030323,-34.154404]]]]}},{"type":"Feature","properties":{"nombre":"Ruta 37 y 9 - Sierras del Tirol","departamento":"Maldonado"},"geometry":{"type":"MultiPolygon","coordinates":[[[[-55.2415,-34.801738],[-55.241716,-34.801937],[-55.244354,-34.802361],[-55.244322,-34.80053],[-55.243622,-34.800511],[-55.2437,-34.800093],[-55.243452,-34.799202],[-55.241758,-34.799041],[-55.241934,-34.79736],[-55.242244,-34.79725],[-55.241645,-34.795574],[-55.245212,-34.794569],[-55.242597,-34.7928],[-55.245149,-34.791811],[-55.242692,-34.790688],[-55.243806,-34.789562],[-55.242519,-34.788905],[-55.243892,-34.788414],[-55.243964,-34.788232],[-55.245369,-34.787937],[-55.239186,-34.784082],[-55.238572,-34.783791],[-55.238123,-34.783757],[-55.237884,-34.783387],[-55.237361,-34.782972],[-55.233654,-34.780873],[-55.233179,-34.78118],[-55.232326,-34.782463],[-55.232212,-34.782843],[-55.231732,-34.783288],[-55.231761,-34.783603],[-55.232139,-34.784049],[-55.232186,-34.784301],[-55.232038,-34.785114],[-55.231807,-34.785347],[-55.2315,-34.785553],[-55.230786,-34.78556],[-55.230429,-34.785676],[-55.230029,-34.785578],[-55.229534,-34.785786],[-55.228882,-34.785717],[-55.227884,-34.786192],[-55.227442,-34.786099],[-55.22711,-34.786303],[-55.2271,-34.786417],[-55.226828,-34.786455],[-55.226708,-34.786748],[-55.22556,-34.787478],[-55.224841,-34.788091],[-55.224649,-34.788475],[-55.224633,-34.788854],[-55.224867,-34.789163],[-55.225155,-34.789243],[-55.225155,-34.789381],[-55.225397,-34.789813],[-55.225366,-34.789985],[-55.225523,-34.790218],[-55.226305,-34.79038],[-55.227067,-34.790009],[-55.227883,-34.79011],[-55.228563,-34.790377],[-55.229198,-34.790949],[-55.229405,-34.791036],[-55.229451,-34.791236],[-55.229811,-34.791652],[-55.229994,-34.791685],[-55.229947,-34.791946],[-55.230054,-34.792133],[-55.230328,-34.792274],[-55.230636,-34.792227],[-55.230888,-34.792608],[-55.230931,-34.793212],[-55.231256,-34.793606],[-55.230972,-34.794289],[-55.231133,-34.794512],[-55.231203,-34.794962],[-55.234889,-34.792844],[-55.235899,-34.794522],[-55.238341,-34.799138],[-55.23869,-34.799482],[-55.23904,-34.801749],[-55.241377,-34.802669],[-55.2415,-34.801738]]]]}},{"type":"Feature","properties":{"nombre":"Rocha","departamento":"Rocha"},"geometry":{"type":"MultiPolygon","coordinates":[[[[-54.346986,-34.497984],[-54.347292,-34.496369],[-54.347641,-34.495829],[-54.347924,-34.494972],[-54.34842,-34.49406],[-54.348321,-34.493341],[-54.348389,-34.493001],[-54.348049,-34.492606],[-54.348274,-34.492412],[-54.350009,-34.492141],[-54.350584,-34.493005],[-54.350864,-34.493264],[-54.353399,-34.494904],[-54.353984,-34.494253],[-54.354344,-34.494456],[-54.355049,-34.493104],[-54.355145,-34.493153],[-54.355403,-34.492537],[-54.357746,-34.493044],[-54.35604,-34.48118],[-54.355895,-34.481149],[-54.355494,-34.478485],[-54.355428,-34.478401],[-54.355515,-34.47835],[-54.355404,-34.477409],[-54.349087,-34.478041],[-54.347476,-34.477561],[-54.34807,-34.476799],[-54.348029,-34.476671],[-54.347732,-34.476401],[-54.347667,-34.476154],[-54.347821,-34.475815],[-54.348007,-34.475624],[-54.348158,-34.475098],[-54.348123,-34.474814],[-54.348428,-34.474422],[-54.348943,-34.474209],[-54.349651,-34.473128],[-54.349829,-34.472695],[-54.350078,-34.472373],[-54.35109,-34.471427],[-54.351269,-34.470715],[-54.351232,-34.470473],[-54.350491,-34.469354],[-54.350761,-34.469075],[-54.350992,-34.469014],[-54.35119,-34.468804],[-54.351236,-34.468629],[-54.351035,-34.468364],[-54.350739,-34.467184],[-54.350152,-34.467102],[-54.349811,-34.466844],[-54.34974,-34.466632],[-54.350023,-34.4654],[-54.350545,-34.465139],[-54.350798,-34.464832],[-54.350253,-34.46451],[-54.349581,-34.464384],[-54.349495,-34.464297],[-54.349525,-34.464176],[-54.349712,-34.464051],[-54.349609,-34.463858],[-54.349132,-34.463793],[-54.348976,-34.463817],[-54.348779,-34.464091],[-54.348304,-34.464052],[-54.348144,-34.46349],[-54.348005,-34.463339],[-54.347651,-34.463069],[-54.347258,-34.463043],[-54.347181,-34.462968],[-54.347173,-34.462706],[-54.346851,-34.462012],[-54.347014,-34.461745],[-54.347479,-34.461342],[-54.347364,-34.460991],[-54.346897,-34.460703],[-54.346618,-34.460645],[-54.346322,-34.460392],[-54.346225,-34.458862],[-54.346324,-34.45852],[-54.34619,-34.457921],[-54.341154,-34.459642],[-54.339183,-34.457054],[-54.33967,-34.455496],[-54.339195,-34.455099],[-54.317229,-34.455434],[-54.323705,-34.46157],[-54.320676,-34.462621],[-54.317663,-34.459734],[-54.31567,-34.461132],[-54.318086,-34.463543],[-54.311587,-34.465838],[-54.311453,-34.465967],[-54.311201,-34.466556],[-54.310251,-34.467715],[-54.305224,-34.465362],[-54.300702,-34.472097],[-54.300639,-34.472234],[-54.300731,-34.472334],[-54.301882,-34.472882],[-54.300514,-34.474991],[-54.296714,-34.474311],[-54.295576,-34.475943],[-54.295645,-34.475976],[-54.295367,-34.476383],[-54.295672,-34.476481],[-54.294125,-34.478968],[-54.296962,-34.480331],[-54.295473,-34.48242],[-54.29913,-34.484182],[-54.303585,-34.477584],[-54.308998,-34.480082],[-54.310706,-34.477579],[-54.310695,-34.477504],[-54.312338,-34.47909],[-54.317063,-34.484485],[-54.306116,-34.497103],[-54.320391,-34.499912],[-54.320857,-34.499993],[-54.32133,-34.499929],[-54.321455,-34.500017],[-54.32585,-34.500888],[-54.328328,-34.501475],[-54.334964,-34.502779],[-54.341043,-34.503942],[-54.345076,-34.504596],[-54.344684,-34.504277],[-54.343925,-34.503194],[-54.343912,-34.501723],[-54.344029,-34.501534],[-54.344908,-34.500923],[-54.345155,-34.500238],[-54.345413,-34.49986],[-54.346743,-34.49888],[-54.346986,-34.497984]]]]}},{"type":"Feature","properties":{"nombre":"San Ramon","departamento":"Canelones"},"geometry":{"type":"MultiPolygon","coordinates":[[[[-55.963565,-34.309727],[-55.96363,-34.308166],[-55.959169,-34.307918],[-55.959181,-34.308186],[-55.95891,-34.30806],[-55.95852,-34.308047],[-55.958379,-34.306511],[-55.960431,-34.306414],[-55.960339,-34.304903],[-55.962064,-34.304967],[-55.962076,-34.303848],[-55.959759,-34.303779],[-55.959763,-34.302208],[-55.959529,-34.302218],[-55.959428,-34.300552],[-55.963674,-34.300389],[-55.96432,-34.295689],[-55.964627,-34.295729],[-55.965193,-34.295483],[-55.965518,-34.294565],[-55.966534,-34.293991],[-55.96877,-34.294177],[-55.968954,-34.293038],[-55.969673,-34.293076],[-55.97009,-34.293185],[-55.970919,-34.293763],[-55.971072,-34.293956],[-55.971381,-34.293978],[-55.971482,-34.293192],[-55.973823,-34.293219],[-55.974257,-34.291042],[-55.974434,-34.290886],[-55.974802,-34.290198],[-55.974857,-34.289929],[-55.974751,-34.289322],[-55.974966,-34.289041],[-55.974822,-34.288894],[-55.974427,-34.288721],[-55.974297,-34.288447],[-55.973859,-34.288198],[-55.973187,-34.287514],[-55.973071,-34.287337],[-55.973082,-34.287205],[-55.972864,-34.287119],[-55.972916,-34.286826],[-55.97262,-34.286852],[-55.972007,-34.286547],[-55.971731,-34.286174],[-55.971462,-34.285994],[-55.971567,-34.285793],[-55.971431,-34.285683],[-55.971106,-34.285587],[-55.970964,-34.285452],[-55.970734,-34.285436],[-55.970664,-34.285288],[-55.970378,-34.285227],[-55.969888,-34.284838],[-55.96958,-34.284943],[-55.969553,-34.284859],[-55.969393,-34.284802],[-55.969347,-34.284559],[-55.969172,-34.284479],[-55.968944,-34.284498],[-55.968884,-34.284618],[-55.96864,-34.284436],[-55.968703,-34.284366],[-55.968608,-34.284275],[-55.968662,-34.284018],[-55.968539,-34.283623],[-55.968562,-34.283233],[-55.968657,-34.283137],[-55.968637,-34.282866],[-55.968265,-34.282654],[-55.968092,-34.282133],[-55.968169,-34.281875],[-55.968921,-34.280635],[-55.968841,-34.28028],[-55.96866,-34.280189],[-55.968479,-34.279932],[-55.968513,-34.279717],[-55.968283,-34.279517],[-55.968434,-34.27905],[-55.968749,-34.278783],[-55.968826,-34.278567],[-55.968617,-34.27798],[-55.968931,-34.277583],[-55.96891,-34.277454],[-55.969169,-34.277369],[-55.969367,-34.277115],[-55.969332,-34.276386],[-55.9694,-34.276282],[-55.970145,-34.27594],[-55.970675,-34.27587],[-55.971777,-34.274872],[-55.971282,-34.27441],[-55.970436,-34.274299],[-55.97036,-34.274231],[-55.970334,-34.273825],[-55.968523,-34.274122],[-55.967788,-34.274363],[-55.965886,-34.275135],[-55.964645,-34.276018],[-55.963738,-34.276196],[-55.96278,-34.276497],[-55.961317,-34.276119],[-55.960638,-34.276206],[-55.960368,-34.276393],[-55.960219,-34.276621],[-55.960025,-34.277356],[-55.959621,-34.277821],[-55.95948,-34.278612],[-55.958857,-34.279355],[-55.958429,-34.280143],[-55.957864,-34.280564],[-55.957166,-34.28082],[-55.956713,-34.281097],[-55.955671,-34.281112],[-55.954809,-34.281207],[-55.954298,-34.281365],[-55.952988,-34.282283],[-55.952702,-34.282649],[-55.95234,-34.282905],[-55.951488,-34.283208],[-55.950462,-34.283745],[-55.949848,-34.284185],[-55.948887,-34.284329],[-55.94819,-34.284572],[-55.94549,-34.284642],[-55.944962,-34.28473],[-55.9447,-34.284936],[-55.944185,-34.285879],[-55.944014,-34.28607],[-55.94377,-34.286186],[-55.942373,-34.286003],[-55.941627,-34.286086],[-55.941362,-34.286328],[-55.941268,-34.286674],[-55.940506,-34.287384],[-55.940021,-34.287665],[-55.939407,-34.287867],[-55.939025,-34.287868],[-55.938385,-34.288136],[-55.936107,-34.289447],[-55.938386,-34.295503],[-55.940291,-34.300246],[-55.946199,-34.299469],[-55.94696,-34.303564],[-55.947972,-34.303428],[-55.947944,-34.30327],[-55.947853,-34.303285],[-55.947255,-34.300021],[-55.949921,-34.299604],[-55.950864,-34.30298],[-55.951129,-34.306076],[-55.954996,-34.305774],[-55.955335,-34.310085],[-55.955249,-34.311024],[-55.958786,-34.310876],[-55.958683,-34.309733],[-55.963469,-34.309795],[-55.963565,-34.309727]]]]}},{"type":"Feature","properties":{"nombre":"Constitucion","departamento":"Salto"},"geometry":{"type":"MultiPolygon","coordinates":[[[[-57.858708,-31.075218],[-57.858885,-31.07487],[-57.859478,-31.074484],[-57.859975,-31.074278],[-57.861849,-31.07454],[-57.862085,-31.074515],[-57.862347,-31.074298],[-57.862687,-31.073627],[-57.862643,-31.073389],[-57.862263,-31.073152],[-57.860835,-31.07278],[-57.860861,-31.072577],[-57.861535,-31.07194],[-57.861823,-31.07158],[-57.861999,-31.071173],[-57.861768,-31.070088],[-57.861386,-31.069327],[-57.861037,-31.069019],[-57.860731,-31.068926],[-57.860448,-31.068956],[-57.858912,-31.069423],[-57.857847,-31.070485],[-57.857445,-31.072003],[-57.857044,-31.072185],[-57.856628,-31.072128],[-57.855636,-31.071395],[-57.855163,-31.071207],[-57.853128,-31.071566],[-57.852795,-31.071545],[-57.852723,-31.071294],[-57.852749,-31.071091],[-57.852982,-31.070732],[-57.853613,-31.070379],[-57.85356,-31.070274],[-57.854051,-31.069304],[-57.85595,-31.067752],[-57.856545,-31.067533],[-57.856612,-31.067342],[-57.856481,-31.066638],[-57.856685,-31.066112],[-57.856907,-31.066134],[-57.857757,-31.066666],[-57.858007,-31.066736],[-57.858229,-31.066686],[-57.858779,-31.066193],[-57.859313,-31.065486],[-57.8596,-31.064474],[-57.859445,-31.064059],[-57.859738,-31.063983],[-57.859814,-31.064096],[-57.859759,-31.063941],[-57.85937,-31.064008],[-57.858798,-31.063675],[-57.858686,-31.063532],[-57.858614,-31.063282],[-57.858784,-31.062147],[-57.858751,-31.06155],[-57.858484,-31.061075],[-57.8579,-31.060911],[-57.857582,-31.061069],[-57.855826,-31.061582],[-57.855382,-31.061597],[-57.854091,-31.061354],[-57.852904,-31.061747],[-57.851936,-31.062336],[-57.851661,-31.0626],[-57.850415,-31.064315],[-57.85025,-31.064447],[-57.85,-31.064508],[-57.848943,-31.064038],[-57.848141,-31.06439],[-57.847332,-31.065386],[-57.847264,-31.065518],[-57.847281,-31.065828],[-57.846791,-31.066893],[-57.84664,-31.067026],[-57.845838,-31.067341],[-57.845575,-31.067331],[-57.845491,-31.06726],[-57.84539,-31.066819],[-57.845469,-31.066401],[-57.845411,-31.066126],[-57.845561,-31.065815],[-57.845652,-31.065158],[-57.84552,-31.064276],[-57.845567,-31.063368],[-57.845399,-31.063119],[-57.845065,-31.063013],[-57.844638,-31.063362],[-57.84363,-31.063811],[-57.841877,-31.064777],[-57.841497,-31.06511],[-57.843105,-31.07021],[-57.839492,-31.071065],[-57.840458,-31.074053],[-57.844051,-31.073213],[-57.845925,-31.079075],[-57.852932,-31.07735],[-57.851177,-31.075043],[-57.85088,-31.074539],[-57.855822,-31.073372],[-57.856753,-31.076403],[-57.858571,-31.075953],[-57.858492,-31.075864],[-57.858531,-31.075589],[-57.858708,-31.075218]]]]}},{"type":"Feature","properties":{"nombre":"Paso de los Toros","departamento":"Tacuarembó"},"geometry":{"type":"MultiPolygon","coordinates":[[[[-56.527222,-32.817338],[-56.526856,-32.817413],[-56.526845,-32.817141],[-56.527362,-32.816595],[-56.52768,-32.816541],[-56.527751,-32.816431],[-56.528014,-32.816317],[-56.528204,-32.816162],[-56.528205,-32.815983],[-56.528338,-32.815949],[-56.52842,-32.815759],[-56.528711,-32.815763],[-56.528874,-32.815518],[-56.529358,-32.815118],[-56.529547,-32.814632],[-56.529345,-32.814569],[-56.529263,-32.814443],[-56.529724,-32.813499],[-56.530151,-32.813458],[-56.530589,-32.813231],[-56.530469,-32.812892],[-56.530608,-32.812098],[-56.53119,-32.811666],[-56.531801,-32.810901],[-56.532015,-32.810898],[-56.532082,-32.81107],[-56.532175,-32.811021],[-56.532326,-32.810593],[-56.532705,-32.810175],[-56.532651,-32.81011],[-56.532746,-32.81003],[-56.532762,-32.80987],[-56.532945,-32.809811],[-56.533041,-32.809663],[-56.532972,-32.809436],[-56.533241,-32.808857],[-56.533478,-32.808615],[-56.533453,-32.808308],[-56.533887,-32.807625],[-56.534259,-32.807257],[-56.534231,-32.807142],[-56.534751,-32.806636],[-56.533908,-32.806804],[-56.533567,-32.807023],[-56.53325,-32.80708],[-56.533134,-32.807208],[-56.532645,-32.807323],[-56.53273,-32.807227],[-56.532695,-32.807169],[-56.533229,-32.806893],[-56.533526,-32.80654],[-56.533745,-32.806503],[-56.533882,-32.806274],[-56.533726,-32.805968],[-56.533433,-32.805805],[-56.533343,-32.805666],[-56.533241,-32.805704],[-56.533095,-32.805455],[-56.532947,-32.805617],[-56.532779,-32.80543],[-56.533018,-32.805106],[-56.532844,-32.804872],[-56.532714,-32.804919],[-56.532635,-32.804857],[-56.532845,-32.8046],[-56.533152,-32.804396],[-56.533273,-32.804873],[-56.533513,-32.804957],[-56.533815,-32.804882],[-56.534092,-32.805068],[-56.534341,-32.805508],[-56.534222,-32.805685],[-56.534447,-32.805822],[-56.534514,-32.806011],[-56.534809,-32.805911],[-56.535208,-32.805608],[-56.535798,-32.805673],[-56.536378,-32.805542],[-56.536601,-32.805656],[-56.537667,-32.805504],[-56.538009,-32.805566],[-56.538229,-32.805441],[-56.538707,-32.805435],[-56.539317,-32.805187],[-56.539598,-32.805362],[-56.539868,-32.805326],[-56.539938,-32.805501],[-56.540067,-32.803159],[-56.539994,-32.802972],[-56.540179,-32.802907],[-56.541566,-32.802942],[-56.541203,-32.802678],[-56.540716,-32.802529],[-56.53877,-32.80243],[-56.538436,-32.800284],[-56.536463,-32.799181],[-56.535877,-32.798689],[-56.535428,-32.797947],[-56.529311,-32.797314],[-56.528576,-32.789137],[-56.528628,-32.788819],[-56.528557,-32.787847],[-56.521147,-32.790939],[-56.522402,-32.788668],[-56.522942,-32.786975],[-56.523043,-32.780254],[-56.522782,-32.780277],[-56.521405,-32.780035],[-56.520745,-32.780256],[-56.520564,-32.780255],[-56.520498,-32.780141],[-56.520397,-32.780166],[-56.520372,-32.781124],[-56.520124,-32.781822],[-56.518162,-32.785187],[-56.521128,-32.784748],[-56.52164,-32.787252],[-56.521432,-32.788326],[-56.520862,-32.789179],[-56.518495,-32.791609],[-56.517649,-32.792641],[-56.517187,-32.793526],[-56.516661,-32.794984],[-56.515613,-32.796211],[-56.515403,-32.796875],[-56.514063,-32.796495],[-56.513144,-32.796505],[-56.512372,-32.79631],[-56.512171,-32.796232],[-56.511931,-32.7959],[-56.511766,-32.795817],[-56.510562,-32.79546],[-56.510278,-32.79505],[-56.510169,-32.795015],[-56.51003,-32.795124],[-56.509672,-32.795133],[-56.509515,-32.795272],[-56.50945,-32.795198],[-56.509275,-32.795233],[-56.509001,-32.795141],[-56.508233,-32.795242],[-56.507714,-32.795137],[-56.507548,-32.795303],[-56.507339,-32.795338],[-56.507265,-32.795556],[-56.50709,-32.795577],[-56.50696,-32.795486],[-56.506881,-32.795521],[-56.506925,-32.795717],[-56.506842,-32.79573],[-56.50675,-32.795708],[-56.506698,-32.795543],[-56.506523,-32.795787],[-56.506349,-32.795638],[-56.5061,-32.795813],[-56.505594,-32.795656],[-56.505411,-32.795839],[-56.504897,-32.795778],[-56.504757,-32.795922],[-56.504203,-32.79611],[-56.503706,-32.796519],[-56.503877,-32.796771],[-56.504181,-32.798085],[-56.504495,-32.798404],[-56.504565,-32.799018],[-56.504033,-32.79948],[-56.503671,-32.799533],[-56.503274,-32.800117],[-56.50378,-32.801367],[-56.503959,-32.802346],[-56.503902,-32.802669],[-56.504151,-32.803977],[-56.504086,-32.804095],[-56.503641,-32.804269],[-56.503488,-32.804453],[-56.503488,-32.805172],[-56.503253,-32.805835],[-56.502775,-32.806785],[-56.503072,-32.806897],[-56.503099,-32.807042],[-56.503233,-32.807162],[-56.503154,-32.807328],[-56.503063,-32.807423],[-56.502701,-32.807462],[-56.501883,-32.807904],[-56.501894,-32.808062],[-56.502096,-32.808293],[-56.501979,-32.808325],[-56.501974,-32.808236],[-56.501779,-32.808219],[-56.501608,-32.808394],[-56.501593,-32.808245],[-56.501314,-32.808402],[-56.500907,-32.808941],[-56.500859,-32.809187],[-56.500914,-32.809403],[-56.500766,-32.809425],[-56.500277,-32.809143],[-56.499139,-32.808827],[-56.498879,-32.80897],[-56.498923,-32.809327],[-56.498855,-32.809397],[-56.498668,-32.809353],[-56.498445,-32.809463],[-56.498218,-32.809469],[-56.497682,-32.809169],[-56.497385,-32.809112],[-56.496986,-32.809363],[-56.496966,-32.809942],[-56.497095,-32.810006],[-56.497073,-32.81019],[-56.497169,-32.810334],[-56.497122,-32.810421],[-56.497413,-32.811143],[-56.497346,-32.811755],[-56.497505,-32.812613],[-56.497436,-32.812913],[-56.49744,-32.813717],[-56.497581,-32.813891],[-56.497786,-32.813886],[-56.497623,-32.81403],[-56.497622,-32.814225],[-56.497274,-32.814346],[-56.497438,-32.814669],[-56.497467,-32.816688],[-56.497715,-32.817405],[-56.497578,-32.817705],[-56.497228,-32.817877],[-56.497305,-32.817944],[-56.497685,-32.817919],[-56.497806,-32.818148],[-56.497819,-32.818364],[-56.498043,-32.818699],[-56.49807,-32.818906],[-56.498432,-32.819272],[-56.498575,-32.819624],[-56.498774,-32.819816],[-56.498731,-32.819995],[-56.498985,-32.820089],[-56.499123,-32.820431],[-56.499363,-32.820408],[-56.499805,-32.820736],[-56.500084,-32.820797],[-56.500145,-32.821088],[-56.500608,-32.821227],[-56.50094,-32.821486],[-56.501528,-32.821563],[-56.501792,-32.821515],[-56.501856,-32.821349],[-56.500418,-32.820764],[-56.500313,-32.820644],[-56.499998,-32.820611],[-56.500184,-32.82003],[-56.501613,-32.820655],[-56.502724,-32.821537],[-56.503031,-32.821428],[-56.502926,-32.821226],[-56.502943,-32.821035],[-56.503479,-32.820725],[-56.504395,-32.820948],[-56.505037,-32.82091],[-56.505528,-32.82101],[-56.50562,-32.821102],[-56.506024,-32.820812],[-56.506387,-32.820712],[-56.506796,-32.820881],[-56.507009,-32.820706],[-56.507362,-32.82078],[-56.508626,-32.820422],[-56.508763,-32.820441],[-56.508907,-32.820343],[-56.509561,-32.82031],[-56.50993,-32.820154],[-56.509908,-32.820058],[-56.509547,-32.819894],[-56.508416,-32.819852],[-56.508123,-32.819736],[-56.50791,-32.81943],[-56.507911,-32.819248],[-56.508106,-32.8188],[-56.508558,-32.818764],[-56.508761,-32.818822],[-56.509121,-32.819186],[-56.5093,-32.819521],[-56.509932,-32.819839],[-56.510587,-32.819841],[-56.51122,-32.820026],[-56.51174,-32.819991],[-56.511815,-32.819874],[-56.511975,-32.819831],[-56.512758,-32.819806],[-56.513104,-32.819668],[-56.513265,-32.819756],[-56.51351,-32.819612],[-56.513945,-32.819665],[-56.514734,-32.81952],[-56.514921,-32.819609],[-56.514987,-32.819478],[-56.51526,-32.819453],[-56.515286,-32.819325],[-56.515518,-32.819157],[-56.515158,-32.818791],[-56.51504,-32.818307],[-56.514713,-32.818092],[-56.514609,-32.817054],[-56.514934,-32.817172],[-56.515492,-32.81723],[-56.515743,-32.817102],[-56.515905,-32.817302],[-56.515906,-32.817781],[-56.516085,-32.818028],[-56.516098,-32.818667],[-56.515853,-32.819268],[-56.515934,-32.819333],[-56.516448,-32.819235],[-56.516835,-32.819296],[-56.517349,-32.819174],[-56.518042,-32.819245],[-56.51859,-32.819095],[-56.519089,-32.819184],[-56.519595,-32.819112],[-56.519777,-32.81893],[-56.520111,-32.819031],[-56.521008,-32.818793],[-56.521306,-32.818865],[-56.521856,-32.818732],[-56.5219,-32.818679],[-56.52175,-32.818432],[-56.52133,-32.818145],[-56.521294,-32.818022],[-56.521543,-32.817631],[-56.522077,-32.817263],[-56.522169,-32.817308],[-56.522179,-32.817554],[-56.522086,-32.817702],[-56.522247,-32.818193],[-56.522185,-32.818389],[-56.522658,-32.818646],[-56.523106,-32.818556],[-56.523248,-32.818447],[-56.523416,-32.818517],[-56.523585,-32.818424],[-56.524109,-32.818419],[-56.524558,-32.81824],[-56.524973,-32.818353],[-56.525476,-32.818108],[-56.525787,-32.818117],[-56.526544,-32.817845],[-56.526798,-32.817894],[-56.526943,-32.817729],[-56.527141,-32.817689],[-56.527253,-32.817505],[-56.527222,-32.817338]]]]}},{"type":"Feature","properties":{"nombre":"Bernabe Rivera","departamento":"Artigas"},"geometry":{"type":"MultiPolygon","coordinates":[[[[-56.970498,-30.301068],[-56.972175,-30.302668],[-56.973125,-30.302392],[-56.972278,-30.300368],[-56.972851,-30.300139],[-56.97452,-30.299042],[-56.974448,-30.298956],[-56.974532,-30.298733],[-56.975118,-30.298537],[-56.975027,-30.298345],[-56.974688,-30.298021],[-56.973958,-30.297513],[-56.973612,-30.29663],[-56.97343,-30.296587],[-56.973443,-30.296466],[-56.973623,-30.296505],[-56.973592,-30.29603],[-56.9732,-30.295355],[-56.973163,-30.294602],[-56.973096,-30.294511],[-56.971999,-30.294058],[-56.97178,-30.293715],[-56.971733,-30.295104],[-56.970898,-30.295792],[-56.968305,-30.297706],[-56.96662,-30.297884],[-56.966249,-30.297833],[-56.966231,-30.298049],[-56.965101,-30.299149],[-56.965185,-30.299335],[-56.967965,-30.301995],[-56.969406,-30.300918],[-56.970498,-30.301068]]]]}},{"type":"Feature","properties":{"nombre":"Costa Azul","departamento":"Canelones"},"geometry":{"type":"MultiPolygon","coordinates":[[[[-55.661691,-34.768703],[-55.662417,-34.767945],[-55.664172,-34.766719],[-55.667817,-34.765462],[-55.667462,-34.764868],[-55.667051,-34.76467],[-55.666671,-34.764828],[-55.665822,-34.764984],[-55.66481,-34.76501],[-55.664281,-34.765284],[-55.663517,-34.765444],[-55.663189,-34.765587],[-55.662929,-34.765555],[-55.66281,-34.765459],[-55.662716,-34.765194],[-55.662696,-34.76473],[-55.662856,-34.764358],[-55.663832,-34.763353],[-55.664146,-34.76315],[-55.664453,-34.762555],[-55.664758,-34.762206],[-55.665127,-34.761386],[-55.666391,-34.759819],[-55.666804,-34.758834],[-55.66677,-34.757848],[-55.666633,-34.757496],[-55.666668,-34.757105],[-55.667371,-34.756501],[-55.667779,-34.755852],[-55.667816,-34.754787],[-55.667473,-34.754116],[-55.66736,-34.753302],[-55.667104,-34.752715],[-55.667037,-34.752302],[-55.666726,-34.751717],[-55.666843,-34.750978],[-55.666754,-34.750727],[-55.666508,-34.750435],[-55.666577,-34.749758],[-55.666506,-34.74957],[-55.665979,-34.748918],[-55.655934,-34.749886],[-55.655812,-34.751115],[-55.652999,-34.766061],[-55.65295,-34.766536],[-55.653084,-34.767071],[-55.652178,-34.767086],[-55.651236,-34.767872],[-55.650168,-34.773769],[-55.650489,-34.774541],[-55.650539,-34.774867],[-55.650463,-34.77557],[-55.65026,-34.775971],[-55.650673,-34.775796],[-55.65074,-34.776386],[-55.650894,-34.776677],[-55.651531,-34.77717],[-55.652479,-34.77775],[-55.65414,-34.776685],[-55.65556,-34.77609],[-55.65649,-34.775824],[-55.656723,-34.775669],[-55.656799,-34.775302],[-55.656954,-34.775027],[-55.657909,-34.774589],[-55.658205,-34.774201],[-55.658625,-34.773948],[-55.658744,-34.773768],[-55.658781,-34.773578],[-55.658602,-34.773261],[-55.658389,-34.772133],[-55.658593,-34.771639],[-55.659054,-34.771014],[-55.661691,-34.768703]]]]}},{"type":"Feature","properties":{"nombre":"El Eden","departamento":"Maldonado"},"geometry":{"type":"MultiPolygon","coordinates":[[[[-55.061252,-34.63205],[-55.061806,-34.631486],[-55.058598,-34.628811],[-55.056418,-34.628472],[-55.056005,-34.62894],[-55.05561,-34.628957],[-55.055701,-34.629132],[-55.055213,-34.629539],[-55.055193,-34.63267],[-55.056871,-34.634129],[-55.056202,-34.634698],[-55.056751,-34.634781],[-55.056625,-34.635314],[-55.057203,-34.63542],[-55.057258,-34.635174],[-55.058359,-34.635316],[-55.058416,-34.63508],[-55.059922,-34.633676],[-55.059572,-34.633407],[-55.061252,-34.63205]]]]}},{"type":"Feature","properties":{"nombre":"Chacras de Medellin Sur Lac","departamento":"Maldonado"},"geometry":{"type":"MultiPolygon","coordinates":[[[[-54.6604,-34.834048],[-54.660541,-34.834131],[-54.660862,-34.833773],[-54.660986,-34.833416],[-54.66265,-34.833581],[-54.662872,-34.833704],[-54.663085,-34.834161],[-54.663368,-34.834449],[-54.663581,-34.834302],[-54.663614,-34.833951],[-54.66381,-34.833817],[-54.663888,-34.833601],[-54.664324,-34.833431],[-54.664537,-34.833495],[-54.664875,-34.833422],[-54.665281,-34.83345],[-54.665403,-34.833412],[-54.665531,-34.833196],[-54.665745,-34.833143],[-54.665901,-34.833229],[-54.665957,-34.833409],[-54.665905,-34.833619],[-54.665971,-34.833621],[-54.66679,-34.833479],[-54.667375,-34.833134],[-54.667997,-34.833146],[-54.66865,-34.833329],[-54.668806,-34.833724],[-54.66885,-34.834152],[-54.66894,-34.834261],[-54.669217,-34.834319],[-54.67015,-34.834295],[-54.670415,-34.833873],[-54.67078,-34.833642],[-54.672044,-34.833325],[-54.672077,-34.833123],[-54.67237,-34.832853],[-54.672886,-34.832013],[-54.673148,-34.831844],[-54.673208,-34.831634],[-54.67412,-34.83125],[-54.674282,-34.830999],[-54.674281,-34.830809],[-54.674445,-34.830459],[-54.674775,-34.830311],[-54.675066,-34.830328],[-54.675294,-34.830169],[-54.675674,-34.830212],[-54.676144,-34.830104],[-54.676726,-34.829524],[-54.676755,-34.829113],[-54.676902,-34.82879],[-54.677257,-34.828569],[-54.678218,-34.828183],[-54.678276,-34.828079],[-54.679281,-34.827655],[-54.679558,-34.827474],[-54.67963,-34.827214],[-54.680046,-34.826847],[-54.680859,-34.826516],[-54.681503,-34.826351],[-54.682144,-34.825924],[-54.682466,-34.825831],[-54.682629,-34.825541],[-54.682692,-34.825219],[-54.682655,-34.824064],[-54.682875,-34.823516],[-54.683932,-34.822098],[-54.686639,-34.819503],[-54.688974,-34.817056],[-54.69041,-34.815727],[-54.691492,-34.814913],[-54.691642,-34.814904],[-54.691632,-34.814807],[-54.692228,-34.814137],[-54.692798,-34.813906],[-54.693107,-34.813669],[-54.693789,-34.813507],[-54.693923,-34.813281],[-54.694143,-34.813144],[-54.661194,-34.807033],[-54.659801,-34.806901],[-54.658299,-34.806459],[-54.655762,-34.811362],[-54.653198,-34.820669],[-54.651802,-34.825404],[-54.651066,-34.827748],[-54.650862,-34.828175],[-54.650931,-34.828354],[-54.65075,-34.829505],[-54.656078,-34.832345],[-54.656325,-34.831473],[-54.656457,-34.831269],[-54.65705,-34.830812],[-54.657571,-34.830547],[-54.6604,-34.834048]]]]}},{"type":"Feature","properties":{"nombre":"Polanco Norte","departamento":"Lavalleja"},"geometry":{"type":"MultiPolygon","coordinates":[[[[-55.123255,-33.876086],[-55.123688,-33.875432],[-55.123681,-33.875346],[-55.123541,-33.875259],[-55.123826,-33.875158],[-55.122401,-33.874482],[-55.122702,-33.873177],[-55.122442,-33.873326],[-55.121445,-33.873072],[-55.121491,-33.872871],[-55.120454,-33.872957],[-55.120618,-33.873937],[-55.118773,-33.874137],[-55.120678,-33.875507],[-55.121101,-33.875677],[-55.121178,-33.875644],[-55.121928,-33.875993],[-55.121895,-33.876061],[-55.123008,-33.876559],[-55.123255,-33.876086]]]]}},{"type":"Feature","properties":{"nombre":"City Golf","departamento":"Canelones"},"geometry":{"type":"MultiPolygon","coordinates":[[[[-55.777441,-34.762858],[-55.777561,-34.762396],[-55.777664,-34.762279],[-55.77943,-34.760969],[-55.779553,-34.760642],[-55.779568,-34.760368],[-55.778707,-34.759588],[-55.779334,-34.759212],[-55.779204,-34.758164],[-55.778975,-34.758063],[-55.778272,-34.758256],[-55.777747,-34.757767],[-55.777524,-34.757846],[-55.776371,-34.756871],[-55.775932,-34.757245],[-55.775367,-34.756924],[-55.776182,-34.756393],[-55.777181,-34.755876],[-55.777283,-34.755645],[-55.777452,-34.754621],[-55.778943,-34.754805],[-55.779724,-34.751622],[-55.777909,-34.751352],[-55.777006,-34.754613],[-55.776823,-34.754655],[-55.776415,-34.754615],[-55.775837,-34.754366],[-55.774924,-34.754229],[-55.774888,-34.754163],[-55.770618,-34.753425],[-55.77079,-34.752767],[-55.767778,-34.752285],[-55.765508,-34.761294],[-55.765698,-34.761345],[-55.765699,-34.761612],[-55.765896,-34.762117],[-55.769095,-34.767013],[-55.769196,-34.767322],[-55.769675,-34.767392],[-55.769714,-34.767265],[-55.770063,-34.767186],[-55.771438,-34.767221],[-55.771893,-34.767486],[-55.773255,-34.767596],[-55.773528,-34.766097],[-55.773493,-34.765789],[-55.773108,-34.765309],[-55.773093,-34.765173],[-55.773201,-34.764981],[-55.77368,-34.764605],[-55.77441,-34.764184],[-55.774666,-34.764201],[-55.775072,-34.764539],[-55.77558,-34.764016],[-55.775694,-34.763776],[-55.776052,-34.76347],[-55.777211,-34.762652],[-55.777441,-34.762858]]]]}},{"type":"Feature","properties":{"nombre":"San Antonio","departamento":"Canelones"},"geometry":{"type":"MultiPolygon","coordinates":[[[[-56.087532,-34.456355],[-56.086069,-34.453423],[-56.085592,-34.453565],[-56.082563,-34.447614],[-56.08304,-34.447403],[-56.083948,-34.446542],[-56.082676,-34.443901],[-56.081848,-34.444216],[-56.081745,-34.444192],[-56.081236,-34.443102],[-56.081953,-34.442845],[-56.081688,-34.44224],[-56.081776,-34.442101],[-56.080033,-34.438602],[-56.078233,-34.439137],[-56.079593,-34.441817],[-56.077765,-34.442455],[-56.08076,-34.44824],[-56.078433,-34.449052],[-56.077908,-34.448039],[-56.070195,-34.450647],[-56.069804,-34.450554],[-56.073581,-34.458081],[-56.078758,-34.45629],[-56.079917,-34.455374],[-56.081496,-34.454814],[-56.081749,-34.45533],[-56.082858,-34.454991],[-56.083069,-34.4554],[-56.083709,-34.455191],[-56.083632,-34.455024],[-56.084166,-34.454855],[-56.087008,-34.46061],[-56.089254,-34.459853],[-56.087532,-34.456355]]]]}},{"type":"Feature","properties":{"nombre":"Villa San Cono","departamento":"Canelones"},"geometry":{"type":"MultiPolygon","coordinates":[[[[-56.16551,-34.67394],[-56.165607,-34.674162],[-56.171773,-34.673289],[-56.171942,-34.673521],[-56.172028,-34.673429],[-56.172135,-34.673519],[-56.173139,-34.674627],[-56.174141,-34.674352],[-56.174059,-34.674111],[-56.17411,-34.673685],[-56.174712,-34.673582],[-56.174652,-34.672921],[-56.17704,-34.672795],[-56.176821,-34.671076],[-56.174034,-34.671338],[-56.174148,-34.670517],[-56.17433,-34.669879],[-56.174558,-34.669888],[-56.175552,-34.667189],[-56.171517,-34.667398],[-56.171658,-34.668228],[-56.170327,-34.668192],[-56.170368,-34.668891],[-56.168945,-34.668876],[-56.169219,-34.670149],[-56.168755,-34.670188],[-56.168153,-34.670394],[-56.167401,-34.670406],[-56.165654,-34.67064],[-56.166025,-34.672183],[-56.165331,-34.672336],[-56.165476,-34.673113],[-56.1647,-34.673205],[-56.164763,-34.673933],[-56.165498,-34.673833],[-56.16551,-34.67394]]]]}},{"type":"Feature","properties":{"nombre":"Aguas Dulces","departamento":"Rocha"},"geometry":{"type":"MultiPolygon","coordinates":[[[[-53.78571,-34.280861],[-53.788865,-34.279549],[-53.792257,-34.27792],[-53.791883,-34.275829],[-53.791395,-34.274304],[-53.794683,-34.273861],[-53.792322,-34.270491],[-53.789653,-34.271143],[-53.79054,-34.272642],[-53.788546,-34.272962],[-53.788128,-34.273173],[-53.787678,-34.273649],[-53.779261,-34.268828],[-53.778235,-34.268916],[-53.777156,-34.269581],[-53.776028,-34.269793],[-53.775595,-34.269789],[-53.775544,-34.269638],[-53.775261,-34.269608],[-53.775108,-34.269426],[-53.774783,-34.269427],[-53.774688,-34.269522],[-53.774604,-34.269445],[-53.774215,-34.269594],[-53.773993,-34.269548],[-53.773639,-34.269158],[-53.773357,-34.269129],[-53.776682,-34.274204],[-53.777142,-34.274789],[-53.777234,-34.275092],[-53.777687,-34.275647],[-53.777919,-34.276326],[-53.778239,-34.276689],[-53.778921,-34.277878],[-53.779147,-34.278098],[-53.779266,-34.278539],[-53.77951,-34.278687],[-53.779825,-34.279145],[-53.780765,-34.281025],[-53.781166,-34.281539],[-53.781479,-34.282346],[-53.782678,-34.284519],[-53.783728,-34.286704],[-53.784513,-34.286607],[-53.782874,-34.282726],[-53.783545,-34.282443],[-53.783339,-34.282189],[-53.783103,-34.282448],[-53.782551,-34.282329],[-53.782458,-34.28219],[-53.78571,-34.280861]]]]}},{"type":"Feature","properties":{"nombre":"Porvenir","departamento":"Paysandú"},"geometry":{"type":"MultiPolygon","coordinates":[[[[-57.975449,-32.396429],[-57.973565,-32.38935],[-57.969166,-32.391133],[-57.968749,-32.389679],[-57.967685,-32.389935],[-57.967609,-32.390027],[-57.964149,-32.390652],[-57.964681,-32.392572],[-57.964377,-32.393031],[-57.964773,-32.392881],[-57.966172,-32.39823],[-57.975449,-32.396429]]]]}},{"type":"Feature","properties":{"nombre":"Palomas","departamento":"Salto"},"geometry":{"type":"MultiPolygon","coordinates":[[[[-57.608816,-31.082354],[-57.609057,-31.082447],[-57.60944,-31.083876],[-57.609706,-31.084115],[-57.611574,-31.083636],[-57.611069,-31.082412],[-57.611072,-31.08222],[-57.611203,-31.082302],[-57.613123,-31.082383],[-57.612685,-31.080277],[-57.610434,-31.08068],[-57.609936,-31.078658],[-57.61133,-31.078202],[-57.610699,-31.076389],[-57.608657,-31.077859],[-57.606869,-31.078447],[-57.607966,-31.082648],[-57.608816,-31.082354]]]]}},{"type":"Feature","properties":{"nombre":"Nueva Helvecia","departamento":"Colonia"},"geometry":{"type":"MultiPolygon","coordinates":[[[[-57.253303,-34.311908],[-57.25934,-34.307558],[-57.244643,-34.293504],[-57.249404,-34.289927],[-57.243778,-34.284581],[-57.247629,-34.281782],[-57.24365,-34.278069],[-57.24355,-34.277759],[-57.242938,-34.277869],[-57.242259,-34.277874],[-57.240977,-34.27773],[-57.240537,-34.277575],[-57.237237,-34.276245],[-57.237454,-34.276022],[-57.237388,-34.275909],[-57.228516,-34.27244],[-57.226062,-34.273119],[-57.224514,-34.274174],[-57.224382,-34.274084],[-57.224099,-34.274258],[-57.223783,-34.274641],[-57.222779,-34.275246],[-57.222082,-34.275574],[-57.221594,-34.27568],[-57.221233,-34.276029],[-57.220722,-34.276348],[-57.220166,-34.276515],[-57.220002,-34.276786],[-57.219903,-34.277168],[-57.219629,-34.277548],[-57.21929,-34.277726],[-57.219115,-34.27824],[-57.218817,-34.278559],[-57.218923,-34.278777],[-57.218704,-34.2795],[-57.218822,-34.279872],[-57.218762,-34.28015],[-57.218884,-34.280424],[-57.218951,-34.2809],[-57.21658,-34.282555],[-57.218298,-34.28425],[-57.218143,-34.284471],[-57.218192,-34.284646],[-57.218092,-34.285062],[-57.218273,-34.285713],[-57.218238,-34.286481],[-57.218306,-34.286818],[-57.21825,-34.287144],[-57.218424,-34.287409],[-57.219147,-34.287836],[-57.219448,-34.289532],[-57.219601,-34.289799],[-57.220484,-34.290142],[-57.22073,-34.29046],[-57.220851,-34.290846],[-57.221634,-34.291334],[-57.221574,-34.29158],[-57.221283,-34.291868],[-57.221046,-34.292615],[-57.220622,-34.293083],[-57.22055,-34.293261],[-57.221056,-34.294364],[-57.221345,-34.295546],[-57.220906,-34.296437],[-57.220785,-34.29697],[-57.220328,-34.29736],[-57.220286,-34.298154],[-57.220345,-34.298805],[-57.219545,-34.2994],[-57.219571,-34.299678],[-57.219513,-34.299737],[-57.218524,-34.300415],[-57.220094,-34.301903],[-57.215258,-34.305386],[-57.22281,-34.312484],[-57.230175,-34.319584],[-57.233491,-34.31733],[-57.233259,-34.320583],[-57.236852,-34.317986],[-57.234929,-34.316156],[-57.244309,-34.309223],[-57.249872,-34.314454],[-57.253303,-34.311908]]]]}},{"type":"Feature","properties":{"nombre":"Paso Farias","departamento":"Artigas"},"geometry":{"type":"MultiPolygon","coordinates":[[[[-57.125204,-30.47684],[-57.126119,-30.478196],[-57.127611,-30.477324],[-57.125968,-30.474813],[-57.124414,-30.475567],[-57.124245,-30.475268],[-57.12311,-30.47588],[-57.122939,-30.477021],[-57.125161,-30.476778],[-57.125204,-30.47684]]]]}},{"type":"Feature","properties":{"nombre":"Colonia Concordia","departamento":"Soriano"},"geometry":{"type":"MultiPolygon","coordinates":[[[[-58.351336,-33.617328],[-58.351322,-33.617624],[-58.352014,-33.617697],[-58.352253,-33.616624],[-58.35462,-33.61794],[-58.354901,-33.618163],[-58.355638,-33.617911],[-58.356062,-33.617378],[-58.355497,-33.617033],[-58.356168,-33.615239],[-58.35625,-33.614182],[-58.353408,-33.614066],[-58.353545,-33.613821],[-58.353639,-33.611946],[-58.351233,-33.611901],[-58.350772,-33.613378],[-58.348822,-33.612889],[-58.349676,-33.615231],[-58.349381,-33.615377],[-58.350034,-33.6172],[-58.350919,-33.61697],[-58.351056,-33.617429],[-58.351336,-33.617328]]]]}},{"type":"Feature","properties":{"nombre":"Pinamar - Pinepark","departamento":"Canelones"},"geometry":{"type":"MultiPolygon","coordinates":[[[[-55.861528,-34.783127],[-55.862763,-34.778619],[-55.862986,-34.777534],[-55.865175,-34.769364],[-55.865291,-34.768712],[-55.865431,-34.768543],[-55.865634,-34.768497],[-55.865946,-34.767488],[-55.866132,-34.766419],[-55.866744,-34.764271],[-55.866501,-34.764222],[-55.866895,-34.762627],[-55.865166,-34.760395],[-55.863324,-34.758562],[-55.862461,-34.757792],[-55.861123,-34.757301],[-55.861499,-34.755848],[-55.862011,-34.754309],[-55.861294,-34.754603],[-55.861114,-34.754412],[-55.860912,-34.754467],[-55.860888,-34.75456],[-55.860504,-34.754498],[-55.860319,-34.75466],[-55.860341,-34.754805],[-55.860212,-34.754999],[-55.860087,-34.754859],[-55.860028,-34.754949],[-55.859579,-34.755043],[-55.85934,-34.754947],[-55.858791,-34.755167],[-55.858147,-34.754888],[-55.857008,-34.754869],[-55.856926,-34.754719],[-55.856733,-34.754845],[-55.856034,-34.754859],[-55.855724,-34.754962],[-55.855527,-34.754911],[-55.855478,-34.754802],[-55.85472,-34.75532],[-55.854495,-34.755265],[-55.853742,-34.758215],[-55.852351,-34.763066],[-55.846002,-34.787019],[-55.845538,-34.788697],[-55.844925,-34.790279],[-55.851134,-34.793163],[-55.85506,-34.795098],[-55.856143,-34.795433],[-55.857591,-34.796152],[-55.858239,-34.79612],[-55.858631,-34.796181],[-55.859091,-34.796396],[-55.859785,-34.79644],[-55.860017,-34.796385],[-55.860484,-34.796046],[-55.860886,-34.795458],[-55.861449,-34.795299],[-55.862198,-34.794513],[-55.862158,-34.794269],[-55.861826,-34.794267],[-55.861463,-34.794124],[-55.86106,-34.794254],[-55.859768,-34.79426],[-55.859231,-34.79444],[-55.859113,-34.794436],[-55.85874,-34.794143],[-55.858904,-34.793989],[-55.858912,-34.793477],[-55.858813,-34.793454],[-55.858923,-34.792973],[-55.861528,-34.783127]]]]}},{"type":"Feature","properties":{"nombre":"Montes","departamento":"Canelones"},"geometry":{"type":"MultiPolygon","coordinates":[[[[-55.570346,-34.494878],[-55.57116,-34.494986],[-55.572031,-34.494236],[-55.57137,-34.493646],[-55.573199,-34.492191],[-55.573313,-34.492331],[-55.574101,-34.492356],[-55.574115,-34.490913],[-55.573311,-34.490916],[-55.573321,-34.490185],[-55.575335,-34.490197],[-55.575269,-34.489801],[-55.573428,-34.489754],[-55.573428,-34.489886],[-55.572681,-34.490495],[-55.570506,-34.488633],[-55.572518,-34.487043],[-55.57363,-34.486974],[-55.575556,-34.487029],[-55.575577,-34.487523],[-55.576111,-34.487538],[-55.576099,-34.487019],[-55.577255,-34.487046],[-55.57728,-34.485268],[-55.577735,-34.485274],[-55.57767,-34.483401],[-55.575824,-34.483426],[-55.57582,-34.485249],[-55.574833,-34.48523],[-55.574816,-34.484357],[-55.573622,-34.484357],[-55.573622,-34.483031],[-55.571951,-34.48304],[-55.571976,-34.485189],[-55.57115,-34.485206],[-55.570429,-34.485474],[-55.564118,-34.490547],[-55.555737,-34.483851],[-55.555466,-34.484032],[-55.555199,-34.484038],[-55.555066,-34.484155],[-55.554902,-34.484545],[-55.554639,-34.484714],[-55.55447,-34.484989],[-55.55593,-34.486619],[-55.553038,-34.488369],[-55.553828,-34.489337],[-55.551481,-34.490718],[-55.552266,-34.491722],[-55.556795,-34.496973],[-55.554258,-34.498463],[-55.553477,-34.497464],[-55.552546,-34.497784],[-55.552654,-34.498137],[-55.551039,-34.498514],[-55.551045,-34.499248],[-55.55454,-34.501422],[-55.554781,-34.501092],[-55.555303,-34.499767],[-55.557154,-34.498669],[-55.557913,-34.498066],[-55.55915,-34.497317],[-55.560961,-34.499363],[-55.561093,-34.499593],[-55.561256,-34.500488],[-55.562027,-34.500391],[-55.562014,-34.500222],[-55.562376,-34.500182],[-55.562334,-34.501097],[-55.562607,-34.502325],[-55.559207,-34.502729],[-55.559469,-34.50369],[-55.558329,-34.503779],[-55.55835,-34.503867],[-55.560638,-34.505293],[-55.56075,-34.505209],[-55.561827,-34.505039],[-55.562142,-34.506749],[-55.562209,-34.506936],[-55.562471,-34.507155],[-55.562556,-34.507356],[-55.562609,-34.508222],[-55.56429,-34.508224],[-55.564267,-34.507494],[-55.564334,-34.507208],[-55.565562,-34.503393],[-55.566084,-34.501344],[-55.566245,-34.501069],[-55.566789,-34.49941],[-55.566982,-34.49919],[-55.566345,-34.498386],[-55.56538,-34.497386],[-55.568981,-34.494465],[-55.569276,-34.494425],[-55.569371,-34.494221],[-55.570346,-34.494878]]]]}},{"type":"Feature","properties":{"nombre":"Mal Abrigo","departamento":"San José"},"geometry":{"type":"MultiPolygon","coordinates":[[[[-56.954585,-34.1527],[-56.95557,-34.152602],[-56.955098,-34.149324],[-56.953894,-34.149445],[-56.957095,-34.144212],[-56.956163,-34.143834],[-56.957464,-34.14173],[-56.95733,-34.141656],[-56.957443,-34.141304],[-56.957061,-34.141811],[-56.956949,-34.141771],[-56.956524,-34.142404],[-56.954824,-34.144422],[-56.952491,-34.142244],[-56.952191,-34.142344],[-56.951873,-34.142587],[-56.951206,-34.142827],[-56.950871,-34.142819],[-56.950585,-34.14312],[-56.9503,-34.143187],[-56.949899,-34.143509],[-56.949442,-34.143605],[-56.949343,-34.143777],[-56.949175,-34.143711],[-56.948888,-34.143862],[-56.948729,-34.143779],[-56.948351,-34.144024],[-56.947699,-34.143915],[-56.94762,-34.143969],[-56.947539,-34.143894],[-56.946979,-34.144036],[-56.946626,-34.143823],[-56.94616,-34.144023],[-56.95167,-34.148179],[-56.948773,-34.15233],[-56.94804,-34.152951],[-56.948018,-34.153454],[-56.948505,-34.153315],[-56.954585,-34.1527]]]]}},{"type":"Feature","properties":{"nombre":"Guazu - Vira","departamento":"Canelones"},"geometry":{"type":"MultiPolygon","coordinates":[[[[-55.63812,-34.772997],[-55.635237,-34.752164],[-55.601723,-34.754244],[-55.599623,-34.754668],[-55.597811,-34.755346],[-55.596686,-34.75595],[-55.594066,-34.757702],[-55.594205,-34.757896],[-55.594142,-34.758331],[-55.59448,-34.758611],[-55.594969,-34.758697],[-55.595094,-34.759868],[-55.595466,-34.76025],[-55.596212,-34.760804],[-55.597104,-34.761041],[-55.597338,-34.761],[-55.597768,-34.761267],[-55.597816,-34.761444],[-55.598016,-34.761453],[-55.598229,-34.76158],[-55.598598,-34.762158],[-55.599232,-34.762455],[-55.599208,-34.76276],[-55.598946,-34.763013],[-55.59896,-34.763313],[-55.599144,-34.763716],[-55.598819,-34.764999],[-55.598896,-34.765755],[-55.599188,-34.766383],[-55.600299,-34.767116],[-55.600452,-34.767305],[-55.600487,-34.767634],[-55.600328,-34.768659],[-55.600705,-34.769953],[-55.601435,-34.770904],[-55.60182,-34.771157],[-55.602418,-34.771255],[-55.603331,-34.771265],[-55.604042,-34.771423],[-55.604113,-34.771865],[-55.605137,-34.771868],[-55.60765,-34.771677],[-55.610399,-34.77188],[-55.61293,-34.771909],[-55.614628,-34.772091],[-55.617077,-34.772195],[-55.617931,-34.772348],[-55.619771,-34.772467],[-55.620921,-34.772668],[-55.621504,-34.77266],[-55.624417,-34.773147],[-55.626218,-34.773358],[-55.628568,-34.773881],[-55.630495,-34.77415],[-55.634137,-34.774955],[-55.637591,-34.775881],[-55.637566,-34.775501],[-55.637729,-34.775267],[-55.637914,-34.775155],[-55.638058,-34.774655],[-55.637989,-34.774363],[-55.638194,-34.773782],[-55.63812,-34.772997]]]]}},{"type":"Feature","properties":{"nombre":"Maria Albina","departamento":"Treinta y Tres"},"geometry":{"type":"MultiPolygon","coordinates":[[[[-54.68153,-33.392547],[-54.682032,-33.391797],[-54.682335,-33.391889],[-54.682937,-33.391282],[-54.683136,-33.391236],[-54.683323,-33.390943],[-54.682783,-33.390693],[-54.683548,-33.389595],[-54.683307,-33.389535],[-54.683162,-33.389603],[-54.682306,-33.389149],[-54.681365,-33.389037],[-54.680675,-33.389062],[-54.677726,-33.387695],[-54.677945,-33.387261],[-54.677585,-33.387116],[-54.677511,-33.387247],[-54.677169,-33.387101],[-54.677023,-33.387315],[-54.676883,-33.387605],[-54.677252,-33.387779],[-54.676839,-33.388457],[-54.676002,-33.38806],[-54.675079,-33.389459],[-54.673419,-33.388699],[-54.673789,-33.390531],[-54.675324,-33.390308],[-54.675391,-33.390566],[-54.675488,-33.390548],[-54.675464,-33.390401],[-54.67637,-33.390982],[-54.676191,-33.391164],[-54.676357,-33.391279],[-54.676539,-33.391094],[-54.677158,-33.391523],[-54.67696,-33.391766],[-54.677326,-33.392023],[-54.677694,-33.391627],[-54.680496,-33.393662],[-54.68153,-33.392547]]]]}},{"type":"Feature","properties":{"nombre":"Jaureguiberry","departamento":"Canelones"},"geometry":{"type":"MultiPolygon","coordinates":[[[[-55.423143,-34.790875],[-55.424709,-34.791063],[-55.426279,-34.791448],[-55.429397,-34.791645],[-55.429941,-34.791767],[-55.431249,-34.791456],[-55.432627,-34.791365],[-55.432606,-34.787435],[-55.432717,-34.785433],[-55.431043,-34.78553],[-55.43123,-34.779566],[-55.422015,-34.780221],[-55.422056,-34.780041],[-55.421781,-34.778419],[-55.421163,-34.777853],[-55.418753,-34.775201],[-55.417133,-34.77523],[-55.416552,-34.775493],[-55.415677,-34.774833],[-55.414577,-34.774512],[-55.414175,-34.774582],[-55.413618,-34.774478],[-55.413334,-34.774697],[-55.413148,-34.774991],[-55.413143,-34.775196],[-55.411918,-34.775041],[-55.411282,-34.774593],[-55.410036,-34.77468],[-55.409343,-34.774552],[-55.408878,-34.77479],[-55.40833,-34.77536],[-55.402287,-34.771985],[-55.400276,-34.774332],[-55.398895,-34.775637],[-55.396995,-34.777755],[-55.395103,-34.780725],[-55.394182,-34.781805],[-55.393638,-34.782677],[-55.393466,-34.783137],[-55.393389,-34.784127],[-55.393196,-34.784912],[-55.393237,-34.785843],[-55.393494,-34.786821],[-55.394351,-34.78805],[-55.394669,-34.789075],[-55.39511,-34.789241],[-55.396174,-34.789241],[-55.396959,-34.78937],[-55.397239,-34.78994],[-55.397304,-34.790477],[-55.397915,-34.790961],[-55.398992,-34.791303],[-55.399844,-34.79132],[-55.402107,-34.790969],[-55.404054,-34.790794],[-55.404972,-34.790422],[-55.407043,-34.79047],[-55.408309,-34.790588],[-55.409025,-34.790467],[-55.410633,-34.790458],[-55.411761,-34.790183],[-55.412768,-34.79007],[-55.416649,-34.790316],[-55.418072,-34.790313],[-55.420263,-34.790829],[-55.421281,-34.790592],[-55.423143,-34.790875]]]]}},{"type":"Feature","properties":{"nombre":"Cuchilla Alta","departamento":"Canelones"},"geometry":{"type":"MultiPolygon","coordinates":[[[[-55.504471,-34.792085],[-55.503394,-34.785681],[-55.503484,-34.785314],[-55.498244,-34.784392],[-55.498424,-34.78332],[-55.490812,-34.781928],[-55.492317,-34.792485],[-55.492467,-34.793069],[-55.492053,-34.792925],[-55.491864,-34.793021],[-55.489015,-34.79642],[-55.491569,-34.797805],[-55.49247,-34.798008],[-55.493477,-34.79805],[-55.49351,-34.798796],[-55.493778,-34.798878],[-55.493836,-34.798874],[-55.493802,-34.798816],[-55.493934,-34.798868],[-55.494346,-34.798782],[-55.494536,-34.798568],[-55.494822,-34.798521],[-55.496237,-34.79851],[-55.496674,-34.798617],[-55.49753,-34.798538],[-55.49795,-34.798078],[-55.497736,-34.797877],[-55.497588,-34.797547],[-55.497627,-34.796936],[-55.497817,-34.79662],[-55.498203,-34.796277],[-55.498516,-34.79586],[-55.500008,-34.795323],[-55.501255,-34.795013],[-55.503342,-34.794588],[-55.504184,-34.794565],[-55.505127,-34.794381],[-55.505499,-34.794387],[-55.505451,-34.793484],[-55.505105,-34.793761],[-55.504712,-34.793769],[-55.504609,-34.792653],[-55.504471,-34.792085]]]]}},{"type":"Feature","properties":{"nombre":"San Luis","departamento":"Canelones"},"geometry":{"type":"MultiPolygon","coordinates":[[[[-55.597223,-34.772789],[-55.598233,-34.772504],[-55.599913,-34.772352],[-55.603155,-34.771909],[-55.604113,-34.771865],[-55.6041,-34.77151],[-55.604042,-34.771423],[-55.603539,-34.771296],[-55.602241,-34.771242],[-55.60182,-34.771157],[-55.601435,-34.770904],[-55.600854,-34.770195],[-55.600705,-34.769953],[-55.600343,-34.768775],[-55.600496,-34.767525],[-55.600452,-34.767305],[-55.600299,-34.767116],[-55.599188,-34.766383],[-55.598896,-34.765755],[-55.598819,-34.764999],[-55.599144,-34.763716],[-55.59896,-34.763313],[-55.598946,-34.763013],[-55.599208,-34.76276],[-55.599232,-34.762455],[-55.598598,-34.762158],[-55.598229,-34.76158],[-55.598016,-34.761453],[-55.597816,-34.761444],[-55.597768,-34.761267],[-55.597338,-34.761],[-55.597104,-34.761041],[-55.596212,-34.760804],[-55.595466,-34.76025],[-55.595094,-34.759868],[-55.594969,-34.758697],[-55.59448,-34.758611],[-55.594142,-34.758331],[-55.594205,-34.757896],[-55.594066,-34.757702],[-55.589112,-34.76103],[-55.587877,-34.761092],[-55.579107,-34.76212],[-55.57985,-34.764887],[-55.571582,-34.766373],[-55.571065,-34.765524],[-55.569989,-34.765897],[-55.570244,-34.768394],[-55.569117,-34.768491],[-55.569689,-34.7726],[-55.569733,-34.773603],[-55.570037,-34.774056],[-55.570712,-34.773604],[-55.570844,-34.773744],[-55.568725,-34.775027],[-55.568808,-34.775144],[-55.569718,-34.782745],[-55.569716,-34.78297],[-55.569554,-34.783081],[-55.569641,-34.783869],[-55.571341,-34.783709],[-55.572444,-34.783698],[-55.572959,-34.783584],[-55.573733,-34.783542],[-55.575727,-34.783087],[-55.577875,-34.78287],[-55.579435,-34.782306],[-55.580453,-34.781564],[-55.58034,-34.780771],[-55.580425,-34.780524],[-55.581043,-34.779586],[-55.58137,-34.779361],[-55.582759,-34.778633],[-55.586162,-34.777098],[-55.586824,-34.776943],[-55.590122,-34.775503],[-55.593998,-34.774002],[-55.595662,-34.773448],[-55.597223,-34.772789]]]]}},{"type":"Feature","properties":{"nombre":"San Jacinto","departamento":"Canelones"},"geometry":{"type":"MultiPolygon","coordinates":[[[[-55.87761,-34.550186],[-55.879517,-34.551687],[-55.880186,-34.551079],[-55.881241,-34.551134],[-55.884666,-34.550072],[-55.884233,-34.548588],[-55.883178,-34.54881],[-55.882863,-34.547594],[-55.883834,-34.546407],[-55.883699,-34.545403],[-55.88551,-34.545089],[-55.88522,-34.544006],[-55.885784,-34.543853],[-55.885281,-34.54253],[-55.881768,-34.543929],[-55.881453,-34.542553],[-55.88242,-34.542366],[-55.882242,-34.541686],[-55.879939,-34.542052],[-55.879426,-34.540083],[-55.878428,-34.540572],[-55.877052,-34.540945],[-55.876945,-34.540548],[-55.876752,-34.540584],[-55.876564,-34.539927],[-55.876471,-34.539942],[-55.876019,-34.538348],[-55.873051,-34.538923],[-55.872876,-34.538342],[-55.872667,-34.538472],[-55.872623,-34.538388],[-55.872421,-34.53761],[-55.86861,-34.538322],[-55.868811,-34.539101],[-55.866936,-34.539427],[-55.866665,-34.538195],[-55.865319,-34.538418],[-55.865126,-34.537709],[-55.863386,-34.538067],[-55.863176,-34.537669],[-55.862898,-34.537749],[-55.861999,-34.537097],[-55.861662,-34.537138],[-55.861331,-34.535189],[-55.861535,-34.535132],[-55.861352,-34.534382],[-55.859935,-34.53467],[-55.85997,-34.534824],[-55.856347,-34.534805],[-55.862046,-34.538948],[-55.860964,-34.539172],[-55.861294,-34.540459],[-55.85773,-34.54112],[-55.858493,-34.543939],[-55.858592,-34.543993],[-55.859423,-34.543878],[-55.859154,-34.544689],[-55.859433,-34.545041],[-55.858884,-34.545377],[-55.858866,-34.545492],[-55.859373,-34.547353],[-55.859597,-34.547408],[-55.86085,-34.547159],[-55.860872,-34.547312],[-55.860787,-34.547472],[-55.861989,-34.551775],[-55.86709,-34.550691],[-55.867528,-34.551152],[-55.867647,-34.551477],[-55.867657,-34.551782],[-55.867816,-34.551937],[-55.868728,-34.55082],[-55.869841,-34.55251],[-55.873869,-34.550747],[-55.87434,-34.551272],[-55.876521,-34.550151],[-55.876951,-34.550544],[-55.87761,-34.550186]]]]}},{"type":"Feature","properties":{"nombre":"Puimayen","departamento":"Rocha"},"geometry":{"type":"MultiPolygon","coordinates":[[[[-53.418628,-33.785876],[-53.41897,-33.786218],[-53.42004,-33.786987],[-53.420734,-33.787865],[-53.423664,-33.790589],[-53.427257,-33.78788],[-53.4337,-33.778417],[-53.430471,-33.775096],[-53.424984,-33.778559],[-53.424863,-33.778557],[-53.424629,-33.778363],[-53.42498,-33.778098],[-53.408398,-33.762741],[-53.410338,-33.761946],[-53.409852,-33.761528],[-53.409787,-33.761573],[-53.407763,-33.759881],[-53.407754,-33.759735],[-53.405633,-33.757858],[-53.404682,-33.758292],[-53.404542,-33.757899],[-53.401894,-33.758819],[-53.40076,-33.756802],[-53.394786,-33.758016],[-53.39455,-33.757999],[-53.390504,-33.758922],[-53.390052,-33.758907],[-53.3892,-33.759152],[-53.390285,-33.760082],[-53.390707,-33.760318],[-53.391057,-33.760734],[-53.392909,-33.762296],[-53.394897,-33.76417],[-53.396118,-33.765089],[-53.396923,-33.765989],[-53.400151,-33.76899],[-53.401747,-33.77028],[-53.403748,-33.772112],[-53.404166,-33.772228],[-53.404727,-33.772925],[-53.406013,-33.774202],[-53.407131,-33.775072],[-53.407616,-33.775746],[-53.409249,-33.777285],[-53.410135,-33.777891],[-53.41165,-33.779455],[-53.412982,-33.780466],[-53.413667,-33.781303],[-53.414891,-33.782272],[-53.415927,-33.78337],[-53.416505,-33.783812],[-53.416911,-33.784265],[-53.417796,-33.784932],[-53.418628,-33.785876]]]]}},{"type":"Feature","properties":{"nombre":"Sauce","departamento":"Canelones"},"geometry":{"type":"MultiPolygon","coordinates":[[[[-56.075216,-34.65461],[-56.076011,-34.654468],[-56.076267,-34.654345],[-56.076357,-34.654198],[-56.076317,-34.654059],[-56.075763,-34.65369],[-56.075825,-34.653526],[-56.073425,-34.65284],[-56.073195,-34.651349],[-56.07281,-34.65138],[-56.072837,-34.651605],[-56.072472,-34.651628],[-56.071461,-34.651333],[-56.070644,-34.645372],[-56.072418,-34.645062],[-56.072202,-34.642845],[-56.072015,-34.64157],[-56.071888,-34.641319],[-56.070996,-34.641329],[-56.070818,-34.641473],[-56.070123,-34.641347],[-56.070043,-34.640674],[-56.070442,-34.640642],[-56.070325,-34.639758],[-56.06992,-34.639775],[-56.069681,-34.63799],[-56.070092,-34.637959],[-56.07004,-34.63756],[-56.069138,-34.637618],[-56.069199,-34.637991],[-56.068798,-34.637982],[-56.068469,-34.638102],[-56.067462,-34.638213],[-56.067189,-34.636133],[-56.064831,-34.636358],[-56.065134,-34.638449],[-56.064451,-34.638526],[-56.065297,-34.643886],[-56.064936,-34.643922],[-56.065204,-34.645413],[-56.064736,-34.645255],[-56.064367,-34.643233],[-56.063454,-34.643153],[-56.062924,-34.640462],[-56.062835,-34.64036],[-56.062782,-34.640056],[-56.061861,-34.640156],[-56.062343,-34.642823],[-56.061996,-34.642722],[-56.061941,-34.643285],[-56.059745,-34.642977],[-56.059069,-34.641285],[-56.054904,-34.6412],[-56.053038,-34.63879],[-56.052641,-34.637413],[-56.052757,-34.638462],[-56.05271,-34.639164],[-56.052532,-34.639961],[-56.052205,-34.640699],[-56.05243,-34.64078],[-56.052608,-34.641121],[-56.052662,-34.641546],[-56.052554,-34.642251],[-56.053023,-34.643186],[-56.053976,-34.643474],[-56.05414,-34.643602],[-56.054233,-34.643819],[-56.05422,-34.644449],[-56.054011,-34.64498],[-56.053913,-34.645501],[-56.054586,-34.64595],[-56.055017,-34.645956],[-56.055028,-34.646113],[-56.054696,-34.646523],[-56.054697,-34.646681],[-56.055208,-34.647099],[-56.055452,-34.647528],[-56.055595,-34.64782],[-56.05562,-34.648512],[-56.0557,-34.648677],[-56.055804,-34.648765],[-56.056689,-34.648961],[-56.057015,-34.649404],[-56.057005,-34.649664],[-56.056626,-34.650038],[-56.056562,-34.650322],[-56.056854,-34.65081],[-56.056949,-34.651712],[-56.057088,-34.651913],[-56.058128,-34.652804],[-56.058688,-34.653099],[-56.058895,-34.653992],[-56.059063,-34.654182],[-56.059427,-34.654127],[-56.060042,-34.653811],[-56.060098,-34.655111],[-56.059909,-34.655147],[-56.059617,-34.655504],[-56.059213,-34.655429],[-56.05912,-34.655475],[-56.05807,-34.657829],[-56.057973,-34.658285],[-56.058016,-34.658379],[-56.058428,-34.65858],[-56.058007,-34.659602],[-56.055662,-34.658272],[-56.056136,-34.65968],[-56.057545,-34.663195],[-56.05767,-34.663961],[-56.057638,-34.664231],[-56.057477,-34.664479],[-56.057535,-34.664702],[-56.057749,-34.664747],[-56.057937,-34.664614],[-56.061145,-34.666182],[-56.06145,-34.667463],[-56.062816,-34.667073],[-56.060657,-34.662289],[-56.06048,-34.661655],[-56.060377,-34.660863],[-56.064052,-34.662803],[-56.066346,-34.6591],[-56.067485,-34.657072],[-56.066818,-34.656768],[-56.067916,-34.654798],[-56.068131,-34.654956],[-56.068574,-34.655099],[-56.069425,-34.654676],[-56.070298,-34.654748],[-56.071029,-34.654591],[-56.071209,-34.654639],[-56.072042,-34.655321],[-56.07281,-34.655425],[-56.073245,-34.655292],[-56.07337,-34.655177],[-56.073709,-34.655112],[-56.074439,-34.654743],[-56.075216,-34.65461]]],[[[-56.070182,-34.623153],[-56.070401,-34.623064],[-56.069737,-34.618573],[-56.06214,-34.619339],[-56.06285,-34.623867],[-56.070182,-34.623153]]]]}},{"type":"Feature","properties":{"nombre":"Sarandi Grande","departamento":"Florida"},"geometry":{"type":"MultiPolygon","coordinates":[[[[-56.339644,-33.731829],[-56.339942,-33.732023],[-56.340211,-33.73177],[-56.340586,-33.731572],[-56.340881,-33.731526],[-56.341358,-33.731201],[-56.341017,-33.73091],[-56.341011,-33.73076],[-56.340805,-33.73071],[-56.340488,-33.730065],[-56.340304,-33.730113],[-56.340138,-33.729994],[-56.340264,-33.729907],[-56.340146,-33.729613],[-56.339851,-33.729502],[-56.339608,-33.729297],[-56.339386,-33.728827],[-56.339164,-33.728621],[-56.339177,-33.728465],[-56.33937,-33.728365],[-56.339361,-33.728304],[-56.339068,-33.72794],[-56.339037,-33.727777],[-56.338471,-33.727458],[-56.338627,-33.727278],[-56.338431,-33.727031],[-56.339682,-33.725718],[-56.340774,-33.725311],[-56.338333,-33.720572],[-56.337231,-33.718844],[-56.337607,-33.718298],[-56.33792,-33.717602],[-56.338014,-33.716616],[-56.337319,-33.713613],[-56.336695,-33.709554],[-56.33661,-33.70837],[-56.336844,-33.706956],[-56.338313,-33.702993],[-56.336562,-33.702867],[-56.336767,-33.700805],[-56.336754,-33.700181],[-56.336656,-33.699788],[-56.336224,-33.700873],[-56.334891,-33.700776],[-56.33321,-33.701048],[-56.333486,-33.702263],[-56.334989,-33.705928],[-56.336076,-33.707565],[-56.336277,-33.709856],[-56.336644,-33.712624],[-56.336862,-33.713713],[-56.335858,-33.714711],[-56.335882,-33.714765],[-56.334234,-33.716291],[-56.33451,-33.716492],[-56.331866,-33.719005],[-56.327171,-33.717632],[-56.32633,-33.718296],[-56.325961,-33.718535],[-56.325903,-33.718476],[-56.324563,-33.719419],[-56.320786,-33.722267],[-56.320587,-33.722339],[-56.318937,-33.723532],[-56.315926,-33.721287],[-56.320092,-33.726023],[-56.319837,-33.727448],[-56.319626,-33.727438],[-56.31934,-33.728901],[-56.318703,-33.728874],[-56.318115,-33.730771],[-56.318246,-33.730813],[-56.317964,-33.731537],[-56.31783,-33.732443],[-56.321332,-33.732383],[-56.32158,-33.739301],[-56.321509,-33.746171],[-56.32142,-33.747196],[-56.322172,-33.748671],[-56.32251,-33.74856],[-56.322157,-33.747433],[-56.322129,-33.746697],[-56.323362,-33.742432],[-56.323743,-33.739657],[-56.3238,-33.738634],[-56.323739,-33.737807],[-56.323551,-33.736819],[-56.322714,-33.734206],[-56.327709,-33.732308],[-56.326782,-33.730638],[-56.328127,-33.730858],[-56.328295,-33.730796],[-56.328262,-33.730755],[-56.332415,-33.729269],[-56.334213,-33.732672],[-56.335231,-33.732656],[-56.335804,-33.732882],[-56.336414,-33.732845],[-56.336129,-33.732323],[-56.33783,-33.730563],[-56.339644,-33.731829]]]]}},{"type":"Feature","properties":{"nombre":"Migues","departamento":"Canelones"},"geometry":{"type":"MultiPolygon","coordinates":[[[[-55.633347,-34.491256],[-55.633533,-34.49118],[-55.633696,-34.490403],[-55.63564,-34.490681],[-55.63579,-34.490638],[-55.636202,-34.489343],[-55.636741,-34.489313],[-55.636637,-34.488527],[-55.6364,-34.488535],[-55.636264,-34.487726],[-55.635535,-34.48778],[-55.635357,-34.486784],[-55.634534,-34.486831],[-55.634596,-34.48615],[-55.634162,-34.486155],[-55.634066,-34.484855],[-55.634549,-34.484812],[-55.634431,-34.484031],[-55.636292,-34.482332],[-55.635897,-34.481632],[-55.635679,-34.481828],[-55.635556,-34.481754],[-55.635064,-34.482212],[-55.634628,-34.481916],[-55.634317,-34.482209],[-55.633951,-34.481901],[-55.633931,-34.481791],[-55.635772,-34.479975],[-55.634969,-34.47951],[-55.634941,-34.479393],[-55.630899,-34.477254],[-55.62775,-34.478593],[-55.629863,-34.480016],[-55.63163,-34.481344],[-55.630961,-34.481938],[-55.630437,-34.481622],[-55.630247,-34.481873],[-55.629808,-34.481702],[-55.629483,-34.4821],[-55.629126,-34.482087],[-55.628156,-34.481835],[-55.627671,-34.482489],[-55.627836,-34.482533],[-55.627612,-34.483539],[-55.625615,-34.483248],[-55.625548,-34.483833],[-55.627955,-34.484111],[-55.627957,-34.484691],[-55.626738,-34.485818],[-55.625563,-34.485804],[-55.625478,-34.485267],[-55.624738,-34.484968],[-55.621967,-34.484925],[-55.621965,-34.485463],[-55.622352,-34.485767],[-55.619868,-34.485738],[-55.619512,-34.485232],[-55.619628,-34.485576],[-55.619556,-34.485766],[-55.619461,-34.485809],[-55.617874,-34.485811],[-55.617886,-34.486468],[-55.619215,-34.486482],[-55.619553,-34.486694],[-55.623157,-34.491175],[-55.623329,-34.491754],[-55.623387,-34.492839],[-55.624079,-34.492527],[-55.624064,-34.493601],[-55.625809,-34.493243],[-55.625934,-34.492758],[-55.624081,-34.492492],[-55.624092,-34.491599],[-55.62424,-34.491311],[-55.625497,-34.490123],[-55.633347,-34.491256]]]]}},{"type":"Feature","properties":{"nombre":"Manantiales","departamento":"Maldonado"},"geometry":{"type":"MultiPolygon","coordinates":[[[[-54.840021,-34.908633],[-54.837061,-34.906402],[-54.835976,-34.905899],[-54.835065,-34.905665],[-54.836526,-34.902547],[-54.83665,-34.90201],[-54.836945,-34.901879],[-54.837544,-34.901781],[-54.837841,-34.90163],[-54.838298,-34.901679],[-54.838191,-34.901564],[-54.837814,-34.901515],[-54.836639,-34.901728],[-54.83663,-34.901865],[-54.836532,-34.90191],[-54.836389,-34.901415],[-54.835752,-34.901484],[-54.835159,-34.901106],[-54.834904,-34.900828],[-54.834076,-34.899557],[-54.832572,-34.898719],[-54.832458,-34.898413],[-54.831747,-34.897346],[-54.83143,-34.89671],[-54.819214,-34.896302],[-54.818973,-34.896933],[-54.818726,-34.898006],[-54.817452,-34.904027],[-54.817029,-34.905024],[-54.817071,-34.905254],[-54.81755,-34.905661],[-54.81695,-34.906836],[-54.818123,-34.907245],[-54.81954,-34.907104],[-54.820552,-34.90736],[-54.822772,-34.908165],[-54.823865,-34.908872],[-54.824295,-34.909066],[-54.824399,-34.90906],[-54.824576,-34.908849],[-54.825191,-34.908842],[-54.825292,-34.908591],[-54.825774,-34.908168],[-54.826549,-34.908146],[-54.826601,-34.908047],[-54.827023,-34.908041],[-54.827479,-34.907863],[-54.828151,-34.907754],[-54.829148,-34.907836],[-54.833131,-34.908768],[-54.835124,-34.909521],[-54.836721,-34.910017],[-54.838864,-34.910879],[-54.840813,-34.909254],[-54.840021,-34.908633]]]]}},{"type":"Feature","properties":{"nombre":"Migliaro","departamento":"Salto"},"geometry":{"type":"MultiPolygon","coordinates":[[[[-57.026419,-31.099919],[-57.02637,-31.099874],[-57.026811,-31.099631],[-57.027226,-31.09972],[-57.027446,-31.098812],[-57.02734,-31.098785],[-57.027464,-31.098223],[-57.027616,-31.098108],[-57.028045,-31.096168],[-57.026874,-31.095974],[-57.0269,-31.095126],[-57.026299,-31.095103],[-57.025218,-31.092632],[-57.023168,-31.093256],[-57.021382,-31.093627],[-57.021206,-31.092892],[-57.020798,-31.092941],[-57.018791,-31.092629],[-57.019313,-31.094636],[-57.019195,-31.094684],[-57.019532,-31.094795],[-57.019471,-31.095239],[-57.01928,-31.095368],[-57.019281,-31.096051],[-57.019458,-31.096158],[-57.01965,-31.096074],[-57.019895,-31.096191],[-57.019934,-31.096418],[-57.020114,-31.096501],[-57.020011,-31.096603],[-57.020263,-31.096651],[-57.020439,-31.097124],[-57.020795,-31.097334],[-57.020798,-31.097562],[-57.02097,-31.09766],[-57.021063,-31.097899],[-57.021539,-31.097917],[-57.021949,-31.098292],[-57.021908,-31.098469],[-57.021999,-31.098723],[-57.022352,-31.098933],[-57.022337,-31.099173],[-57.022447,-31.099417],[-57.022397,-31.099558],[-57.02247,-31.099635],[-57.022359,-31.099893],[-57.022492,-31.099927],[-57.02261,-31.100111],[-57.022796,-31.100112],[-57.023065,-31.100249],[-57.023107,-31.100532],[-57.023348,-31.100717],[-57.023353,-31.100852],[-57.023497,-31.100947],[-57.023633,-31.100911],[-57.023644,-31.101149],[-57.023801,-31.101296],[-57.024017,-31.101809],[-57.024207,-31.101892],[-57.024607,-31.101823],[-57.024732,-31.101981],[-57.024936,-31.101793],[-57.025095,-31.101757],[-57.025598,-31.102055],[-57.025951,-31.101899],[-57.026419,-31.099919]]]]}},{"type":"Feature","properties":{"nombre":"Santa Ana","departamento":"Canelones"},"geometry":{"type":"MultiPolygon","coordinates":[[[[-55.477185,-34.793972],[-55.478672,-34.78815],[-55.477673,-34.787945],[-55.47803,-34.786463],[-55.463672,-34.78401],[-55.464835,-34.779398],[-55.464801,-34.779224],[-55.463147,-34.779183],[-55.463159,-34.778421],[-55.46005,-34.777874],[-55.458191,-34.777688],[-55.455501,-34.777835],[-55.456738,-34.778361],[-55.459427,-34.779199],[-55.455422,-34.785917],[-55.459736,-34.787721],[-55.460631,-34.788167],[-55.459325,-34.793044],[-55.459247,-34.794183],[-55.460792,-34.794286],[-55.46145,-34.794258],[-55.462552,-34.794493],[-55.463794,-34.794586],[-55.467023,-34.795116],[-55.467789,-34.795108],[-55.471014,-34.795494],[-55.471946,-34.795524],[-55.476862,-34.796235],[-55.476961,-34.795603],[-55.476866,-34.795253],[-55.477185,-34.793972]]]]}},{"type":"Feature","properties":{"nombre":"Lagomar","departamento":"Canelones"},"geometry":{"type":"MultiPolygon","coordinates":[[[[-55.993412,-34.836322],[-55.995976,-34.834333],[-55.996049,-34.834125],[-55.997142,-34.833292],[-55.99703,-34.833194],[-55.997376,-34.832936],[-55.996889,-34.832534],[-55.997106,-34.832335],[-55.997711,-34.832808],[-56.003974,-34.828084],[-56.004118,-34.828149],[-56.004183,-34.828032],[-55.999561,-34.826025],[-55.989609,-34.821484],[-55.98947,-34.821756],[-55.988687,-34.82272],[-55.988144,-34.824052],[-55.987047,-34.82489],[-55.986195,-34.825828],[-55.979776,-34.832277],[-55.979181,-34.832067],[-55.977698,-34.831335],[-55.976736,-34.832297],[-55.978703,-34.833386],[-55.97183,-34.840258],[-55.972295,-34.840507],[-55.969155,-34.843648],[-55.969094,-34.843862],[-55.968898,-34.844094],[-55.968914,-34.844519],[-55.968723,-34.844555],[-55.968128,-34.844369],[-55.968098,-34.844488],[-55.967667,-34.844709],[-55.967355,-34.845016],[-55.975814,-34.850088],[-55.976878,-34.849129],[-55.977459,-34.848463],[-55.978928,-34.84731],[-55.989506,-34.83915],[-55.989931,-34.838948],[-55.993412,-34.836322]]]]}},{"type":"Feature","properties":{"nombre":"La Montañesa","departamento":"Canelones"},"geometry":{"type":"MultiPolygon","coordinates":[[[[-55.882261,-34.721192],[-55.88322,-34.717574],[-55.879307,-34.716927],[-55.877957,-34.721969],[-55.881862,-34.722614],[-55.882261,-34.721192]]],[[[-55.872518,-34.742027],[-55.871103,-34.747192],[-55.871036,-34.747825],[-55.871075,-34.748503],[-55.87177,-34.748575],[-55.872363,-34.746329],[-55.872977,-34.746451],[-55.873206,-34.745573],[-55.872617,-34.745439],[-55.874169,-34.739696],[-55.874877,-34.73984],[-55.875064,-34.739068],[-55.874381,-34.738909],[-55.875324,-34.735413],[-55.87442,-34.735251],[-55.874364,-34.735439],[-55.874163,-34.735671],[-55.873376,-34.735805],[-55.871979,-34.740836],[-55.871337,-34.740708],[-55.871193,-34.741203],[-55.869612,-34.740891],[-55.869463,-34.741419],[-55.872518,-34.742027]]],[[[-55.875963,-34.726477],[-55.876726,-34.726585],[-55.877033,-34.725435],[-55.876016,-34.72527],[-55.875961,-34.725471],[-55.873399,-34.725035],[-55.873158,-34.725993],[-55.875963,-34.726477]]]]}},{"type":"Feature","properties":{"nombre":"Barrio la Coronilla - Ancap","departamento":"Lavalleja"},"geometry":{"type":"MultiPolygon","coordinates":[[[[-55.296662,-34.39779],[-55.297516,-34.397941],[-55.298384,-34.397989],[-55.299279,-34.397914],[-55.300394,-34.397633],[-55.301107,-34.397333],[-55.301686,-34.396986],[-55.304892,-34.394613],[-55.306125,-34.393976],[-55.307268,-34.393542],[-55.308247,-34.393269],[-55.308243,-34.393201],[-55.30792,-34.393115],[-55.306245,-34.393564],[-55.305211,-34.391578],[-55.304344,-34.391612],[-55.304288,-34.391817],[-55.304161,-34.391869],[-55.303496,-34.391307],[-55.30332,-34.391848],[-55.302319,-34.392248],[-55.302602,-34.392886],[-55.3031,-34.393593],[-55.299514,-34.395901],[-55.2969,-34.39509],[-55.296263,-34.395025],[-55.296487,-34.394001],[-55.294761,-34.393848],[-55.294579,-34.394741],[-55.292429,-34.394404],[-55.29184,-34.395596],[-55.295544,-34.397388],[-55.296662,-34.39779]]]]}},{"type":"Feature","properties":{"nombre":"Fortin de Santa Rosa","departamento":"Canelones"},"geometry":{"type":"MultiPolygon","coordinates":[[[[-55.805026,-34.775649],[-55.811446,-34.777624],[-55.818082,-34.779874],[-55.818817,-34.778223],[-55.818982,-34.777665],[-55.819874,-34.775775],[-55.813913,-34.773744],[-55.813568,-34.773946],[-55.812211,-34.772159],[-55.812225,-34.772089],[-55.812617,-34.772053],[-55.811674,-34.770852],[-55.811829,-34.770632],[-55.811959,-34.770147],[-55.812381,-34.770206],[-55.812448,-34.770097],[-55.812383,-34.770085],[-55.812424,-34.769914],[-55.78955,-34.765835],[-55.787959,-34.765884],[-55.781255,-34.766783],[-55.781419,-34.767248],[-55.781367,-34.767765],[-55.781434,-34.767957],[-55.781624,-34.768086],[-55.781655,-34.768637],[-55.781823,-34.768876],[-55.781821,-34.769126],[-55.781631,-34.769379],[-55.781586,-34.769813],[-55.781708,-34.76997],[-55.7816,-34.77041],[-55.781781,-34.771023],[-55.78405,-34.771021],[-55.786164,-34.77119],[-55.789199,-34.771616],[-55.791734,-34.772068],[-55.795436,-34.772959],[-55.805026,-34.775649]]]]}},{"type":"Feature","properties":{"nombre":"Estacion Tapia","departamento":"Canelones"},"geometry":{"type":"MultiPolygon","coordinates":[[[[-55.753677,-34.569356],[-55.754148,-34.56923],[-55.753841,-34.568603],[-55.753447,-34.568798],[-55.752776,-34.568506],[-55.754348,-34.567662],[-55.753492,-34.566537],[-55.751716,-34.566646],[-55.751524,-34.565912],[-55.752079,-34.56587],[-55.750919,-34.560655],[-55.749982,-34.560694],[-55.75004,-34.562976],[-55.750433,-34.564764],[-55.74946,-34.564908],[-55.749727,-34.5662],[-55.748115,-34.566623],[-55.748643,-34.567281],[-55.748185,-34.567236],[-55.748994,-34.568147],[-55.748753,-34.568339],[-55.748997,-34.568539],[-55.749435,-34.568145],[-55.750862,-34.569246],[-55.750215,-34.570399],[-55.753478,-34.571875],[-55.754146,-34.570768],[-55.754583,-34.57095],[-55.754598,-34.570786],[-55.753512,-34.569425],[-55.753677,-34.569356]]]]}},{"type":"Feature","properties":{"nombre":"Parque del Plata","departamento":"Canelones"},"geometry":{"type":"MultiPolygon","coordinates":[[[[-55.730409,-34.768887],[-55.736184,-34.759194],[-55.733692,-34.758305],[-55.733856,-34.757861],[-55.734801,-34.756695],[-55.729729,-34.753676],[-55.728422,-34.750493],[-55.728418,-34.750238],[-55.727579,-34.748075],[-55.727361,-34.747723],[-55.727227,-34.745263],[-55.727554,-34.744524],[-55.72628,-34.744077],[-55.726544,-34.743461],[-55.724584,-34.742796],[-55.723828,-34.742398],[-55.723194,-34.74229],[-55.723121,-34.742048],[-55.722663,-34.741424],[-55.722484,-34.741025],[-55.722729,-34.740075],[-55.721075,-34.740214],[-55.719067,-34.74004],[-55.71555,-34.739334],[-55.715655,-34.738987],[-55.713215,-34.738497],[-55.71313,-34.738795],[-55.710135,-34.738161],[-55.709989,-34.737866],[-55.709176,-34.737682],[-55.709141,-34.737875],[-55.708831,-34.738379],[-55.708143,-34.738954],[-55.706891,-34.7394],[-55.705666,-34.739388],[-55.705155,-34.739531],[-55.704293,-34.739994],[-55.70322,-34.740709],[-55.70284,-34.741061],[-55.702431,-34.741517],[-55.701953,-34.742254],[-55.701727,-34.742992],[-55.701709,-34.743424],[-55.701784,-34.74389],[-55.70213,-34.744801],[-55.702475,-34.746328],[-55.703091,-34.747286],[-55.703675,-34.748426],[-55.703749,-34.748939],[-55.703639,-34.75023],[-55.703235,-34.751552],[-55.702314,-34.753979],[-55.701438,-34.755226],[-55.700216,-34.75671],[-55.698753,-34.757972],[-55.698018,-34.758823],[-55.698019,-34.759468],[-55.698128,-34.760136],[-55.698556,-34.761345],[-55.69877,-34.761608],[-55.699615,-34.762193],[-55.700797,-34.7628],[-55.705423,-34.764333],[-55.705748,-34.764632],[-55.706402,-34.76592],[-55.708111,-34.766649],[-55.7107,-34.767478],[-55.711301,-34.767856],[-55.7129,-34.768042],[-55.716712,-34.768676],[-55.719267,-34.769183],[-55.722486,-34.770232],[-55.72827,-34.772301],[-55.730409,-34.768887]]]]}},{"type":"Feature","properties":{"nombre":"Villa Sara","departamento":"Treinta y Tres"},"geometry":{"type":"MultiPolygon","coordinates":[[[[-54.427485,-33.264664],[-54.425676,-33.263028],[-54.425804,-33.262916],[-54.41782,-33.255734],[-54.420258,-33.253724],[-54.421671,-33.252445],[-54.418984,-33.250067],[-54.417482,-33.251376],[-54.416974,-33.250882],[-54.416887,-33.250934],[-54.41603,-33.250279],[-54.415152,-33.251088],[-54.414692,-33.250731],[-54.414758,-33.250668],[-54.409069,-33.24589],[-54.409149,-33.245751],[-54.40913,-33.245216],[-54.408871,-33.244728],[-54.408803,-33.244298],[-54.40891,-33.244111],[-54.409197,-33.243984],[-54.40926,-33.24384],[-54.408794,-33.243191],[-54.408796,-33.242878],[-54.408994,-33.242639],[-54.408959,-33.242421],[-54.408801,-33.242188],[-54.408348,-33.241966],[-54.408254,-33.24181],[-54.408336,-33.241597],[-54.408334,-33.240886],[-54.408568,-33.239959],[-54.408858,-33.23971],[-54.409625,-33.239337],[-54.409703,-33.239028],[-54.40964,-33.238775],[-54.409367,-33.238545],[-54.408817,-33.238274],[-54.408188,-33.238343],[-54.407864,-33.238502],[-54.407737,-33.23923],[-54.407608,-33.239358],[-54.407309,-33.239451],[-54.406828,-33.239006],[-54.406705,-33.23846],[-54.406565,-33.238279],[-54.406252,-33.238139],[-54.405589,-33.238341],[-54.404822,-33.238886],[-54.404,-33.239336],[-54.403798,-33.239694],[-54.403295,-33.241238],[-54.403044,-33.241772],[-54.401849,-33.243231],[-54.401633,-33.244219],[-54.401479,-33.24447],[-54.399954,-33.245439],[-54.405022,-33.249722],[-54.413182,-33.255351],[-54.41292,-33.255584],[-54.412585,-33.256242],[-54.412494,-33.256446],[-54.412546,-33.256615],[-54.416717,-33.259612],[-54.417052,-33.259899],[-54.416948,-33.260022],[-54.420818,-33.262584],[-54.422116,-33.261494],[-54.427259,-33.26505],[-54.427485,-33.264664]]]]}},{"type":"Feature","properties":{"nombre":"Sarandi de Navarro","departamento":"Río Negro"},"geometry":{"type":"MultiPolygon","coordinates":[[[[-56.869493,-32.548362],[-56.869878,-32.548274],[-56.87017,-32.548067],[-56.870485,-32.547456],[-56.870423,-32.547275],[-56.870796,-32.54701],[-56.87073,-32.546856],[-56.870792,-32.546818],[-56.871095,-32.546703],[-56.871499,-32.54671],[-56.871687,-32.546841],[-56.872359,-32.546723],[-56.872723,-32.546795],[-56.871835,-32.541309],[-56.863067,-32.542367],[-56.863118,-32.542298],[-56.86258,-32.539885],[-56.859326,-32.542016],[-56.859562,-32.542323],[-56.85925,-32.542544],[-56.859717,-32.543093],[-56.860011,-32.544281],[-56.858898,-32.544978],[-56.859881,-32.546197],[-56.861206,-32.545487],[-56.863557,-32.54441],[-56.865049,-32.551519],[-56.865513,-32.551102],[-56.86579,-32.551079],[-56.865947,-32.550948],[-56.865959,-32.550825],[-56.865828,-32.550649],[-56.865884,-32.550444],[-56.866171,-32.550312],[-56.866315,-32.550091],[-56.866666,-32.549909],[-56.86687,-32.549903],[-56.867056,-32.550212],[-56.867629,-32.549755],[-56.867648,-32.549528],[-56.867558,-32.549353],[-56.86779,-32.549191],[-56.867981,-32.549213],[-56.868002,-32.549337],[-56.868453,-32.549445],[-56.868878,-32.549271],[-56.8691,-32.549062],[-56.869004,-32.548836],[-56.869106,-32.548651],[-56.869493,-32.548362]]]]}},{"type":"Feature","properties":{"nombre":"Bello Horizonte","departamento":"Canelones"},"geometry":{"type":"MultiPolygon","coordinates":[[[[-55.650463,-34.77557],[-55.650523,-34.774677],[-55.650168,-34.773769],[-55.651236,-34.767872],[-55.652178,-34.767086],[-55.653084,-34.767071],[-55.65295,-34.766536],[-55.652999,-34.766061],[-55.655842,-34.75089],[-55.635237,-34.752164],[-55.6382,-34.773581],[-55.637989,-34.774363],[-55.638058,-34.774655],[-55.637914,-34.775155],[-55.637729,-34.775267],[-55.637566,-34.775501],[-55.637591,-34.775881],[-55.639158,-34.776261],[-55.641736,-34.777025],[-55.643142,-34.777298],[-55.646041,-34.778304],[-55.647882,-34.778849],[-55.649247,-34.779542],[-55.64973,-34.7797],[-55.650112,-34.779704],[-55.650634,-34.779614],[-55.650809,-34.779492],[-55.651704,-34.778548],[-55.651835,-34.778301],[-55.652479,-34.77775],[-55.651531,-34.77717],[-55.650894,-34.776677],[-55.65074,-34.776386],[-55.650673,-34.775796],[-55.65026,-34.775971],[-55.650463,-34.77557]]]]}},{"type":"Feature","properties":{"nombre":"Villa Arejo","departamento":"Canelones"},"geometry":{"type":"MultiPolygon","coordinates":[[[[-56.171874,-34.599527],[-56.172012,-34.599485],[-56.173049,-34.596527],[-56.171101,-34.595926],[-56.172375,-34.593147],[-56.164831,-34.590775],[-56.164884,-34.589122],[-56.163336,-34.588631],[-56.169222,-34.600939],[-56.171028,-34.601491],[-56.171874,-34.599527]]]]}},{"type":"Feature","properties":{"nombre":"La Capuera","departamento":"Maldonado"},"geometry":{"type":"MultiPolygon","coordinates":[[[[-55.143983,-34.865494],[-55.143852,-34.865244],[-55.140305,-34.860883],[-55.129816,-34.848544],[-55.130638,-34.848083],[-55.130261,-34.847678],[-55.130159,-34.847433],[-55.129428,-34.846748],[-55.128901,-34.845978],[-55.128789,-34.845683],[-55.128754,-34.845126],[-55.128728,-34.843153],[-55.128438,-34.842894],[-55.127534,-34.842509],[-55.126409,-34.842492],[-55.12587,-34.84222],[-55.12544,-34.841862],[-55.125251,-34.841839],[-55.125151,-34.842062],[-55.125091,-34.842618],[-55.123975,-34.845345],[-55.123583,-34.845945],[-55.123378,-34.846088],[-55.123285,-34.845989],[-55.122993,-34.845949],[-55.122491,-34.846219],[-55.12156,-34.846461],[-55.121151,-34.84672],[-55.120078,-34.84694],[-55.119207,-34.847271],[-55.119059,-34.847613],[-55.119211,-34.848282],[-55.119125,-34.849636],[-55.118813,-34.849884],[-55.118252,-34.849436],[-55.118112,-34.849083],[-55.117146,-34.848434],[-55.116869,-34.848369],[-55.11594,-34.848564],[-55.115571,-34.848526],[-55.114835,-34.848621],[-55.114683,-34.848808],[-55.114378,-34.84885],[-55.11398,-34.849166],[-55.113885,-34.84967],[-55.113577,-34.849757],[-55.11336,-34.849501],[-55.112946,-34.84931],[-55.11264,-34.849283],[-55.112449,-34.849119],[-55.11217,-34.849138],[-55.111866,-34.848995],[-55.111596,-34.848623],[-55.111574,-34.848393],[-55.111165,-34.847996],[-55.111012,-34.847613],[-55.110104,-34.846615],[-55.110038,-34.846095],[-55.109822,-34.84577],[-55.109686,-34.845083],[-55.109708,-34.844395],[-55.10989,-34.843869],[-55.111011,-34.843252],[-55.111203,-34.843041],[-55.111155,-34.842732],[-55.111281,-34.842057],[-55.111131,-34.841881],[-55.110345,-34.841893],[-55.109692,-34.841445],[-55.108923,-34.841387],[-55.108002,-34.84109],[-55.107238,-34.841133],[-55.106954,-34.840946],[-55.106854,-34.840753],[-55.106583,-34.840539],[-55.106251,-34.840507],[-55.106074,-34.840513],[-55.105802,-34.840799],[-55.105378,-34.841469],[-55.104979,-34.84249],[-55.104564,-34.843112],[-55.10415,-34.843334],[-55.103398,-34.84339],[-55.103096,-34.843532],[-55.102195,-34.844743],[-55.101105,-34.84424],[-55.101002,-34.844373],[-55.101919,-34.844876],[-55.101825,-34.845096],[-55.101337,-34.845407],[-55.100587,-34.84565],[-55.10012,-34.845997],[-55.098996,-34.84653],[-55.098646,-34.846639],[-55.09844,-34.846521],[-55.098118,-34.846631],[-55.098156,-34.846803],[-55.097574,-34.846737],[-55.096709,-34.846242],[-55.096322,-34.846167],[-55.09568,-34.84626],[-55.094502,-34.846735],[-55.094154,-34.846775],[-55.09406,-34.846613],[-55.093618,-34.846514],[-55.091953,-34.846958],[-55.091278,-34.846947],[-55.0907,-34.847053],[-55.088572,-34.847638],[-55.088038,-34.847905],[-55.087191,-34.848029],[-55.084893,-34.847695],[-55.083127,-34.847553],[-55.082343,-34.847231],[-55.081983,-34.847179],[-55.081173,-34.847509],[-55.08078,-34.847527],[-55.080258,-34.84784],[-55.079515,-34.848101],[-55.078868,-34.848448],[-55.078044,-34.848607],[-55.077699,-34.848532],[-55.077334,-34.848653],[-55.077081,-34.848809],[-55.076436,-34.849451],[-55.075705,-34.849968],[-55.073977,-34.850765],[-55.073591,-34.851229],[-55.073482,-34.851731],[-55.073338,-34.851947],[-55.07327,-34.852484],[-55.073613,-34.852684],[-55.073767,-34.853225],[-55.073604,-34.85367],[-55.073041,-34.854577],[-55.072769,-34.854882],[-55.072622,-34.855224],[-55.072784,-34.85604],[-55.072789,-34.856441],[-55.072682,-34.856852],[-55.072007,-34.857758],[-55.071106,-34.858482],[-55.070489,-34.859525],[-55.069974,-34.860203],[-55.06933,-34.860863],[-55.069001,-34.861895],[-55.068738,-34.86244],[-55.069011,-34.862612],[-55.068799,-34.86299],[-55.068961,-34.86316],[-55.069382,-34.86335],[-55.070746,-34.86357],[-55.071733,-34.864104],[-55.072337,-34.8643],[-55.073452,-34.864392],[-55.073765,-34.864243],[-55.073826,-34.864031],[-55.073612,-34.863676],[-55.073858,-34.86352],[-55.074166,-34.8637],[-55.074675,-34.86409],[-55.075138,-34.864713],[-55.075768,-34.864854],[-55.076314,-34.865214],[-55.076457,-34.86543],[-55.076454,-34.865597],[-55.075942,-34.866422],[-55.075962,-34.866625],[-55.07613,-34.866782],[-55.076348,-34.866784],[-55.076558,-34.866682],[-55.076736,-34.866727],[-55.077067,-34.86704],[-55.077469,-34.867848],[-55.077576,-34.868163],[-55.07763,-34.868804],[-55.077772,-34.869093],[-55.077966,-34.869225],[-55.078312,-34.869232],[-55.078775,-34.869043],[-55.079213,-34.869004],[-55.079486,-34.86911],[-55.079735,-34.869433],[-55.080258,-34.869793],[-55.081571,-34.868393],[-55.082834,-34.867653],[-55.084041,-34.867266],[-55.094862,-34.866345],[-55.108759,-34.863319],[-55.110076,-34.863184],[-55.11632,-34.862879],[-55.117639,-34.862897],[-55.131704,-34.864255],[-55.144349,-34.865827],[-55.143983,-34.865494]]]]}},{"type":"Feature","properties":{"nombre":"Barrio Pereira","departamento":"Rocha"},"geometry":{"type":"MultiPolygon","coordinates":[[[[-53.524089,-33.89023],[-53.52414,-33.890541],[-53.524396,-33.89076],[-53.52412,-33.881109],[-53.521477,-33.881452],[-53.521536,-33.88165],[-53.516229,-33.882541],[-53.51626,-33.882829],[-53.516176,-33.883085],[-53.516546,-33.88367],[-53.516772,-33.884292],[-53.5172,-33.884832],[-53.517292,-33.885417],[-53.517175,-33.886072],[-53.517239,-33.886321],[-53.517723,-33.886583],[-53.518427,-33.886467],[-53.518996,-33.88681],[-53.519515,-33.886961],[-53.519488,-33.887399],[-53.519714,-33.887724],[-53.519698,-33.887952],[-53.519585,-33.888156],[-53.519352,-33.888296],[-53.519144,-33.888582],[-53.519221,-33.88877],[-53.519621,-33.889007],[-53.519721,-33.889189],[-53.519639,-33.889752],[-53.519833,-33.890248],[-53.51986,-33.891033],[-53.519736,-33.891201],[-53.519867,-33.891365],[-53.519897,-33.891649],[-53.519825,-33.891859],[-53.520041,-33.891945],[-53.520269,-33.892202],[-53.521336,-33.891563],[-53.522318,-33.890502],[-53.522531,-33.890385],[-53.523069,-33.890346],[-53.523438,-33.890455],[-53.523914,-33.889852],[-53.524089,-33.89023]]]]}},{"type":"Feature","properties":{"nombre":"Piñera","departamento":"Paysandú"},"geometry":{"type":"MultiPolygon","coordinates":[[[[-57.050809,-32.332091],[-57.051112,-32.332001],[-57.050785,-32.331111],[-57.049707,-32.331376],[-57.049345,-32.330302],[-57.051771,-32.329795],[-57.051402,-32.328724],[-57.051048,-32.328813],[-57.050745,-32.327825],[-57.051821,-32.327563],[-57.050864,-32.326797],[-57.049345,-32.326132],[-57.048983,-32.326098],[-57.048004,-32.326336],[-57.047806,-32.325949],[-57.047524,-32.325789],[-57.045976,-32.326089],[-57.046975,-32.324803],[-57.046848,-32.324752],[-57.046203,-32.323936],[-57.045831,-32.323626],[-57.045686,-32.323543],[-57.04514,-32.323481],[-57.044825,-32.323168],[-57.044596,-32.323228],[-57.044649,-32.323334],[-57.044535,-32.323558],[-57.044554,-32.323724],[-57.044312,-32.324163],[-57.044242,-32.324583],[-57.044106,-32.324693],[-57.04407,-32.324555],[-57.044011,-32.324565],[-57.04385,-32.324712],[-57.043653,-32.324935],[-57.043771,-32.325109],[-57.04367,-32.325209],[-57.043464,-32.325297],[-57.043399,-32.325219],[-57.043219,-32.325238],[-57.043174,-32.325476],[-57.043055,-32.325393],[-57.043018,-32.325478],[-57.043179,-32.325648],[-57.043217,-32.325824],[-57.042861,-32.325908],[-57.042786,-32.326065],[-57.042784,-32.326165],[-57.042917,-32.326114],[-57.043041,-32.326209],[-57.042921,-32.326305],[-57.04272,-32.32625],[-57.042702,-32.326325],[-57.042909,-32.327357],[-57.042464,-32.32779],[-57.042447,-32.327909],[-57.042284,-32.327948],[-57.042577,-32.328387],[-57.042634,-32.328655],[-57.044923,-32.328112],[-57.04592,-32.331224],[-57.046976,-32.330945],[-57.047001,-32.330855],[-57.048014,-32.333885],[-57.050374,-32.333319],[-57.050012,-32.33228],[-57.050809,-32.332091]]]]}},{"type":"Feature","properties":{"nombre":"Estacion Migues","departamento":"Canelones"},"geometry":{"type":"MultiPolygon","coordinates":[[[[-55.627251,-34.525399],[-55.627393,-34.522859],[-55.626472,-34.522794],[-55.625772,-34.522859],[-55.625724,-34.522604],[-55.625209,-34.522385],[-55.625205,-34.521972],[-55.624846,-34.521965],[-55.624758,-34.522657],[-55.622978,-34.522477],[-55.623092,-34.523256],[-55.623212,-34.523331],[-55.62365,-34.525477],[-55.623698,-34.526106],[-55.627225,-34.52586],[-55.627251,-34.525399]]]]}},{"type":"Feature","properties":{"nombre":"Cololo Tinosa","departamento":"San José"},"geometry":{"type":"MultiPolygon","coordinates":[[[[-56.661072,-34.61502],[-56.660092,-34.611307],[-56.661719,-34.610294],[-56.6616,-34.610146],[-56.661316,-34.610317],[-56.661174,-34.610197],[-56.660996,-34.610208],[-56.659941,-34.610684],[-56.657409,-34.611638],[-56.657138,-34.61155],[-56.653046,-34.614625],[-56.653501,-34.615181],[-56.653454,-34.61521],[-56.653568,-34.615361],[-56.654131,-34.615008],[-56.655234,-34.618688],[-56.65627,-34.618464],[-56.655935,-34.617392],[-56.657039,-34.617127],[-56.656897,-34.61667],[-56.658495,-34.61638],[-56.658282,-34.615506],[-56.661072,-34.61502]]]]}},{"type":"Feature","properties":{"nombre":"Argentino","departamento":"Canelones"},"geometry":{"type":"MultiPolygon","coordinates":[[[[-55.45128,-34.793439],[-55.455296,-34.793936],[-55.455919,-34.793872],[-55.456625,-34.794024],[-55.457645,-34.794008],[-55.459247,-34.794183],[-55.459325,-34.793044],[-55.460631,-34.788167],[-55.459736,-34.787721],[-55.455422,-34.785917],[-55.459427,-34.779199],[-55.456738,-34.778361],[-55.455501,-34.777835],[-55.43123,-34.779566],[-55.431043,-34.78553],[-55.432717,-34.785433],[-55.432606,-34.787435],[-55.432627,-34.791365],[-55.4341,-34.79152],[-55.436051,-34.791453],[-55.43791,-34.791692],[-55.439209,-34.791711],[-55.440373,-34.791908],[-55.441521,-34.791984],[-55.44224,-34.792262],[-55.445057,-34.792512],[-55.446863,-34.792871],[-55.448509,-34.793043],[-55.450015,-34.793329],[-55.45128,-34.793439]]]]}},{"type":"Feature","properties":{"nombre":"Estacion la Floresta","departamento":"Canelones"},"geometry":{"type":"MultiPolygon","coordinates":[[[[-55.687572,-34.740929],[-55.687722,-34.740881],[-55.689464,-34.736657],[-55.689854,-34.735983],[-55.6901,-34.735198],[-55.690672,-34.734089],[-55.690653,-34.733981],[-55.691069,-34.732816],[-55.69138,-34.732105],[-55.691438,-34.732015],[-55.691872,-34.73186],[-55.69172,-34.731535],[-55.688134,-34.729942],[-55.688952,-34.727942],[-55.688895,-34.727779],[-55.686724,-34.727214],[-55.68639,-34.728078],[-55.685589,-34.727887],[-55.68505,-34.72908],[-55.68401,-34.728939],[-55.685588,-34.724928],[-55.684678,-34.724632],[-55.684128,-34.725117],[-55.683944,-34.725611],[-55.678786,-34.72422],[-55.677257,-34.728636],[-55.67566,-34.730686],[-55.675886,-34.733216],[-55.676115,-34.734156],[-55.67568,-34.735016],[-55.675515,-34.735579],[-55.683166,-34.735701],[-55.681684,-34.739266],[-55.687572,-34.740929]]]]}},{"type":"Feature","properties":{"nombre":"El Monte","departamento":"Canelones"},"geometry":{"type":"MultiPolygon","coordinates":[[[[-55.963095,-34.783634],[-55.963548,-34.784682],[-55.96418,-34.786755],[-55.96543,-34.786561],[-55.965842,-34.786416],[-55.966533,-34.785956],[-55.96733,-34.785555],[-55.968134,-34.785312],[-55.966658,-34.780563],[-55.965894,-34.778455],[-55.965183,-34.778704],[-55.960915,-34.779647],[-55.96139,-34.781105],[-55.961798,-34.782744],[-55.962643,-34.782648],[-55.962834,-34.782696],[-55.963095,-34.783634]]]]}},{"type":"Feature","properties":{"nombre":"El Chorro","departamento":"Maldonado"},"geometry":{"type":"MultiPolygon","coordinates":[[[[-54.817052,-34.905187],[-54.817029,-34.905024],[-54.817384,-34.90426],[-54.817575,-34.903512],[-54.819013,-34.896814],[-54.824207,-34.886095],[-54.824314,-34.885761],[-54.824325,-34.885207],[-54.824082,-34.883332],[-54.820688,-34.883091],[-54.820138,-34.885965],[-54.815015,-34.885495],[-54.816373,-34.877639],[-54.812783,-34.877388],[-54.81245,-34.879738],[-54.812057,-34.8813],[-54.811381,-34.88519],[-54.81123,-34.885507],[-54.811281,-34.885728],[-54.808937,-34.898307],[-54.808899,-34.898427],[-54.808774,-34.898472],[-54.808693,-34.898703],[-54.808008,-34.902175],[-54.808073,-34.902501],[-54.80785,-34.902924],[-54.800716,-34.898345],[-54.800179,-34.898243],[-54.800111,-34.89832],[-54.800295,-34.898527],[-54.800273,-34.89866],[-54.800109,-34.898728],[-54.79994,-34.89867],[-54.7995,-34.898051],[-54.799084,-34.897941],[-54.799137,-34.898122],[-54.799647,-34.898602],[-54.799856,-34.89895],[-54.79971,-34.899073],[-54.799705,-34.899284],[-54.8,-34.899619],[-54.800327,-34.899844],[-54.800387,-34.900072],[-54.800365,-34.900197],[-54.799633,-34.900024],[-54.802484,-34.901948],[-54.803703,-34.903006],[-54.80434,-34.903254],[-54.804379,-34.903405],[-54.804238,-34.903506],[-54.804247,-34.903594],[-54.804528,-34.903664],[-54.804474,-34.903783],[-54.804673,-34.903892],[-54.804764,-34.903859],[-54.804724,-34.903799],[-54.804796,-34.90369],[-54.805,-34.90369],[-54.806933,-34.904532],[-54.807656,-34.904984],[-54.808851,-34.904774],[-54.809397,-34.904819],[-54.809715,-34.904947],[-54.810748,-34.904972],[-54.811107,-34.905172],[-54.811846,-34.905353],[-54.812132,-34.905183],[-54.812853,-34.905182],[-54.8159,-34.906239],[-54.81695,-34.906836],[-54.81755,-34.905661],[-54.817187,-34.905388],[-54.817052,-34.905187]]]]}},{"type":"Feature","properties":{"nombre":"Aguas Corrientes","departamento":"Canelones"},"geometry":{"type":"MultiPolygon","coordinates":[[[[-56.397278,-34.526789],[-56.397399,-34.526541],[-56.401365,-34.524772],[-56.401644,-34.524728],[-56.402122,-34.524742],[-56.402124,-34.525641],[-56.402428,-34.526831],[-56.403649,-34.52565],[-56.404275,-34.525166],[-56.404719,-34.524107],[-56.404769,-34.523238],[-56.404604,-34.522027],[-56.403969,-34.520388],[-56.402521,-34.518369],[-56.402315,-34.517924],[-56.402031,-34.517169],[-56.401993,-34.515696],[-56.401678,-34.514687],[-56.401476,-34.514351],[-56.400809,-34.513782],[-56.400521,-34.513646],[-56.399826,-34.513585],[-56.399112,-34.513272],[-56.398539,-34.513342],[-56.397645,-34.513997],[-56.397093,-34.514025],[-56.396206,-34.514215],[-56.395959,-34.51408],[-56.395909,-34.513975],[-56.383817,-34.520835],[-56.384442,-34.521675],[-56.382909,-34.522538],[-56.383601,-34.523418],[-56.37959,-34.525584],[-56.381148,-34.527563],[-56.386566,-34.524539],[-56.388152,-34.526372],[-56.392627,-34.524082],[-56.392957,-34.524533],[-56.393171,-34.524414],[-56.393509,-34.524848],[-56.393256,-34.52499],[-56.393283,-34.525636],[-56.393778,-34.526295],[-56.394361,-34.525969],[-56.39551,-34.527457],[-56.395988,-34.527256],[-56.396028,-34.527325],[-56.397278,-34.526789]]]]}},{"type":"Feature","properties":{"nombre":"Los Cerrillos","departamento":"Canelones"},"geometry":{"type":"MultiPolygon","coordinates":[[[[-56.362224,-34.612698],[-56.362702,-34.612624],[-56.363422,-34.612785],[-56.363723,-34.613051],[-56.364126,-34.613188],[-56.364206,-34.613328],[-56.364457,-34.613333],[-56.364761,-34.613516],[-56.364974,-34.613517],[-56.365544,-34.613907],[-56.365701,-34.613882],[-56.367464,-34.614505],[-56.36766,-34.614743],[-56.368227,-34.614843],[-56.368252,-34.614719],[-56.368026,-34.614595],[-56.368404,-34.614284],[-56.368757,-34.614447],[-56.369045,-34.614377],[-56.369473,-34.613676],[-56.370513,-34.613981],[-56.370625,-34.614116],[-56.370715,-34.614054],[-56.37142,-34.614301],[-56.371602,-34.61444],[-56.372426,-34.614739],[-56.37273,-34.615273],[-56.372875,-34.615337],[-56.370274,-34.609808],[-56.370164,-34.609383],[-56.371711,-34.60936],[-56.371609,-34.608883],[-56.373486,-34.60922],[-56.374943,-34.608631],[-56.373771,-34.606009],[-56.371195,-34.606596],[-56.370954,-34.606173],[-56.367976,-34.606882],[-56.366873,-34.60464],[-56.367387,-34.604218],[-56.365389,-34.603069],[-56.366403,-34.602749],[-56.365264,-34.599098],[-56.363401,-34.599685],[-56.363361,-34.59963],[-56.36335,-34.598416],[-56.363269,-34.598313],[-56.3634,-34.597941],[-56.363447,-34.597405],[-56.36224,-34.597833],[-56.361605,-34.602616],[-56.35425,-34.603732],[-56.354318,-34.603115],[-56.348197,-34.604043],[-56.351718,-34.606995],[-56.352479,-34.606348],[-56.353175,-34.606811],[-56.353819,-34.607068],[-56.353973,-34.607621],[-56.352784,-34.60789],[-56.352881,-34.608188],[-56.350128,-34.608649],[-56.350091,-34.609293],[-56.351274,-34.60914],[-56.3514,-34.609781],[-56.352205,-34.609656],[-56.352195,-34.610761],[-56.352099,-34.610907],[-56.352089,-34.611117],[-56.354993,-34.61067],[-56.355877,-34.613798],[-56.356035,-34.613883],[-56.35784,-34.61373],[-56.358367,-34.613176],[-56.35846,-34.613224],[-56.359993,-34.612967],[-56.361093,-34.612668],[-56.361697,-34.612592],[-56.362164,-34.612567],[-56.362224,-34.612698]]]]}},{"type":"Feature","properties":{"nombre":"Bella Vista","departamento":"Maldonado"},"geometry":{"type":"MultiPolygon","coordinates":[[[[-55.373996,-34.800566],[-55.373968,-34.800009],[-55.373039,-34.800009],[-55.372972,-34.799805],[-55.372967,-34.798138],[-55.373332,-34.796673],[-55.373281,-34.79653],[-55.364079,-34.797598],[-55.364041,-34.797839],[-55.359107,-34.798677],[-55.358955,-34.798551],[-55.354805,-34.799529],[-55.353506,-34.799923],[-55.353001,-34.799915],[-55.347926,-34.801145],[-55.347667,-34.80083],[-55.34816,-34.80046],[-55.347901,-34.800192],[-55.347106,-34.799869],[-55.34497,-34.800241],[-55.343784,-34.797557],[-55.343485,-34.797606],[-55.342137,-34.798123],[-55.336136,-34.799928],[-55.337415,-34.804143],[-55.337993,-34.80711],[-55.338354,-34.807551],[-55.338408,-34.807857],[-55.336958,-34.808935],[-55.337013,-34.809415],[-55.337295,-34.809723],[-55.338438,-34.810554],[-55.338951,-34.810839],[-55.339446,-34.810718],[-55.340684,-34.810939],[-55.340852,-34.810911],[-55.34116,-34.810789],[-55.341997,-34.81023],[-55.343521,-34.809646],[-55.345102,-34.808645],[-55.347442,-34.807729],[-55.34831,-34.807501],[-55.351532,-34.80682],[-55.354153,-34.806168],[-55.357135,-34.805591],[-55.359302,-34.80504],[-55.361715,-34.804777],[-55.362754,-34.804291],[-55.363947,-34.804072],[-55.365997,-34.803432],[-55.36755,-34.803212],[-55.372349,-34.802836],[-55.374856,-34.80238],[-55.374763,-34.802094],[-55.374803,-34.801966],[-55.374445,-34.801572],[-55.3741,-34.801029],[-55.373996,-34.800566]]]]}},{"type":"Feature","properties":{"nombre":"San Jorge","departamento":"Durazno"},"geometry":{"type":"MultiPolygon","coordinates":[[[[-55.898759,-32.847248],[-55.899303,-32.845033],[-55.899438,-32.842837],[-55.896917,-32.841793],[-55.896749,-32.837317],[-55.896553,-32.837331],[-55.896551,-32.837245],[-55.895158,-32.836793],[-55.895233,-32.838375],[-55.89579,-32.840107],[-55.89536,-32.840733],[-55.89513,-32.840668],[-55.894815,-32.841052],[-55.894415,-32.841023],[-55.894272,-32.841085],[-55.894149,-32.842854],[-55.891968,-32.842744],[-55.89129,-32.847104],[-55.893275,-32.847296],[-55.893266,-32.847408],[-55.895905,-32.847673],[-55.895629,-32.848694],[-55.898227,-32.849176],[-55.898759,-32.847248]]]]}},{"type":"Feature","properties":{"nombre":"Dr. Francisco Soca","departamento":"Canelones"},"geometry":{"type":"MultiPolygon","coordinates":[[[[-55.702567,-34.696265],[-55.702646,-34.696616],[-55.706838,-34.696434],[-55.706771,-34.695644],[-55.702477,-34.695864],[-55.702567,-34.696265]]],[[[-55.706081,-34.687768],[-55.708738,-34.687686],[-55.708146,-34.684813],[-55.709188,-34.685062],[-55.712081,-34.685217],[-55.714234,-34.685422],[-55.715163,-34.685351],[-55.714741,-34.684995],[-55.713668,-34.684416],[-55.713262,-34.684005],[-55.71246,-34.683641],[-55.710576,-34.68181],[-55.710349,-34.681661],[-55.709496,-34.68137],[-55.708719,-34.680662],[-55.708617,-34.680387],[-55.708728,-34.680099],[-55.708592,-34.679861],[-55.708092,-34.679377],[-55.707647,-34.679171],[-55.706611,-34.679326],[-55.70613,-34.679522],[-55.705911,-34.679841],[-55.705666,-34.679993],[-55.705381,-34.680448],[-55.704924,-34.680855],[-55.704448,-34.680841],[-55.70406,-34.680999],[-55.703165,-34.680864],[-55.702936,-34.680757],[-55.702674,-34.680393],[-55.702086,-34.680206],[-55.701897,-34.679732],[-55.698252,-34.681007],[-55.695359,-34.682048],[-55.695728,-34.68347],[-55.694926,-34.68373],[-55.689851,-34.68276],[-55.689077,-34.685523],[-55.689097,-34.685613],[-55.690596,-34.685139],[-55.690927,-34.686041],[-55.690243,-34.686537],[-55.690882,-34.687148],[-55.691535,-34.686622],[-55.692108,-34.687228],[-55.693582,-34.686758],[-55.693999,-34.687011],[-55.694614,-34.686941],[-55.694518,-34.686191],[-55.696438,-34.686104],[-55.696474,-34.687268],[-55.696603,-34.687399],[-55.700685,-34.68726],[-55.702057,-34.693299],[-55.702951,-34.691198],[-55.702994,-34.690351],[-55.704578,-34.690663],[-55.70451,-34.690178],[-55.704162,-34.690142],[-55.70432,-34.689266],[-55.7043,-34.689057],[-55.704099,-34.68907],[-55.704032,-34.687973],[-55.706035,-34.687921],[-55.706081,-34.687768]]]]}},{"type":"Feature","properties":{"nombre":"Tres Quintas","departamento":"Río Negro"},"geometry":{"type":"MultiPolygon","coordinates":[[[[-57.998214,-32.700096],[-57.998079,-32.699895],[-57.997983,-32.697895],[-57.997094,-32.697863],[-57.996733,-32.698287],[-57.993457,-32.701239],[-57.995643,-32.700583],[-57.996463,-32.701469],[-57.997653,-32.703033],[-57.999437,-32.701433],[-57.998214,-32.700096]]]]}},{"type":"Feature","properties":{"nombre":"Pueblo Federacion","departamento":"Paysandú"},"geometry":{"type":"MultiPolygon","coordinates":[[[[-57.313626,-32.040063],[-57.314119,-32.040405],[-57.314153,-32.040606],[-57.314049,-32.041264],[-57.31382,-32.041539],[-57.313929,-32.041696],[-57.313642,-32.042086],[-57.313596,-32.042295],[-57.313167,-32.042543],[-57.312769,-32.042585],[-57.312506,-32.042765],[-57.312029,-32.042895],[-57.311787,-32.043031],[-57.311671,-32.043269],[-57.311303,-32.043453],[-57.311022,-32.043497],[-57.310836,-32.04371],[-57.310461,-32.043694],[-57.310354,-32.043831],[-57.310386,-32.044075],[-57.310111,-32.044178],[-57.310062,-32.044339],[-57.309857,-32.044369],[-57.309732,-32.044188],[-57.309601,-32.044244],[-57.30941,-32.044486],[-57.30955,-32.04477],[-57.309492,-32.044826],[-57.308983,-32.045018],[-57.308904,-32.045188],[-57.308627,-32.045367],[-57.30838,-32.045414],[-57.308324,-32.04557],[-57.308456,-32.045616],[-57.308554,-32.045772],[-57.308536,-32.046069],[-57.308652,-32.046153],[-57.308452,-32.046199],[-57.308515,-32.046414],[-57.308351,-32.046565],[-57.308673,-32.046649],[-57.308617,-32.046752],[-57.308471,-32.046765],[-57.308519,-32.046913],[-57.30837,-32.046875],[-57.30828,-32.047059],[-57.308366,-32.04715],[-57.308501,-32.047131],[-57.308484,-32.047399],[-57.308706,-32.047371],[-57.308767,-32.047491],[-57.309119,-32.047504],[-57.309088,-32.047716],[-57.308874,-32.047821],[-57.308762,-32.04808],[-57.308519,-32.048101],[-57.308536,-32.048183],[-57.311133,-32.047658],[-57.311578,-32.048738],[-57.318567,-32.047301],[-57.318373,-32.046009],[-57.317063,-32.042228],[-57.325377,-32.040461],[-57.322714,-32.033032],[-57.314509,-32.034803],[-57.310143,-32.035831],[-57.310666,-32.037297],[-57.312907,-32.036831],[-57.313148,-32.037576],[-57.31311,-32.037894],[-57.313211,-32.038158],[-57.31316,-32.03827],[-57.31322,-32.039087],[-57.313407,-32.039408],[-57.313478,-32.039902],[-57.313626,-32.040063]]]]}},{"type":"Feature","properties":{"nombre":"Villa Soriano","departamento":"Soriano"},"geometry":{"type":"MultiPolygon","coordinates":[[[[-58.324276,-33.405346],[-58.324988,-33.405093],[-58.325876,-33.406521],[-58.325537,-33.403956],[-58.324676,-33.402087],[-58.324799,-33.402136],[-58.328094,-33.401819],[-58.322528,-33.389931],[-58.32225,-33.389929],[-58.321924,-33.390153],[-58.321418,-33.390304],[-58.321676,-33.390057],[-58.320809,-33.389836],[-58.320397,-33.389809],[-58.319933,-33.389997],[-58.319764,-33.389951],[-58.31985,-33.389744],[-58.319692,-33.38972],[-58.31961,-33.390111],[-58.319211,-33.390769],[-58.318937,-33.390874],[-58.317267,-33.390728],[-58.317064,-33.390554],[-58.316235,-33.390618],[-58.315779,-33.390504],[-58.315523,-33.39016],[-58.314978,-33.390094],[-58.314861,-33.389741],[-58.314399,-33.389304],[-58.314044,-33.389377],[-58.314375,-33.390064],[-58.314334,-33.390179],[-58.315494,-33.392432],[-58.315213,-33.392544],[-58.315075,-33.397651],[-58.31522,-33.39809],[-58.315672,-33.398963],[-58.314987,-33.399276],[-58.314781,-33.399707],[-58.314448,-33.400937],[-58.314101,-33.402769],[-58.316031,-33.406964],[-58.323138,-33.404657],[-58.323161,-33.407007],[-58.323741,-33.40696],[-58.323709,-33.406238],[-58.324572,-33.405942],[-58.324276,-33.405346]]]]}},{"type":"Feature","properties":{"nombre":"Arroyo Blanco","departamento":"Rivera"},"geometry":{"type":"MultiPolygon","coordinates":[[[[-54.793356,-31.639838],[-54.792313,-31.639499],[-54.793344,-31.633491],[-54.79515,-31.632082],[-54.797004,-31.630017],[-54.796949,-31.629996],[-54.788187,-31.632289],[-54.788399,-31.6326],[-54.788697,-31.632688],[-54.788708,-31.632939],[-54.788335,-31.633353],[-54.788238,-31.633888],[-54.787966,-31.634108],[-54.787886,-31.634421],[-54.787445,-31.634688],[-54.787564,-31.635166],[-54.787288,-31.635249],[-54.787058,-31.635222],[-54.78676,-31.635394],[-54.786611,-31.635955],[-54.786691,-31.636219],[-54.786574,-31.63643],[-54.786576,-31.636653],[-54.786193,-31.636958],[-54.785796,-31.63774],[-54.785788,-31.637986],[-54.785582,-31.63824],[-54.78528,-31.638391],[-54.785098,-31.638827],[-54.785217,-31.639486],[-54.785344,-31.639565],[-54.785637,-31.639518],[-54.785804,-31.639637],[-54.785772,-31.639827],[-54.785558,-31.640049],[-54.785621,-31.641],[-54.786359,-31.640732],[-54.786447,-31.640486],[-54.786899,-31.640057],[-54.787359,-31.640105],[-54.787899,-31.640026],[-54.788206,-31.63989],[-54.788764,-31.63997],[-54.789002,-31.640113],[-54.789684,-31.641152],[-54.790208,-31.641311],[-54.789676,-31.641882],[-54.789883,-31.642192],[-54.791176,-31.643025],[-54.793356,-31.639838]]]]}},{"type":"Feature","properties":{"nombre":"Lascano","departamento":"Rocha"},"geometry":{"type":"MultiPolygon","coordinates":[[[[-54.211267,-33.688115],[-54.211764,-33.68773],[-54.210741,-33.686735],[-54.212346,-33.686232],[-54.212185,-33.685889],[-54.210442,-33.686438],[-54.208716,-33.684775],[-54.209731,-33.684718],[-54.209746,-33.684506],[-54.212234,-33.683956],[-54.212008,-33.683676],[-54.214546,-33.682967],[-54.211614,-33.679745],[-54.212926,-33.679389],[-54.212421,-33.677513],[-54.216933,-33.675115],[-54.216446,-33.67516],[-54.216112,-33.675074],[-54.21567,-33.67479],[-54.2155,-33.674509],[-54.21494,-33.66939],[-54.214704,-33.668632],[-54.214059,-33.667529],[-54.213133,-33.666667],[-54.195813,-33.653813],[-54.198324,-33.658767],[-54.199127,-33.659867],[-54.201851,-33.66556],[-54.200006,-33.666297],[-54.200362,-33.667075],[-54.199428,-33.66743],[-54.199319,-33.667586],[-54.199491,-33.670078],[-54.199596,-33.670216],[-54.200045,-33.67019],[-54.199249,-33.675066],[-54.199977,-33.675089],[-54.202348,-33.674899],[-54.202177,-33.675344],[-54.202171,-33.675725],[-54.202436,-33.676765],[-54.202512,-33.67833],[-54.202105,-33.678346],[-54.202412,-33.681327],[-54.202536,-33.681764],[-54.202688,-33.683078],[-54.199205,-33.683213],[-54.199067,-33.683282],[-54.19896,-33.683169],[-54.198459,-33.683181],[-54.198504,-33.683725],[-54.197669,-33.68376],[-54.197912,-33.685308],[-54.19883,-33.685324],[-54.198817,-33.685699],[-54.200122,-33.685646],[-54.200721,-33.689156],[-54.209379,-33.688972],[-54.209636,-33.690356],[-54.21155,-33.689935],[-54.211267,-33.688115]]]]}},{"type":"Feature","properties":{"nombre":"Araminda","departamento":"Canelones"},"geometry":{"type":"MultiPolygon","coordinates":[[[[-55.555953,-34.788344],[-55.556735,-34.787942],[-55.558711,-34.787168],[-55.558999,-34.786941],[-55.559321,-34.786303],[-55.559694,-34.78599],[-55.559382,-34.782781],[-55.559224,-34.782785],[-55.558728,-34.778426],[-55.558606,-34.777899],[-55.558666,-34.777731],[-55.559691,-34.777408],[-55.5592,-34.77369],[-55.55808,-34.77375],[-55.555812,-34.773555],[-55.553723,-34.773519],[-55.552955,-34.767313],[-55.552174,-34.767315],[-55.550948,-34.767471],[-55.550913,-34.767948],[-55.551573,-34.773476],[-55.549072,-34.773472],[-55.54671,-34.772994],[-55.547614,-34.780844],[-55.547763,-34.781877],[-55.547882,-34.78186],[-55.548415,-34.78625],[-55.548519,-34.786933],[-55.54863,-34.78719],[-55.5486,-34.787495],[-55.548706,-34.78803],[-55.54868,-34.789292],[-55.549721,-34.789302],[-55.552021,-34.789588],[-55.553856,-34.789661],[-55.554494,-34.789806],[-55.554919,-34.789583],[-55.555375,-34.788852],[-55.555953,-34.788344]]]]}},{"type":"Feature","properties":{"nombre":"Illescas","departamento":"Florida"},"geometry":{"type":"MultiPolygon","coordinates":[[[[-55.33395,-33.610585],[-55.334834,-33.611506],[-55.335248,-33.61119],[-55.334291,-33.610236],[-55.334583,-33.610039],[-55.334383,-33.609815],[-55.33406,-33.610002],[-55.333439,-33.609274],[-55.337271,-33.607973],[-55.336172,-33.606061],[-55.335263,-33.606924],[-55.334367,-33.607493],[-55.3341,-33.607573],[-55.333964,-33.607332],[-55.33231,-33.607794],[-55.331978,-33.60706],[-55.330065,-33.607508],[-55.330075,-33.607045],[-55.329769,-33.607063],[-55.329619,-33.606994],[-55.3276,-33.607088],[-55.327099,-33.606398],[-55.326597,-33.606627],[-55.326643,-33.606854],[-55.326421,-33.606928],[-55.327246,-33.608559],[-55.32964,-33.609203],[-55.332396,-33.608998],[-55.33395,-33.610585]]]]}},{"type":"Feature","properties":{"nombre":"Alejandro Gallinal","departamento":"Florida"},"geometry":{"type":"MultiPolygon","coordinates":[[[[-55.550746,-33.869051],[-55.551501,-33.869953],[-55.552138,-33.869646],[-55.551579,-33.868883],[-55.552021,-33.868573],[-55.551878,-33.868205],[-55.551931,-33.868083],[-55.553111,-33.866171],[-55.552042,-33.864304],[-55.551405,-33.86276],[-55.551597,-33.862671],[-55.551702,-33.862458],[-55.551507,-33.861971],[-55.550506,-33.860493],[-55.550098,-33.860049],[-55.54991,-33.860332],[-55.549815,-33.860274],[-55.5497,-33.859831],[-55.549458,-33.85948],[-55.549449,-33.859173],[-55.549317,-33.858924],[-55.544421,-33.858533],[-55.543773,-33.858353],[-55.542981,-33.858065],[-55.543181,-33.857989],[-55.54362,-33.85739],[-55.543814,-33.857359],[-55.543972,-33.85701],[-55.539257,-33.855355],[-55.539203,-33.855429],[-55.537928,-33.855022],[-55.537752,-33.855113],[-55.537002,-33.86036],[-55.533608,-33.859785],[-55.533432,-33.860196],[-55.533906,-33.860352],[-55.534819,-33.860603],[-55.539009,-33.861435],[-55.538641,-33.862944],[-55.541038,-33.863121],[-55.540981,-33.869517],[-55.550389,-33.869228],[-55.550746,-33.869051]]]]}},{"type":"Feature","properties":{"nombre":"Placido Rosas","departamento":"Cerro Largo"},"geometry":{"type":"MultiPolygon","coordinates":[[[[-53.719029,-32.763059],[-53.719284,-32.763273],[-53.719603,-32.763874],[-53.720154,-32.764011],[-53.720879,-32.76304],[-53.720855,-32.76272],[-53.721227,-32.762473],[-53.721092,-32.762015],[-53.721447,-32.761455],[-53.721584,-32.760057],[-53.721458,-32.759471],[-53.721155,-32.759075],[-53.721074,-32.75825],[-53.72305,-32.75709],[-53.722351,-32.756104],[-53.719912,-32.753994],[-53.717094,-32.748636],[-53.717011,-32.748596],[-53.716968,-32.748888],[-53.716964,-32.74965],[-53.716068,-32.749732],[-53.716136,-32.749866],[-53.715531,-32.750781],[-53.712688,-32.749506],[-53.712824,-32.7493],[-53.708092,-32.747371],[-53.707508,-32.748334],[-53.709557,-32.749214],[-53.710139,-32.749334],[-53.711964,-32.750183],[-53.7123,-32.750464],[-53.714826,-32.751542],[-53.714485,-32.752182],[-53.714445,-32.752364],[-53.714535,-32.752496],[-53.714302,-32.753079],[-53.713947,-32.753075],[-53.713643,-32.753172],[-53.713403,-32.753472],[-53.71258,-32.753463],[-53.71224,-32.753866],[-53.712866,-32.754177],[-53.712992,-32.754545],[-53.713654,-32.755161],[-53.713778,-32.755485],[-53.713724,-32.756192],[-53.713557,-32.756716],[-53.713236,-32.757072],[-53.712244,-32.757647],[-53.711388,-32.758487],[-53.711354,-32.759477],[-53.711874,-32.760022],[-53.71263,-32.760576],[-53.712872,-32.761122],[-53.713225,-32.761537],[-53.714739,-32.762475],[-53.715037,-32.762535],[-53.715747,-32.762363],[-53.716305,-32.762596],[-53.717207,-32.762654],[-53.719029,-32.763059]]]]}},{"type":"Feature","properties":{"nombre":"Playa de los Treinta y Tres (Casa Blanca)","departamento":"Soriano"},"geometry":{"type":"MultiPolygon","coordinates":[[[[-58.426694,-33.807825],[-58.426576,-33.80723],[-58.42692,-33.806856],[-58.426986,-33.806603],[-58.425944,-33.804439],[-58.425427,-33.80252],[-58.425439,-33.802285],[-58.425184,-33.801174],[-58.425119,-33.799617],[-58.424898,-33.797732],[-58.42493,-33.797367],[-58.424827,-33.796937],[-58.424897,-33.796635],[-58.424857,-33.796153],[-58.424968,-33.795704],[-58.424866,-33.79445],[-58.424936,-33.793525],[-58.424878,-33.791751],[-58.424307,-33.788799],[-58.424419,-33.788236],[-58.424273,-33.788027],[-58.424338,-33.787828],[-58.424289,-33.787488],[-58.423696,-33.787907],[-58.423791,-33.788167],[-58.423693,-33.788308],[-58.423519,-33.788289],[-58.423325,-33.788115],[-58.422274,-33.788591],[-58.422126,-33.788738],[-58.421922,-33.78874],[-58.42153,-33.788907],[-58.421996,-33.789562],[-58.423703,-33.792554],[-58.423872,-33.793415],[-58.42431,-33.797738],[-58.424196,-33.79802],[-58.423269,-33.798762],[-58.423216,-33.798928],[-58.424053,-33.806785],[-58.423907,-33.807013],[-58.423233,-33.807434],[-58.423191,-33.807644],[-58.423711,-33.809171],[-58.426599,-33.809149],[-58.426576,-33.808602],[-58.426694,-33.807825]]]]}},{"type":"Feature","properties":{"nombre":"Araujo","departamento":"Paysandú"},"geometry":{"type":"MultiPolygon","coordinates":[[[[-57.745781,-31.995486],[-57.744725,-31.995205],[-57.743866,-31.99451],[-57.74334,-31.993856],[-57.742872,-31.994156],[-57.741487,-31.993734],[-57.740294,-31.994518],[-57.737909,-31.997923],[-57.737746,-31.998015],[-57.737621,-31.997983],[-57.737603,-31.998094],[-57.737855,-31.998205],[-57.737349,-31.998826],[-57.74477,-31.998733],[-57.746168,-31.995586],[-57.745781,-31.995486]]]]}},{"type":"Feature","properties":{"nombre":"Barra de Carrasco","departamento":"Canelones"},"geometry":{"type":"MultiPolygon","coordinates":[[[[-56.031762,-34.878685],[-56.032339,-34.878519],[-56.03394,-34.878504],[-56.034252,-34.878441],[-56.034762,-34.87808],[-56.034993,-34.87776],[-56.035297,-34.876689],[-56.035786,-34.875636],[-56.036468,-34.872537],[-56.036653,-34.872311],[-56.037286,-34.871957],[-56.039192,-34.871546],[-56.04024,-34.870906],[-56.039708,-34.870405],[-56.039705,-34.870253],[-56.040374,-34.869846],[-56.030304,-34.860545],[-56.030165,-34.85977],[-56.030347,-34.859463],[-56.030061,-34.859253],[-56.020946,-34.866027],[-56.020544,-34.865858],[-56.02032,-34.865921],[-56.020258,-34.866159],[-56.020455,-34.866324],[-56.020412,-34.866371],[-56.01459,-34.870631],[-56.012639,-34.871937],[-56.014816,-34.873405],[-56.015977,-34.874444],[-56.016945,-34.874655],[-56.01725,-34.874836],[-56.017667,-34.874916],[-56.018017,-34.875087],[-56.020476,-34.875615],[-56.021729,-34.876108],[-56.022571,-34.876298],[-56.024087,-34.876816],[-56.025954,-34.877849],[-56.026687,-34.878151],[-56.027504,-34.878324],[-56.029349,-34.879535],[-56.030411,-34.879722],[-56.030575,-34.879684],[-56.031762,-34.878685]]]]}},{"type":"Feature","properties":{"nombre":"Nueva Carrara","departamento":"Maldonado"},"geometry":{"type":"MultiPolygon","coordinates":[[[[-55.261462,-34.722302],[-55.262167,-34.721912],[-55.262485,-34.721624],[-55.262953,-34.721424],[-55.263682,-34.721212],[-55.264488,-34.721262],[-55.264702,-34.721211],[-55.265147,-34.720804],[-55.265348,-34.7205],[-55.265317,-34.720224],[-55.26506,-34.720082],[-55.265073,-34.719922],[-55.265599,-34.719155],[-55.265756,-34.718774],[-55.265978,-34.718536],[-55.262071,-34.718206],[-55.261816,-34.716699],[-55.260634,-34.716748],[-55.260595,-34.716124],[-55.25926,-34.716204],[-55.259255,-34.714564],[-55.258887,-34.712892],[-55.259556,-34.712817],[-55.25946,-34.712172],[-55.258809,-34.712208],[-55.258863,-34.711512],[-55.256148,-34.711541],[-55.256807,-34.717903],[-55.256878,-34.71818],[-55.257208,-34.718592],[-55.254863,-34.71826],[-55.251783,-34.717695],[-55.251529,-34.718311],[-55.251595,-34.718819],[-55.251791,-34.719137],[-55.251773,-34.719482],[-55.251555,-34.719863],[-55.251769,-34.719964],[-55.251812,-34.720417],[-55.257445,-34.721238],[-55.257561,-34.720323],[-55.258649,-34.720485],[-55.259101,-34.720978],[-55.259356,-34.721138],[-55.260638,-34.721244],[-55.260874,-34.721933],[-55.261168,-34.722495],[-55.261462,-34.722302]]]]}},{"type":"Feature","properties":{"nombre":"Seis Hermanos","departamento":"Canelones"},"geometry":{"type":"MultiPolygon","coordinates":[[[[-56.070335,-34.713534],[-56.073359,-34.711454],[-56.072732,-34.710802],[-56.072584,-34.710892],[-56.07251,-34.71007],[-56.069828,-34.710484],[-56.070131,-34.711736],[-56.065502,-34.713843],[-56.064092,-34.714992],[-56.066409,-34.716294],[-56.070335,-34.713534]]]]}},{"type":"Feature","properties":{"nombre":"Sauce","departamento":"Río Negro"},"geometry":{"type":"MultiPolygon","coordinates":[[[[-57.739269,-32.904088],[-57.74224,-32.90403],[-57.742311,-32.898599],[-57.737524,-32.899212],[-57.734108,-32.899543],[-57.734292,-32.904191],[-57.739269,-32.904088]]]]}},{"type":"Feature","properties":{"nombre":"Cuareim","departamento":"Artigas"},"geometry":{"type":"MultiPolygon","coordinates":[[[[-57.571452,-30.248733],[-57.574011,-30.249386],[-57.578322,-30.250303],[-57.579215,-30.247379],[-57.581351,-30.241033],[-57.572756,-30.229324],[-57.56963,-30.22457],[-57.566901,-30.220891],[-57.566503,-30.220315],[-57.564091,-30.216083],[-57.563621,-30.215494],[-57.561033,-30.213183],[-57.560516,-30.213779],[-57.56036,-30.214265],[-57.560138,-30.214567],[-57.559871,-30.214729],[-57.559391,-30.215614],[-57.559293,-30.216082],[-57.559009,-30.216659],[-57.559046,-30.216798],[-57.558912,-30.217128],[-57.558675,-30.219488],[-57.558642,-30.220819],[-57.55814,-30.222642],[-57.558124,-30.22457],[-57.558331,-30.226208],[-57.55912,-30.228885],[-57.559985,-30.230982],[-57.559927,-30.232189],[-57.559493,-30.233906],[-57.55965,-30.234595],[-57.561165,-30.237632],[-57.56409,-30.241761],[-57.565331,-30.246137],[-57.565893,-30.247561],[-57.571452,-30.248733]]]]}},{"type":"Feature","properties":{"nombre":"Toledo","departamento":"Canelones"},"geometry":{"type":"MultiPolygon","coordinates":[[[[-56.101235,-34.751995],[-56.101466,-34.751462],[-56.101736,-34.751182],[-56.102162,-34.750995],[-56.103513,-34.750663],[-56.104054,-34.750199],[-56.101962,-34.748601],[-56.101209,-34.747894],[-56.100486,-34.747033],[-56.097133,-34.741679],[-56.088157,-34.729589],[-56.087341,-34.728788],[-56.086608,-34.728225],[-56.080549,-34.724629],[-56.080467,-34.724752],[-56.080542,-34.725031],[-56.080853,-34.725445],[-56.078595,-34.728046],[-56.078941,-34.728253],[-56.078232,-34.728936],[-56.078877,-34.729312],[-56.077246,-34.73118],[-56.084159,-34.735316],[-56.081703,-34.7381],[-56.08661,-34.740838],[-56.086049,-34.741415],[-56.085654,-34.742016],[-56.085424,-34.742573],[-56.08531,-34.743124],[-56.085377,-34.744252],[-56.085571,-34.744826],[-56.08591,-34.745432],[-56.084417,-34.745225],[-56.084054,-34.745078],[-56.083963,-34.745233],[-56.085549,-34.746054],[-56.089403,-34.747718],[-56.093607,-34.750452],[-56.094281,-34.751037],[-56.098392,-34.75515],[-56.099211,-34.756139],[-56.099294,-34.755595],[-56.099746,-34.75518],[-56.099828,-34.753907],[-56.099696,-34.753331],[-56.099753,-34.753081],[-56.099951,-34.752926],[-56.100371,-34.752813],[-56.100894,-34.752441],[-56.101235,-34.751995]]]]}},{"type":"Feature","properties":{"nombre":"Arachania","departamento":"Cerro Largo"},"geometry":{"type":"MultiPolygon","coordinates":[[[[-54.130801,-32.52743],[-54.130673,-32.529459],[-54.132343,-32.529425],[-54.133343,-32.529828],[-54.133853,-32.529854],[-54.133977,-32.528422],[-54.134585,-32.528407],[-54.134727,-32.528292],[-54.134727,-32.527222],[-54.134567,-32.527093],[-54.130835,-32.526902],[-54.130801,-32.52743]]]]}},{"type":"Feature","properties":{"nombre":"19 de Abril","departamento":"Rocha"},"geometry":{"type":"MultiPolygon","coordinates":[[[[-54.074385,-34.366834],[-54.074573,-34.366662],[-54.066275,-34.3592],[-54.066135,-34.359319],[-54.066625,-34.359729],[-54.066341,-34.360098],[-54.065854,-34.36049],[-54.065465,-34.360934],[-54.064791,-34.360999],[-54.064618,-34.361081],[-54.064408,-34.361618],[-54.063745,-34.362106],[-54.063588,-34.362361],[-54.063662,-34.362496],[-54.063493,-34.362523],[-54.063254,-34.36282],[-54.063206,-34.363088],[-54.063333,-34.363443],[-54.063023,-34.363893],[-54.062951,-34.364826],[-54.06266,-34.365351],[-54.062058,-34.365889],[-54.065707,-34.367149],[-54.072023,-34.369547],[-54.072639,-34.368629],[-54.074385,-34.366834]]]]}},{"type":"Feature","properties":{"nombre":"Pintadito","departamento":"Artigas"},"geometry":{"type":"MultiPolygon","coordinates":[[[[-56.476004,-30.445227],[-56.475568,-30.445237],[-56.477256,-30.443465],[-56.469779,-30.438442],[-56.469526,-30.437694],[-56.470422,-30.437597],[-56.469927,-30.436527],[-56.471161,-30.436295],[-56.472604,-30.435768],[-56.472784,-30.435954],[-56.472687,-30.436842],[-56.473475,-30.436884],[-56.474782,-30.437266],[-56.477764,-30.439362],[-56.479645,-30.436837],[-56.480284,-30.435825],[-56.479085,-30.434695],[-56.481449,-30.431761],[-56.478914,-30.431009],[-56.478094,-30.430855],[-56.47795,-30.430745],[-56.477657,-30.430853],[-56.476838,-30.430904],[-56.475573,-30.430854],[-56.475302,-30.430772],[-56.474523,-30.430848],[-56.474287,-30.430743],[-56.473724,-30.430775],[-56.47471,-30.433749],[-56.47049,-30.433708],[-56.469527,-30.433434],[-56.468615,-30.433614],[-56.464516,-30.433483],[-56.464339,-30.433455],[-56.464316,-30.43333],[-56.464156,-30.433399],[-56.463136,-30.43342],[-56.463304,-30.432656],[-56.462229,-30.432713],[-56.461862,-30.432599],[-56.460636,-30.43248],[-56.460032,-30.432303],[-56.458582,-30.432317],[-56.457786,-30.432243],[-56.457343,-30.43206],[-56.456914,-30.431588],[-56.457442,-30.431268],[-56.457861,-30.42925],[-56.457809,-30.429239],[-56.45842,-30.427683],[-56.458178,-30.427602],[-56.457732,-30.42884],[-56.456895,-30.430299],[-56.456047,-30.43131],[-56.45358,-30.433722],[-56.453983,-30.433657],[-56.454314,-30.433346],[-56.454407,-30.43334],[-56.454864,-30.434116],[-56.455326,-30.43397],[-56.456881,-30.435576],[-56.457729,-30.434943],[-56.45824,-30.43491],[-56.458283,-30.435006],[-56.459538,-30.435554],[-56.460375,-30.435774],[-56.460022,-30.436386],[-56.459494,-30.436962],[-56.459467,-30.437232],[-56.45895,-30.438388],[-56.459104,-30.438429],[-56.459381,-30.438329],[-56.459638,-30.438385],[-56.459751,-30.438155],[-56.459857,-30.438117],[-56.460213,-30.438308],[-56.461196,-30.43837],[-56.461713,-30.438786],[-56.46201,-30.438854],[-56.462083,-30.439001],[-56.462655,-30.438687],[-56.463264,-30.438875],[-56.463089,-30.439536],[-56.462668,-30.440185],[-56.462058,-30.442218],[-56.469796,-30.446418],[-56.469416,-30.446723],[-56.469889,-30.447038],[-56.470418,-30.447243],[-56.470779,-30.446954],[-56.472871,-30.44806],[-56.473214,-30.447965],[-56.474358,-30.447286],[-56.476181,-30.445325],[-56.476004,-30.445227]]]]}},{"type":"Feature","properties":{"nombre":"Cerro Chato","departamento":"Florida"},"geometry":{"type":"MultiPolygon","coordinates":[[[[-55.13617,-33.109163],[-55.136678,-33.109159],[-55.136714,-33.108286],[-55.138922,-33.108333],[-55.139038,-33.108251],[-55.139035,-33.10779],[-55.139263,-33.107792],[-55.139265,-33.107686],[-55.14147,-33.107665],[-55.14054,-33.101702],[-55.138281,-33.101946],[-55.138454,-33.102993],[-55.136137,-33.103251],[-55.136301,-33.104302],[-55.134432,-33.10452],[-55.1337,-33.104823],[-55.133081,-33.105194],[-55.132497,-33.105817],[-55.132207,-33.106589],[-55.132503,-33.108208],[-55.131898,-33.10822],[-55.131919,-33.108682],[-55.132087,-33.109662],[-55.132039,-33.1098],[-55.132792,-33.109715],[-55.133026,-33.111058],[-55.13388,-33.111237],[-55.135176,-33.111209],[-55.135206,-33.109654],[-55.135936,-33.109671],[-55.135936,-33.109285],[-55.136084,-33.109281],[-55.136052,-33.109147],[-55.13617,-33.109163]]]]}},{"type":"Feature","properties":{"nombre":"Fray Bentos","departamento":"Río Negro"},"geometry":{"type":"MultiPolygon","coordinates":[[[[-58.314518,-33.130005],[-58.315867,-33.132435],[-58.319473,-33.128838],[-58.31806,-33.126513],[-58.319538,-33.126095],[-58.319893,-33.125843],[-58.320171,-33.125492],[-58.321474,-33.122862],[-58.321989,-33.120339],[-58.321948,-33.119639],[-58.319493,-33.119479],[-58.31938,-33.119159],[-58.31942,-33.118991],[-58.319619,-33.118636],[-58.319796,-33.118532],[-58.319913,-33.118347],[-58.31982,-33.118132],[-58.319555,-33.11803],[-58.319431,-33.118173],[-58.318991,-33.118229],[-58.318393,-33.118041],[-58.317565,-33.117137],[-58.317453,-33.116657],[-58.317504,-33.116574],[-58.317363,-33.116196],[-58.317464,-33.115989],[-58.317189,-33.115537],[-58.317914,-33.114427],[-58.317926,-33.114052],[-58.317725,-33.113852],[-58.317012,-33.113625],[-58.31678,-33.113246],[-58.31628,-33.112811],[-58.315913,-33.112721],[-58.315623,-33.112428],[-58.315482,-33.111738],[-58.315563,-33.111527],[-58.315429,-33.11142],[-58.314869,-33.111286],[-58.314667,-33.111346],[-58.314675,-33.111674],[-58.314791,-33.111722],[-58.314677,-33.111864],[-58.314135,-33.111998],[-58.313993,-33.111901],[-58.313164,-33.111941],[-58.313143,-33.111687],[-58.313049,-33.111593],[-58.31294,-33.11166],[-58.312448,-33.111474],[-58.314125,-33.1105],[-58.31606,-33.111044],[-58.316178,-33.110767],[-58.314124,-33.110188],[-58.312186,-33.111388],[-58.31002,-33.11217],[-58.309262,-33.111904],[-58.308768,-33.111575],[-58.307445,-33.111459],[-58.307231,-33.111558],[-58.307205,-33.111658],[-58.30727,-33.11214],[-58.307131,-33.111753],[-58.307149,-33.111894],[-58.306984,-33.112061],[-58.30689,-33.112023],[-58.306816,-33.111848],[-58.306556,-33.111963],[-58.306412,-33.112295],[-58.305552,-33.112444],[-58.305513,-33.112271],[-58.305261,-33.112309],[-58.30486,-33.111936],[-58.304595,-33.111856],[-58.304403,-33.111692],[-58.304559,-33.111438],[-58.304428,-33.111313],[-58.304385,-33.111094],[-58.304954,-33.110518],[-58.305106,-33.11018],[-58.304986,-33.109837],[-58.304497,-33.109545],[-58.303627,-33.1091],[-58.30319,-33.10919],[-58.303101,-33.108978],[-58.302117,-33.10864],[-58.301939,-33.108654],[-58.301874,-33.108483],[-58.301709,-33.108451],[-58.30167,-33.108289],[-58.301205,-33.108079],[-58.300903,-33.108048],[-58.300463,-33.108175],[-58.300475,-33.108416],[-58.300014,-33.108477],[-58.300063,-33.108724],[-58.299855,-33.108838],[-58.29953,-33.108732],[-58.299465,-33.108537],[-58.299342,-33.108481],[-58.299124,-33.108514],[-58.298958,-33.108439],[-58.298818,-33.10814],[-58.298173,-33.108056],[-58.297953,-33.10813],[-58.297774,-33.108325],[-58.297041,-33.108082],[-58.296577,-33.108249],[-58.296412,-33.108459],[-58.295907,-33.108726],[-58.295647,-33.109145],[-58.295356,-33.109316],[-58.2952,-33.109759],[-58.295298,-33.110033],[-58.295177,-33.110478],[-58.294996,-33.110495],[-58.294796,-33.110733],[-58.294566,-33.110745],[-58.294415,-33.110897],[-58.294194,-33.110892],[-58.293796,-33.110617],[-58.293569,-33.110808],[-58.293336,-33.11082],[-58.293217,-33.110783],[-58.293232,-33.110678],[-58.293132,-33.110583],[-58.292667,-33.110609],[-58.292453,-33.110747],[-58.291931,-33.110679],[-58.291565,-33.110512],[-58.291393,-33.110685],[-58.291063,-33.110514],[-58.290787,-33.111013],[-58.290506,-33.110995],[-58.289694,-33.111257],[-58.289337,-33.111179],[-58.288914,-33.110813],[-58.288662,-33.110709],[-58.287956,-33.111302],[-58.287952,-33.111412],[-58.287762,-33.11161],[-58.287151,-33.11164],[-58.286498,-33.112042],[-58.286214,-33.112391],[-58.29153,-33.12054],[-58.287155,-33.124],[-58.276671,-33.133178],[-58.276716,-33.133487],[-58.275953,-33.1375],[-58.276042,-33.137637],[-58.285122,-33.144118],[-58.284947,-33.14435],[-58.287393,-33.145571],[-58.293426,-33.151453],[-58.297182,-33.144966],[-58.299718,-33.143932],[-58.299947,-33.143898],[-58.301715,-33.141134],[-58.31049,-33.130235],[-58.311354,-33.131554],[-58.313089,-33.130832],[-58.312962,-33.130625],[-58.313012,-33.130596],[-58.314518,-33.130005]]]]}},{"type":"Feature","properties":{"nombre":"Fracc. Cno. Andaluz y R.84","departamento":"Canelones"},"geometry":{"type":"MultiPolygon","coordinates":[[[[-56.091952,-34.776525],[-56.094312,-34.775919],[-56.093328,-34.775443],[-56.093564,-34.775102],[-56.092776,-34.774792],[-56.092528,-34.77514],[-56.089947,-34.774155],[-56.090123,-34.774049],[-56.091049,-34.772977],[-56.089025,-34.771974],[-56.087741,-34.773282],[-56.089543,-34.773941],[-56.086043,-34.776231],[-56.087294,-34.777568],[-56.087598,-34.77806],[-56.088377,-34.777824],[-56.088338,-34.777585],[-56.091952,-34.776525]]],[[[-56.083507,-34.767465],[-56.084742,-34.768146],[-56.085387,-34.766896],[-56.082823,-34.765532],[-56.079989,-34.768136],[-56.079085,-34.767188],[-56.077808,-34.765613],[-56.07769,-34.76573],[-56.07648,-34.767124],[-56.078571,-34.768362],[-56.075501,-34.771839],[-56.075771,-34.772162],[-56.076009,-34.772773],[-56.076263,-34.773174],[-56.076297,-34.773336],[-56.07617,-34.773666],[-56.076631,-34.774296],[-56.07731,-34.774764],[-56.081731,-34.769764],[-56.081639,-34.769684],[-56.083507,-34.767465]]],[[[-56.093108,-34.760545],[-56.082348,-34.754924],[-56.080762,-34.757043],[-56.081798,-34.757578],[-56.081567,-34.757904],[-56.082694,-34.758471],[-56.082932,-34.758166],[-56.084087,-34.758759],[-56.083894,-34.759055],[-56.087786,-34.761034],[-56.088007,-34.760715],[-56.092066,-34.7627],[-56.093364,-34.760842],[-56.093375,-34.760728],[-56.093108,-34.760545]]],[[[-56.079902,-34.76194],[-56.075178,-34.759469],[-56.076987,-34.757027],[-56.077479,-34.757325],[-56.078242,-34.756242],[-56.079865,-34.757045],[-56.080096,-34.756686],[-56.077366,-34.755264],[-56.07903,-34.753085],[-56.072255,-34.749582],[-56.072106,-34.749723],[-56.068764,-34.747971],[-56.068625,-34.74819],[-56.069075,-34.748438],[-56.067899,-34.749984],[-56.067937,-34.7501],[-56.068504,-34.750386],[-56.067725,-34.751405],[-56.0687,-34.751881],[-56.068513,-34.752167],[-56.069284,-34.752577],[-56.069728,-34.752023],[-56.070489,-34.752391],[-56.067816,-34.755964],[-56.070346,-34.757301],[-56.069883,-34.757913],[-56.06949,-34.757689],[-56.068331,-34.759214],[-56.068733,-34.759435],[-56.068166,-34.760179],[-56.067725,-34.759957],[-56.067075,-34.760855],[-56.066599,-34.760612],[-56.066361,-34.760968],[-56.061825,-34.758667],[-56.056486,-34.764883],[-56.056658,-34.765078],[-56.056722,-34.765391],[-56.057183,-34.765815],[-56.057268,-34.766241],[-56.057372,-34.76638],[-56.057817,-34.766428],[-56.058025,-34.766575],[-56.058587,-34.76752],[-56.058562,-34.767891],[-56.05865,-34.768025],[-56.058611,-34.768748],[-56.059012,-34.769362],[-56.059544,-34.769623],[-56.059897,-34.769611],[-56.060079,-34.769447],[-56.060701,-34.769437],[-56.060876,-34.769509],[-56.061224,-34.769351],[-56.06159,-34.769441],[-56.061983,-34.769402],[-56.062212,-34.769285],[-56.062394,-34.769054],[-56.062798,-34.768868],[-56.062852,-34.768727],[-56.062773,-34.768558],[-56.062845,-34.768339],[-56.063236,-34.768363],[-56.06349,-34.76815],[-56.063917,-34.767986],[-56.064025,-34.767645],[-56.065102,-34.766433],[-56.065561,-34.766183],[-56.066213,-34.765992],[-56.066442,-34.766006],[-56.067307,-34.767188],[-56.06769,-34.767413],[-56.067728,-34.767602],[-56.067588,-34.767727],[-56.067755,-34.768302],[-56.068494,-34.768291],[-56.068817,-34.768423],[-56.068653,-34.768118],[-56.068767,-34.767839],[-56.068892,-34.767721],[-56.069251,-34.76793],[-56.072479,-34.763989],[-56.073256,-34.764372],[-56.073514,-34.76437],[-56.075762,-34.762967],[-56.077763,-34.765554],[-56.079477,-34.763685],[-56.080173,-34.762085],[-56.079902,-34.76194]]],[[[-56.065259,-34.74623],[-56.063609,-34.745291],[-56.064719,-34.743799],[-56.064596,-34.743646],[-56.057197,-34.740024],[-56.057299,-34.739899],[-56.056789,-34.739672],[-56.054264,-34.74318],[-56.056466,-34.744315],[-56.054675,-34.746684],[-56.05402,-34.746483],[-56.052986,-34.747776],[-56.055676,-34.748971],[-56.056942,-34.748068],[-56.060769,-34.750056],[-56.062685,-34.747529],[-56.063873,-34.74815],[-56.065259,-34.74623]]]]}},{"type":"Feature","properties":{"nombre":"Casupa","departamento":"Florida"},"geometry":{"type":"MultiPolygon","coordinates":[[[[-55.652438,-34.106552],[-55.652467,-34.106467],[-55.653306,-34.10614],[-55.653051,-34.105695],[-55.654703,-34.104821],[-55.655673,-34.104182],[-55.656214,-34.104772],[-55.657593,-34.103834],[-55.659213,-34.105251],[-55.659504,-34.104953],[-55.659827,-34.1035],[-55.662038,-34.103868],[-55.662311,-34.103805],[-55.662917,-34.101842],[-55.656982,-34.100915],[-55.65765,-34.10039],[-55.656972,-34.099785],[-55.660206,-34.097182],[-55.653555,-34.095777],[-55.653325,-34.095995],[-55.653091,-34.097],[-55.652942,-34.096954],[-55.65289,-34.097161],[-55.653042,-34.09721],[-55.652676,-34.098818],[-55.651706,-34.097762],[-55.651145,-34.096906],[-55.650725,-34.096079],[-55.649642,-34.096436],[-55.639492,-34.091032],[-55.635176,-34.097448],[-55.635587,-34.097556],[-55.635866,-34.097768],[-55.635727,-34.097986],[-55.636718,-34.09819],[-55.639873,-34.100221],[-55.640826,-34.100709],[-55.640762,-34.100806],[-55.637856,-34.102073],[-55.637341,-34.103101],[-55.636042,-34.104253],[-55.637403,-34.105331],[-55.638942,-34.10706],[-55.639118,-34.107419],[-55.639803,-34.108164],[-55.642658,-34.104608],[-55.6428,-34.104802],[-55.64454,-34.104362],[-55.645013,-34.105477],[-55.648315,-34.104547],[-55.649132,-34.104175],[-55.651081,-34.105582],[-55.648386,-34.107189],[-55.649197,-34.109478],[-55.649981,-34.11032],[-55.650091,-34.109756],[-55.650025,-34.10969],[-55.650387,-34.108167],[-55.650505,-34.108192],[-55.650931,-34.10628],[-55.652438,-34.106552]]]]}},{"type":"Feature","properties":{"nombre":"Estacion Atlantida","departamento":"Canelones"},"geometry":{"type":"MultiPolygon","coordinates":[[[[-55.766697,-34.74704],[-55.767293,-34.744685],[-55.768157,-34.744006],[-55.766317,-34.743194],[-55.765846,-34.742802],[-55.765526,-34.742399],[-55.767746,-34.742975],[-55.768169,-34.741895],[-55.767391,-34.740791],[-55.768202,-34.740454],[-55.767923,-34.74001],[-55.76935,-34.739312],[-55.766591,-34.737885],[-55.7715,-34.731577],[-55.771276,-34.731482],[-55.768567,-34.731115],[-55.766774,-34.733464],[-55.760885,-34.732614],[-55.760573,-34.734372],[-55.764149,-34.734866],[-55.764172,-34.734722],[-55.765614,-34.734972],[-55.763068,-34.738262],[-55.762216,-34.738993],[-55.760538,-34.738735],[-55.760006,-34.74114],[-55.761641,-34.741355],[-55.761195,-34.743247],[-55.76189,-34.742923],[-55.761983,-34.743063],[-55.760076,-34.744042],[-55.758232,-34.744416],[-55.756596,-34.744438],[-55.753651,-34.743946],[-55.753149,-34.745846],[-55.760262,-34.747093],[-55.759083,-34.751774],[-55.761546,-34.752192],[-55.761862,-34.752212],[-55.762783,-34.748359],[-55.766255,-34.748956],[-55.766697,-34.74704]]]]}},{"type":"Feature","properties":{"nombre":"Piraraja","departamento":"Lavalleja"},"geometry":{"type":"MultiPolygon","coordinates":[[[[-54.767657,-33.742733],[-54.768133,-33.742713],[-54.768096,-33.740558],[-54.767128,-33.740621],[-54.766904,-33.740541],[-54.766837,-33.736978],[-54.778572,-33.736692],[-54.778291,-33.732987],[-54.771531,-33.733284],[-54.77153,-33.733607],[-54.768282,-33.733668],[-54.768259,-33.73323],[-54.765982,-33.733276],[-54.76607,-33.734175],[-54.762679,-33.734265],[-54.762702,-33.734057],[-54.761169,-33.734183],[-54.761229,-33.73512],[-54.761978,-33.735104],[-54.761994,-33.736086],[-54.758221,-33.737095],[-54.757629,-33.736543],[-54.757304,-33.736776],[-54.757118,-33.736675],[-54.756808,-33.737077],[-54.756334,-33.737286],[-54.752978,-33.737309],[-54.75277,-33.737246],[-54.750109,-33.737313],[-54.748485,-33.736125],[-54.748353,-33.737389],[-54.746928,-33.743849],[-54.751529,-33.743792],[-54.751543,-33.744239],[-54.753835,-33.744168],[-54.753895,-33.744082],[-54.754112,-33.744352],[-54.754216,-33.744641],[-54.754209,-33.744057],[-54.754119,-33.743703],[-54.767641,-33.743256],[-54.767657,-33.742733]]]]}},{"type":"Feature","properties":{"nombre":"Beisso","departamento":"Paysandú"},"geometry":{"type":"MultiPolygon","coordinates":[[[[-57.057143,-32.318946],[-57.055992,-32.318403],[-57.056574,-32.31753],[-57.056475,-32.317408],[-57.055578,-32.316948],[-57.056152,-32.316126],[-57.056128,-32.316026],[-57.055694,-32.315795],[-57.058256,-32.312188],[-57.056947,-32.311464],[-57.056948,-32.311272],[-57.057726,-32.310177],[-57.056584,-32.309148],[-57.055062,-32.312723],[-57.054393,-32.312512],[-57.05421,-32.313069],[-57.051667,-32.314677],[-57.051243,-32.314461],[-57.050626,-32.314987],[-57.052976,-32.316491],[-57.048659,-32.322477],[-57.051759,-32.324095],[-57.052635,-32.322881],[-57.053875,-32.323557],[-57.057143,-32.318946]]]]}},{"type":"Feature","properties":{"nombre":"Los Pinos","departamento":"Colonia"},"geometry":{"type":"MultiPolygon","coordinates":[[[[-57.248531,-34.436594],[-57.249885,-34.436613],[-57.251054,-34.436438],[-57.251105,-34.436354],[-57.250508,-34.435875],[-57.250302,-34.435279],[-57.249961,-34.435153],[-57.249638,-34.434323],[-57.24973,-34.4341],[-57.250243,-34.433475],[-57.250686,-34.433221],[-57.250728,-34.43306],[-57.249022,-34.432683],[-57.249159,-34.431979],[-57.249599,-34.430831],[-57.249069,-34.430736],[-57.248748,-34.431647],[-57.248496,-34.431592],[-57.248365,-34.432051],[-57.247004,-34.43177],[-57.247332,-34.430764],[-57.245282,-34.430321],[-57.244979,-34.431334],[-57.242842,-34.430896],[-57.242699,-34.431376],[-57.241137,-34.431065],[-57.241346,-34.430316],[-57.239457,-34.429928],[-57.238681,-34.429907],[-57.238842,-34.431313],[-57.238705,-34.431837],[-57.238532,-34.431942],[-57.238286,-34.431854],[-57.237729,-34.432085],[-57.237472,-34.432387],[-57.237462,-34.432616],[-57.23735,-34.432697],[-57.236423,-34.432818],[-57.235393,-34.43307],[-57.234996,-34.43305],[-57.234719,-34.43285],[-57.234571,-34.432841],[-57.234486,-34.43294],[-57.233941,-34.433149],[-57.233634,-34.433987],[-57.233726,-34.434991],[-57.23352,-34.435722],[-57.233971,-34.436035],[-57.234112,-34.436284],[-57.23405,-34.436414],[-57.234324,-34.436706],[-57.234453,-34.437076],[-57.23462,-34.437209],[-57.234998,-34.437258],[-57.235243,-34.437601],[-57.236791,-34.437357],[-57.237879,-34.437464],[-57.238024,-34.437176],[-57.239289,-34.437006],[-57.240606,-34.437008],[-57.241571,-34.436872],[-57.242768,-34.436919],[-57.244601,-34.43668],[-57.246989,-34.436614],[-57.247731,-34.436517],[-57.248531,-34.436594]]]]}},{"type":"Feature","properties":{"nombre":"El Bosque","departamento":"Canelones"},"geometry":{"type":"MultiPolygon","coordinates":[[[[-55.971298,-34.837867],[-55.969944,-34.839238],[-55.970385,-34.839468],[-55.967416,-34.842418],[-55.966492,-34.841837],[-55.966426,-34.841903],[-55.969155,-34.843648],[-55.972295,-34.840507],[-55.97183,-34.840258],[-55.978703,-34.833386],[-55.976736,-34.832297],[-55.971298,-34.837867]]]]}},{"type":"Feature","properties":{"nombre":"Minas","departamento":"Lavalleja"},"geometry":{"type":"MultiPolygon","coordinates":[[[[-55.262893,-34.384629],[-55.263189,-34.384623],[-55.263673,-34.385184],[-55.26551,-34.386958],[-55.267164,-34.390834],[-55.26935,-34.390191],[-55.281926,-34.389902],[-55.282135,-34.389833],[-55.282704,-34.389945],[-55.283325,-34.379791],[-55.28341,-34.379623],[-55.282454,-34.378491],[-55.281681,-34.377887],[-55.280067,-34.377087],[-55.27921,-34.376482],[-55.278417,-34.375518],[-55.277972,-34.374544],[-55.277843,-34.373358],[-55.277922,-34.372795],[-55.278215,-34.371923],[-55.277717,-34.372439],[-55.277213,-34.372814],[-55.273586,-34.374372],[-55.273254,-34.371366],[-55.266377,-34.372453],[-55.266867,-34.375522],[-55.264111,-34.375967],[-55.26398,-34.375793],[-55.263306,-34.375546],[-55.262902,-34.37508],[-55.262726,-34.374242],[-55.262966,-34.373561],[-55.26289,-34.373444],[-55.2627,-34.373379],[-55.262552,-34.372974],[-55.262243,-34.372861],[-55.262129,-34.372736],[-55.261742,-34.372668],[-55.261338,-34.372701],[-55.260851,-34.372411],[-55.260161,-34.372338],[-55.259075,-34.376745],[-55.257748,-34.377082],[-55.257508,-34.376318],[-55.254915,-34.3771],[-55.254489,-34.376207],[-55.254072,-34.375843],[-55.254048,-34.375634],[-55.253886,-34.375363],[-55.253736,-34.37447],[-55.253514,-34.374124],[-55.253442,-34.373717],[-55.252908,-34.37326],[-55.252625,-34.372797],[-55.252706,-34.372327],[-55.252552,-34.372003],[-55.252665,-34.371886],[-55.253041,-34.37176],[-55.25293,-34.371397],[-55.25269,-34.371232],[-55.252422,-34.371198],[-55.25192,-34.370761],[-55.251683,-34.369641],[-55.251804,-34.369394],[-55.252227,-34.369428],[-55.252399,-34.36935],[-55.252349,-34.368715],[-55.252446,-34.368011],[-55.252602,-34.367389],[-55.253047,-34.366228],[-55.253445,-34.366096],[-55.253937,-34.366259],[-55.254482,-34.366119],[-55.254939,-34.365621],[-55.255301,-34.364729],[-55.255624,-34.364353],[-55.256066,-34.363497],[-55.256942,-34.363183],[-55.258031,-34.36366],[-55.258435,-34.363577],[-55.259125,-34.363081],[-55.259488,-34.363024],[-55.259894,-34.362822],[-55.260242,-34.362367],[-55.260527,-34.361743],[-55.260574,-34.361104],[-55.260505,-34.360919],[-55.260038,-34.36049],[-55.259821,-34.360386],[-55.259148,-34.35971],[-55.259039,-34.359263],[-55.259036,-34.358383],[-55.25875,-34.358054],[-55.257908,-34.35757],[-55.257638,-34.357188],[-55.25792,-34.356334],[-55.25769,-34.355648],[-55.257575,-34.35489],[-55.25737,-34.354639],[-55.256577,-34.354022],[-55.256178,-34.353571],[-55.25606,-34.353317],[-55.256307,-34.352543],[-55.256538,-34.352264],[-55.256698,-34.351806],[-55.257032,-34.351386],[-55.25717,-34.351274],[-55.257515,-34.351233],[-55.257668,-34.351047],[-55.257903,-34.350944],[-55.258744,-34.350861],[-55.259106,-34.350346],[-55.259482,-34.35023],[-55.259823,-34.349906],[-55.260902,-34.348464],[-55.261411,-34.34744],[-55.261391,-34.346742],[-55.261162,-34.346143],[-55.260373,-34.345533],[-55.259996,-34.345511],[-55.259359,-34.345644],[-55.258487,-34.345489],[-55.257918,-34.345178],[-55.257159,-34.345013],[-55.256988,-34.344766],[-55.257001,-34.344516],[-55.245777,-34.344732],[-55.244912,-34.348301],[-55.244604,-34.351282],[-55.240273,-34.351547],[-55.240257,-34.351727],[-55.237588,-34.351687],[-55.23737,-34.349596],[-55.235048,-34.348834],[-55.23496,-34.352279],[-55.232677,-34.349828],[-55.231976,-34.350401],[-55.234642,-34.354907],[-55.226666,-34.356105],[-55.223036,-34.357484],[-55.222805,-34.35692],[-55.220976,-34.357566],[-55.220894,-34.357396],[-55.219399,-34.35761],[-55.219412,-34.357905],[-55.220559,-34.357758],[-55.220607,-34.358582],[-55.221421,-34.358448],[-55.221609,-34.358656],[-55.221056,-34.35901],[-55.221632,-34.359529],[-55.220845,-34.359941],[-55.221463,-34.360711],[-55.217057,-34.363172],[-55.216683,-34.362962],[-55.214992,-34.361653],[-55.208078,-34.35707],[-55.207363,-34.356819],[-55.207007,-34.356487],[-55.206894,-34.356581],[-55.206856,-34.356936],[-55.206529,-34.357666],[-55.20515,-34.360017],[-55.205062,-34.360443],[-55.204987,-34.362529],[-55.205692,-34.364573],[-55.205496,-34.367054],[-55.205544,-34.368247],[-55.205248,-34.368428],[-55.207542,-34.371185],[-55.208015,-34.371942],[-55.208288,-34.372197],[-55.208712,-34.372312],[-55.212714,-34.372468],[-55.213476,-34.372589],[-55.217554,-34.374321],[-55.220612,-34.376483],[-55.221785,-34.377024],[-55.222059,-34.377311],[-55.220602,-34.37822],[-55.219893,-34.379636],[-55.219641,-34.379896],[-55.219225,-34.38015],[-55.215927,-34.381146],[-55.21447,-34.381403],[-55.212262,-34.381508],[-55.213025,-34.38183],[-55.213282,-34.382087],[-55.214227,-34.382435],[-55.214531,-34.382503],[-55.21478,-34.382389],[-55.215042,-34.382429],[-55.215269,-34.382642],[-55.215276,-34.382824],[-55.215473,-34.383018],[-55.215467,-34.383203],[-55.215719,-34.383406],[-55.218386,-34.384324],[-55.218895,-34.384336],[-55.220297,-34.385028],[-55.221035,-34.385154],[-55.221021,-34.385339],[-55.221133,-34.385608],[-55.22102,-34.385922],[-55.221041,-34.386081],[-55.221255,-34.386224],[-55.222074,-34.386289],[-55.222184,-34.386426],[-55.222206,-34.38677],[-55.222968,-34.386676],[-55.224142,-34.386315],[-55.22579,-34.385474],[-55.2266,-34.385197],[-55.226893,-34.385903],[-55.229347,-34.39469],[-55.230181,-34.395506],[-55.229732,-34.395958],[-55.229515,-34.396381],[-55.228943,-34.399021],[-55.229234,-34.399396],[-55.229861,-34.399962],[-55.230076,-34.400106],[-55.230716,-34.400292],[-55.230938,-34.400499],[-55.231049,-34.40049],[-55.232145,-34.404269],[-55.232155,-34.404538],[-55.234593,-34.403116],[-55.235322,-34.401387],[-55.234377,-34.398664],[-55.232721,-34.393038],[-55.234334,-34.391435],[-55.234811,-34.390845],[-55.237049,-34.387259],[-55.237212,-34.386689],[-55.237151,-34.385994],[-55.236894,-34.385475],[-55.234667,-34.3831],[-55.236533,-34.382325],[-55.237698,-34.382],[-55.239663,-34.381802],[-55.240404,-34.38189],[-55.24317,-34.38168],[-55.244224,-34.381483],[-55.245003,-34.381203],[-55.24564,-34.381755],[-55.246855,-34.381652],[-55.247844,-34.380937],[-55.248537,-34.379163],[-55.251235,-34.379951],[-55.249485,-34.385607],[-55.254337,-34.387562],[-55.255273,-34.387043],[-55.255868,-34.387094],[-55.256877,-34.386462],[-55.25711,-34.386016],[-55.256813,-34.385392],[-55.257666,-34.385339],[-55.257592,-34.38515],[-55.26156,-34.384771],[-55.262865,-34.384717],[-55.262893,-34.384629]]],[[[-55.223107,-34.349334],[-55.223601,-34.345157],[-55.2163,-34.346391],[-55.216537,-34.347306],[-55.21814,-34.351528],[-55.219417,-34.351058],[-55.223107,-34.349334]]]]}},{"type":"Feature","properties":{"nombre":"El Galeon","departamento":"Canelones"},"geometry":{"type":"MultiPolygon","coordinates":[[[[-55.490171,-34.797085],[-55.489015,-34.79642],[-55.491864,-34.793021],[-55.492053,-34.792925],[-55.492467,-34.793069],[-55.492317,-34.792485],[-55.490994,-34.783296],[-55.463159,-34.778421],[-55.463147,-34.779183],[-55.464659,-34.779178],[-55.464801,-34.779224],[-55.464847,-34.779334],[-55.463672,-34.78401],[-55.47803,-34.786463],[-55.477673,-34.787945],[-55.478672,-34.78815],[-55.47688,-34.795166],[-55.476961,-34.795603],[-55.476862,-34.796235],[-55.479288,-34.796496],[-55.484262,-34.797424],[-55.485422,-34.797472],[-55.486276,-34.797601],[-55.487101,-34.797875],[-55.487311,-34.797786],[-55.48815,-34.798059],[-55.488639,-34.798067],[-55.490897,-34.798453],[-55.491679,-34.798656],[-55.491995,-34.798653],[-55.492659,-34.798862],[-55.492759,-34.798741],[-55.49309,-34.798867],[-55.49351,-34.798796],[-55.493477,-34.79805],[-55.49247,-34.798008],[-55.491815,-34.797878],[-55.491292,-34.797694],[-55.490171,-34.797085]]]]}},{"type":"Feature","properties":{"nombre":"Lluveras","departamento":"Salto"},"geometry":{"type":"MultiPolygon","coordinates":[[[[-57.065004,-31.105801],[-57.065652,-31.105735],[-57.06464,-31.103186],[-57.065105,-31.103217],[-57.065199,-31.102694],[-57.064686,-31.102597],[-57.064806,-31.102005],[-57.064195,-31.101926],[-57.06421,-31.101794],[-57.063645,-31.101726],[-57.063552,-31.099651],[-57.062848,-31.099604],[-57.062462,-31.101101],[-57.059202,-31.100541],[-57.058874,-31.101575],[-57.058825,-31.10236],[-57.05924,-31.10243],[-57.059398,-31.102131],[-57.061531,-31.102522],[-57.061253,-31.102955],[-57.062396,-31.103294],[-57.062808,-31.103028],[-57.063578,-31.103569],[-57.062938,-31.104385],[-57.063319,-31.104589],[-57.06434,-31.107036],[-57.065366,-31.106752],[-57.065004,-31.105801]]]]}},{"type":"Feature","properties":{"nombre":"Libertad","departamento":"San José"},"geometry":{"type":"MultiPolygon","coordinates":[[[[-56.623385,-34.644169],[-56.624482,-34.643642],[-56.626302,-34.642559],[-56.628019,-34.641142],[-56.629029,-34.640114],[-56.630207,-34.638535],[-56.63501,-34.630512],[-56.637277,-34.631263],[-56.637331,-34.629777],[-56.638175,-34.629778],[-56.638173,-34.630592],[-56.639206,-34.630605],[-56.63926,-34.629929],[-56.640097,-34.629938],[-56.640068,-34.630441],[-56.641049,-34.630456],[-56.641062,-34.628982],[-56.636449,-34.628913],[-56.635625,-34.628681],[-56.636025,-34.628278],[-56.637555,-34.626292],[-56.639132,-34.624645],[-56.640859,-34.623169],[-56.642471,-34.622037],[-56.642361,-34.621619],[-56.642217,-34.621485],[-56.637627,-34.618912],[-56.637436,-34.619092],[-56.637661,-34.619463],[-56.632632,-34.623037],[-56.626347,-34.62658],[-56.624804,-34.624701],[-56.625573,-34.624253],[-56.625146,-34.623723],[-56.626406,-34.623013],[-56.625422,-34.621817],[-56.623355,-34.62295],[-56.622799,-34.622231],[-56.617885,-34.624924],[-56.617163,-34.623689],[-56.615658,-34.624719],[-56.613092,-34.622604],[-56.607148,-34.627454],[-56.608477,-34.628572],[-56.608776,-34.62874],[-56.609241,-34.628825],[-56.609353,-34.628948],[-56.605936,-34.63129],[-56.606018,-34.631453],[-56.608099,-34.633592],[-56.602191,-34.638356],[-56.609884,-34.644876],[-56.596872,-34.654025],[-56.598136,-34.653385],[-56.598305,-34.653566],[-56.600109,-34.652829],[-56.623385,-34.644169]]]]}},{"type":"Feature","properties":{"nombre":"Colinas de Solymar","departamento":"Canelones"},"geometry":{"type":"MultiPolygon","coordinates":[[[[-55.965442,-34.806006],[-55.965182,-34.804368],[-55.963698,-34.802423],[-55.954162,-34.796061],[-55.949747,-34.796944],[-55.949832,-34.797275],[-55.949996,-34.797249],[-55.950207,-34.797796],[-55.95042,-34.797756],[-55.950833,-34.799064],[-55.951418,-34.798937],[-55.951145,-34.800208],[-55.950736,-34.800829],[-55.952779,-34.802198],[-55.952917,-34.802108],[-55.963396,-34.809138],[-55.963638,-34.808925],[-55.965719,-34.807835],[-55.965442,-34.806006]]]]}},{"type":"Feature","properties":{"nombre":"La Juanita","departamento":"Maldonado"},"geometry":{"type":"MultiPolygon","coordinates":[[[[-54.658475,-34.837442],[-54.65984,-34.837572],[-54.660952,-34.837779],[-54.669371,-34.840366],[-54.668886,-34.839823],[-54.668524,-34.839097],[-54.668517,-34.838264],[-54.668955,-34.836257],[-54.669676,-34.835247],[-54.67015,-34.834295],[-54.669217,-34.834319],[-54.66894,-34.834261],[-54.66885,-34.834152],[-54.668806,-34.833724],[-54.66865,-34.833329],[-54.668317,-34.833184],[-54.667375,-34.833134],[-54.66679,-34.833479],[-54.665971,-34.833621],[-54.665905,-34.833619],[-54.665957,-34.833409],[-54.665901,-34.833229],[-54.665745,-34.833143],[-54.665531,-34.833196],[-54.665403,-34.833412],[-54.665281,-34.83345],[-54.664875,-34.833422],[-54.664537,-34.833495],[-54.664324,-34.833431],[-54.663888,-34.833601],[-54.66381,-34.833817],[-54.663614,-34.833951],[-54.663581,-34.834302],[-54.663368,-34.834449],[-54.663085,-34.834161],[-54.662872,-34.833704],[-54.66265,-34.833581],[-54.660986,-34.833416],[-54.660862,-34.833773],[-54.660541,-34.834131],[-54.6604,-34.834048],[-54.657571,-34.830547],[-54.65705,-34.830812],[-54.656457,-34.831269],[-54.656325,-34.831473],[-54.656078,-34.832345],[-54.65075,-34.829505],[-54.650931,-34.828354],[-54.650862,-34.828175],[-54.650453,-34.82848],[-54.650201,-34.828545],[-54.646871,-34.82819],[-54.646453,-34.828319],[-54.646097,-34.828616],[-54.642329,-34.83512],[-54.642335,-34.835319],[-54.642906,-34.835606],[-54.645133,-34.836305],[-54.646958,-34.836686],[-54.658475,-34.837442]]]]}},{"type":"Feature","properties":{"nombre":"Bolivar","departamento":"Canelones"},"geometry":{"type":"MultiPolygon","coordinates":[[[[-55.733418,-34.226266],[-55.733413,-34.225727],[-55.733087,-34.225329],[-55.732653,-34.223743],[-55.731632,-34.222112],[-55.732541,-34.221199],[-55.732431,-34.220808],[-55.732305,-34.220775],[-55.732215,-34.22084],[-55.73178,-34.219233],[-55.731281,-34.21888],[-55.731509,-34.218617],[-55.729789,-34.21739],[-55.729202,-34.21803],[-55.729255,-34.218227],[-55.729127,-34.218488],[-55.728943,-34.21865],[-55.728427,-34.218918],[-55.72776,-34.219579],[-55.727009,-34.220143],[-55.725703,-34.220825],[-55.725786,-34.225914],[-55.72411,-34.225859],[-55.724096,-34.226563],[-55.724488,-34.226554],[-55.724373,-34.227323],[-55.724222,-34.227325],[-55.724158,-34.227847],[-55.725766,-34.227999],[-55.725756,-34.228136],[-55.726143,-34.228166],[-55.725897,-34.226352],[-55.727862,-34.227448],[-55.729328,-34.225836],[-55.730306,-34.226471],[-55.731198,-34.225467],[-55.732298,-34.226195],[-55.732777,-34.226002],[-55.732898,-34.226289],[-55.733418,-34.226266]]]]}},{"type":"Feature","properties":{"nombre":"Santa Lucia del Este","departamento":"Canelones"},"geometry":{"type":"MultiPolygon","coordinates":[[[[-55.541045,-34.79147],[-55.542875,-34.791066],[-55.543486,-34.791082],[-55.543616,-34.790994],[-55.543701,-34.790765],[-55.543887,-34.79064],[-55.544309,-34.790453],[-55.545193,-34.790236],[-55.545985,-34.789671],[-55.547217,-34.789387],[-55.54868,-34.789292],[-55.548706,-34.78803],[-55.5486,-34.787495],[-55.54863,-34.78719],[-55.548519,-34.786933],[-55.548415,-34.78625],[-55.548025,-34.782758],[-55.547882,-34.78186],[-55.547763,-34.781877],[-55.547721,-34.781285],[-55.541693,-34.783042],[-55.524484,-34.786381],[-55.524813,-34.786876],[-55.524828,-34.787095],[-55.524742,-34.787498],[-55.524392,-34.787886],[-55.524295,-34.788797],[-55.524415,-34.789035],[-55.52481,-34.789368],[-55.524838,-34.789657],[-55.524743,-34.79026],[-55.524917,-34.790466],[-55.525849,-34.791038],[-55.526103,-34.791396],[-55.526146,-34.791918],[-55.525904,-34.792975],[-55.52601,-34.793214],[-55.526188,-34.793285],[-55.526411,-34.793213],[-55.526759,-34.792828],[-55.527005,-34.792683],[-55.52759,-34.792704],[-55.52779,-34.79281],[-55.527902,-34.793115],[-55.528248,-34.793545],[-55.528425,-34.793898],[-55.528285,-34.794652],[-55.527644,-34.795623],[-55.527862,-34.795896],[-55.528358,-34.796138],[-55.528438,-34.796593],[-55.528605,-34.796821],[-55.528813,-34.796562],[-55.529125,-34.796441],[-55.530297,-34.796223],[-55.531522,-34.796311],[-55.533429,-34.796794],[-55.534204,-34.796597],[-55.53447,-34.796449],[-55.534592,-34.796277],[-55.534379,-34.795757],[-55.534648,-34.795218],[-55.535694,-34.794006],[-55.536405,-34.793343],[-55.537143,-34.792822],[-55.538152,-34.792354],[-55.540235,-34.791603],[-55.541045,-34.79147]]]]}},{"type":"Feature","properties":{"nombre":"Rodriguez","departamento":"San José"},"geometry":{"type":"MultiPolygon","coordinates":[[[[-56.547382,-34.380958],[-56.547264,-34.380759],[-56.547103,-34.38083],[-56.547057,-34.380651],[-56.546608,-34.379994],[-56.547525,-34.379594],[-56.547038,-34.378868],[-56.548671,-34.37813],[-56.547613,-34.376439],[-56.541807,-34.378919],[-56.541624,-34.378665],[-56.541579,-34.37817],[-56.542715,-34.369462],[-56.542666,-34.369372],[-56.542571,-34.369376],[-56.538525,-34.370428],[-56.538173,-34.370455],[-56.53858,-34.371609],[-56.535792,-34.372331],[-56.536322,-34.374188],[-56.533643,-34.374838],[-56.534326,-34.376811],[-56.535215,-34.376413],[-56.535128,-34.378566],[-56.533529,-34.379313],[-56.534957,-34.38176],[-56.527753,-34.384857],[-56.529828,-34.388144],[-56.530478,-34.387883],[-56.530616,-34.388149],[-56.531775,-34.387615],[-56.531949,-34.387789],[-56.532667,-34.38749],[-56.534376,-34.387654],[-56.534674,-34.387424],[-56.534892,-34.38741],[-56.535073,-34.387282],[-56.535423,-34.387361],[-56.535913,-34.387694],[-56.536193,-34.387727],[-56.536515,-34.388242],[-56.53672,-34.388287],[-56.536929,-34.388205],[-56.537133,-34.387941],[-56.537089,-34.38778],[-56.537177,-34.387391],[-56.537361,-34.387039],[-56.538963,-34.385987],[-56.541773,-34.384767],[-56.541138,-34.38379],[-56.543062,-34.382949],[-56.543304,-34.383342],[-56.545528,-34.382372],[-56.546523,-34.381903],[-56.546255,-34.381504],[-56.547382,-34.380958]]]]}},{"type":"Feature","properties":{"nombre":"Acegua","departamento":"Cerro Largo"},"geometry":{"type":"MultiPolygon","coordinates":[[[[-54.164722,-31.877728],[-54.16478,-31.876663],[-54.16636,-31.87651],[-54.165716,-31.875245],[-54.16598,-31.875155],[-54.165214,-31.873646],[-54.168636,-31.873129],[-54.16842,-31.871948],[-54.168731,-31.871696],[-54.168894,-31.871656],[-54.16946,-31.871767],[-54.170313,-31.871628],[-54.169755,-31.869479],[-54.169142,-31.86949],[-54.168841,-31.868718],[-54.168433,-31.868892],[-54.168215,-31.869508],[-54.166665,-31.86779],[-54.169202,-31.865931],[-54.169578,-31.86544],[-54.169878,-31.864836],[-54.168428,-31.865678],[-54.167301,-31.866147],[-54.167059,-31.866715],[-54.165034,-31.868627],[-54.163745,-31.86971],[-54.160919,-31.87195],[-54.160874,-31.8719],[-54.159389,-31.872954],[-54.158131,-31.873562],[-54.157106,-31.874331],[-54.157271,-31.875005],[-54.156829,-31.875266],[-54.156976,-31.876673],[-54.157422,-31.876652],[-54.157575,-31.878334],[-54.157554,-31.87913],[-54.158529,-31.879473],[-54.158478,-31.879041],[-54.162741,-31.878768],[-54.164185,-31.878415],[-54.164487,-31.878415],[-54.164722,-31.877728]]],[[[-54.173886,-31.86329],[-54.176079,-31.862729],[-54.177237,-31.862148],[-54.177175,-31.861978],[-54.177762,-31.861676],[-54.180094,-31.860171],[-54.180525,-31.860081],[-54.181371,-31.860306],[-54.181894,-31.860333],[-54.182828,-31.860122],[-54.183438,-31.859813],[-54.183568,-31.859264],[-54.183603,-31.858644],[-54.182489,-31.856147],[-54.182556,-31.85567],[-54.178884,-31.85831],[-54.173969,-31.86213],[-54.17378,-31.862314],[-54.173536,-31.862752],[-54.173687,-31.862736],[-54.173886,-31.86329]]]]}},{"type":"Feature","properties":{"nombre":"Tupambae","departamento":"Cerro Largo"},"geometry":{"type":"MultiPolygon","coordinates":[[[[-54.766222,-32.841114],[-54.765977,-32.841077],[-54.766433,-32.840518],[-54.765925,-32.840163],[-54.766068,-32.839857],[-54.765727,-32.839709],[-54.769608,-32.835694],[-54.772163,-32.837456],[-54.772403,-32.8372],[-54.772461,-32.837241],[-54.773472,-32.836202],[-54.772665,-32.835676],[-54.772715,-32.835621],[-54.771595,-32.834815],[-54.771522,-32.834852],[-54.768128,-32.83227],[-54.765913,-32.834572],[-54.763838,-32.833116],[-54.764056,-32.832869],[-54.76376,-32.832666],[-54.763498,-32.832898],[-54.762289,-32.832039],[-54.760945,-32.831654],[-54.760172,-32.828835],[-54.759032,-32.826782],[-54.755003,-32.830847],[-54.750913,-32.834712],[-54.752959,-32.836118],[-54.758859,-32.837801],[-54.759224,-32.837832],[-54.759022,-32.838155],[-54.760502,-32.838615],[-54.761682,-32.839183],[-54.765783,-32.841899],[-54.766222,-32.841114]]]]}},{"type":"Feature","properties":{"nombre":"Isidoro Noblia","departamento":"Cerro Largo"},"geometry":{"type":"MultiPolygon","coordinates":[[[[-54.130965,-31.969423],[-54.135856,-31.969563],[-54.13286,-31.966055],[-54.129471,-31.961892],[-54.129329,-31.961866],[-54.129271,-31.961698],[-54.127549,-31.959564],[-54.126126,-31.957641],[-54.126102,-31.957571],[-54.128755,-31.9571],[-54.128775,-31.956969],[-54.12804,-31.955232],[-54.124788,-31.956267],[-54.124381,-31.956477],[-54.123648,-31.95627],[-54.124019,-31.953743],[-54.123028,-31.953725],[-54.122503,-31.957319],[-54.12229,-31.957493],[-54.121621,-31.957564],[-54.120824,-31.959436],[-54.119718,-31.96132],[-54.11903,-31.962662],[-54.115404,-31.962504],[-54.114631,-31.963775],[-54.114675,-31.963874],[-54.114273,-31.96464],[-54.115891,-31.965328],[-54.115943,-31.965489],[-54.116941,-31.965931],[-54.116805,-31.966164],[-54.117647,-31.966489],[-54.117992,-31.966443],[-54.118072,-31.966536],[-54.120078,-31.966479],[-54.120099,-31.966371],[-54.125646,-31.966269],[-54.126285,-31.969255],[-54.130965,-31.969423]]]]}},{"type":"Feature","properties":{"nombre":"Boca del Cufre","departamento":"San José"},"geometry":{"type":"MultiPolygon","coordinates":[[[[-57.151903,-34.446631],[-57.152083,-34.446513],[-57.15105,-34.445222],[-57.150769,-34.444769],[-57.150622,-34.44418],[-57.150516,-34.442946],[-57.150674,-34.441765],[-57.150534,-34.440236],[-57.150135,-34.439425],[-57.149764,-34.439062],[-57.149454,-34.438892],[-57.149138,-34.438792],[-57.148553,-34.438797],[-57.144538,-34.439714],[-57.143922,-34.439511],[-57.143385,-34.440977],[-57.141238,-34.441232],[-57.142575,-34.442158],[-57.144726,-34.443286],[-57.144267,-34.443973],[-57.145521,-34.444823],[-57.144809,-34.445424],[-57.144716,-34.445721],[-57.145186,-34.446083],[-57.145077,-34.446363],[-57.145307,-34.448156],[-57.147221,-34.448216],[-57.150249,-34.448555],[-57.151258,-34.448923],[-57.15222,-34.448998],[-57.152828,-34.449167],[-57.151903,-34.446631]]]]}},{"type":"Feature","properties":{"nombre":"Juan Soler","departamento":"San José"},"geometry":{"type":"MultiPolygon","coordinates":[[[[-56.805107,-34.325863],[-56.805473,-34.325015],[-56.806188,-34.325226],[-56.807021,-34.323227],[-56.808399,-34.321838],[-56.80838,-34.321627],[-56.807889,-34.321094],[-56.807888,-34.320997],[-56.809296,-34.320183],[-56.810379,-34.319949],[-56.810527,-34.319843],[-56.81053,-34.319667],[-56.810425,-34.319539],[-56.81043,-34.319073],[-56.811769,-34.316917],[-56.810287,-34.315891],[-56.807714,-34.318949],[-56.808448,-34.319352],[-56.808185,-34.319533],[-56.806018,-34.320463],[-56.805371,-34.319761],[-56.804508,-34.320334],[-56.805153,-34.321031],[-56.805096,-34.32109],[-56.802745,-34.322619],[-56.800678,-34.323809],[-56.800802,-34.323935],[-56.799958,-34.324409],[-56.79933,-34.324045],[-56.798824,-34.32467],[-56.799275,-34.325001],[-56.799266,-34.325544],[-56.799452,-34.325932],[-56.797217,-34.326954],[-56.79418,-34.32812],[-56.794239,-34.328873],[-56.796342,-34.328787],[-56.799141,-34.32902],[-56.799842,-34.328999],[-56.801028,-34.328815],[-56.8023,-34.32836],[-56.803817,-34.327409],[-56.804435,-34.326762],[-56.805107,-34.325863]]]]}},{"type":"Feature","properties":{"nombre":"Las Toscas","departamento":"Canelones"},"geometry":{"type":"MultiPolygon","coordinates":[[[[-55.747571,-34.769867],[-55.750307,-34.764968],[-55.749592,-34.764784],[-55.749669,-34.764653],[-55.750896,-34.764903],[-55.754348,-34.765386],[-55.754384,-34.765214],[-55.750933,-34.764732],[-55.749761,-34.764495],[-55.749824,-34.764375],[-55.750642,-34.764531],[-55.751395,-34.763202],[-55.750717,-34.762921],[-55.75222,-34.760439],[-55.75217,-34.760386],[-55.745449,-34.757637],[-55.743288,-34.75668],[-55.734911,-34.756701],[-55.734818,-34.756722],[-55.733856,-34.757861],[-55.733692,-34.758305],[-55.736184,-34.759194],[-55.730409,-34.768887],[-55.72827,-34.772301],[-55.737371,-34.775781],[-55.740763,-34.776905],[-55.743038,-34.777763],[-55.747571,-34.769867]]]]}},{"type":"Feature","properties":{"nombre":"Piedras de Afilar","departamento":"Canelones"},"geometry":{"type":"MultiPolygon","coordinates":[[[[-55.595835,-34.674993],[-55.596104,-34.674844],[-55.596389,-34.674333],[-55.596679,-34.674159],[-55.596582,-34.673616],[-55.596839,-34.67331],[-55.596982,-34.672823],[-55.597382,-34.67291],[-55.598022,-34.672489],[-55.598541,-34.672431],[-55.598688,-34.673004],[-55.601121,-34.672628],[-55.598414,-34.665254],[-55.600214,-34.664874],[-55.600195,-34.664584],[-55.601705,-34.664457],[-55.602752,-34.664461],[-55.605965,-34.663956],[-55.606863,-34.663723],[-55.607013,-34.663622],[-55.607037,-34.663495],[-55.598901,-34.662961],[-55.598819,-34.662741],[-55.597341,-34.663344],[-55.596752,-34.663714],[-55.594296,-34.665974],[-55.593229,-34.665567],[-55.593022,-34.665739],[-55.593278,-34.666917],[-55.590521,-34.669475],[-55.591042,-34.669618],[-55.591664,-34.669592],[-55.592338,-34.669832],[-55.592623,-34.669653],[-55.59301,-34.669976],[-55.593283,-34.670359],[-55.594191,-34.67039],[-55.595342,-34.675411],[-55.595835,-34.674993]]]]}},{"type":"Feature","properties":{"nombre":"Ñangapire","departamento":"Cerro Largo"},"geometry":{"type":"MultiPolygon","coordinates":[[[[-54.132514,-32.519646],[-54.133052,-32.519559],[-54.134688,-32.519018],[-54.135466,-32.518728],[-54.135601,-32.518591],[-54.135395,-32.518237],[-54.134498,-32.517146],[-54.13384,-32.516075],[-54.13294,-32.515385],[-54.132937,-32.515075],[-54.13346,-32.514187],[-54.133627,-32.513667],[-54.133705,-32.51217],[-54.133614,-32.511879],[-54.132684,-32.511947],[-54.131862,-32.511847],[-54.130546,-32.512108],[-54.130352,-32.512216],[-54.129869,-32.512884],[-54.1296,-32.512846],[-54.126995,-32.511746],[-54.126019,-32.512929],[-54.125457,-32.513332],[-54.127324,-32.515024],[-54.127991,-32.515956],[-54.129466,-32.51825],[-54.129987,-32.520134],[-54.131693,-32.519777],[-54.131793,-32.520151],[-54.132601,-32.520025],[-54.132514,-32.519646]]]]}},{"type":"Feature","properties":{"nombre":"Barros Blancos","departamento":"Canelones"},"geometry":{"type":"MultiPolygon","coordinates":[[[[-56.029432,-34.778129],[-56.029223,-34.777482],[-56.029319,-34.777131],[-56.029531,-34.777064],[-56.030256,-34.777182],[-56.030817,-34.777084],[-56.031191,-34.776698],[-56.031146,-34.776518],[-56.030695,-34.77633],[-56.030547,-34.776175],[-56.030687,-34.775613],[-56.030891,-34.775366],[-56.031634,-34.774724],[-56.032288,-34.774739],[-56.032802,-34.774627],[-56.033048,-34.774487],[-56.033196,-34.774293],[-56.033466,-34.773509],[-56.03388,-34.772878],[-56.033753,-34.77179],[-56.033889,-34.771594],[-56.034143,-34.770758],[-56.034264,-34.770604],[-56.034266,-34.770358],[-56.034444,-34.770053],[-56.034586,-34.769488],[-56.035122,-34.768806],[-56.035638,-34.768344],[-56.036355,-34.768305],[-56.036868,-34.76787],[-56.037035,-34.767582],[-56.037106,-34.766956],[-56.036995,-34.766331],[-56.037067,-34.766091],[-56.037023,-34.765923],[-56.037141,-34.765782],[-56.036971,-34.765612],[-56.036452,-34.765545],[-56.036129,-34.765687],[-56.03592,-34.765685],[-56.032342,-34.765508],[-56.032365,-34.763329],[-56.031344,-34.763429],[-56.030429,-34.7572],[-56.018314,-34.758922],[-56.020004,-34.750681],[-56.020224,-34.750223],[-56.020936,-34.749286],[-56.017431,-34.748889],[-56.017431,-34.748734],[-56.012882,-34.748132],[-56.0016,-34.746797],[-56.00246,-34.743129],[-56.002357,-34.743118],[-56.002556,-34.742068],[-56.001261,-34.741883],[-56.002023,-34.739042],[-56.002018,-34.738713],[-56.001283,-34.738278],[-56.001237,-34.738569],[-56.000926,-34.738929],[-56.000833,-34.739204],[-56.000535,-34.739175],[-56.000138,-34.739009],[-55.999733,-34.739064],[-55.999575,-34.739209],[-55.99896,-34.739261],[-55.998462,-34.738926],[-55.997362,-34.738816],[-55.99667,-34.738542],[-55.99611,-34.73855],[-55.994613,-34.738001],[-55.993776,-34.738278],[-55.993294,-34.738306],[-55.993006,-34.738474],[-55.992547,-34.738571],[-55.991598,-34.738541],[-55.990937,-34.737816],[-55.990886,-34.737652],[-55.989384,-34.736619],[-55.989219,-34.736177],[-55.989268,-34.736051],[-55.988614,-34.735258],[-55.988448,-34.73488],[-55.9879,-34.734447],[-55.987253,-34.733499],[-55.986926,-34.733311],[-55.986525,-34.733384],[-55.986362,-34.733572],[-55.985398,-34.735518],[-55.984675,-34.735002],[-55.980678,-34.731999],[-55.980579,-34.731799],[-55.980752,-34.731066],[-55.981274,-34.730851],[-55.981568,-34.73045],[-55.982327,-34.729843],[-55.98283,-34.729608],[-55.983899,-34.729548],[-55.984943,-34.723972],[-55.978614,-34.724732],[-55.976794,-34.724828],[-55.976457,-34.725067],[-55.975538,-34.725243],[-55.975305,-34.725215],[-55.975261,-34.72504],[-55.975168,-34.725036],[-55.974441,-34.72517],[-55.974125,-34.725315],[-55.973629,-34.725189],[-55.973264,-34.724988],[-55.972881,-34.724051],[-55.972618,-34.723844],[-55.972223,-34.723708],[-55.972068,-34.723765],[-55.971962,-34.724087],[-55.97195,-34.72457],[-55.972123,-34.725021],[-55.972059,-34.725381],[-55.971534,-34.725851],[-55.970908,-34.726828],[-55.970049,-34.727594],[-55.968432,-34.726408],[-55.967344,-34.726212],[-55.96637,-34.725848],[-55.965805,-34.72593],[-55.96552,-34.726155],[-55.964974,-34.726813],[-55.965277,-34.727061],[-55.965284,-34.727214],[-55.964487,-34.726834],[-55.96443,-34.726923],[-55.965224,-34.727317],[-55.964983,-34.72791],[-55.964541,-34.728494],[-55.964335,-34.729169],[-55.964116,-34.729563],[-55.963404,-34.729905],[-55.963022,-34.729946],[-55.96272,-34.729889],[-55.961949,-34.729534],[-55.961415,-34.729596],[-55.960617,-34.72985],[-55.96045,-34.730036],[-55.960537,-34.730303],[-55.960416,-34.730484],[-55.959118,-34.731973],[-55.959045,-34.732143],[-55.959089,-34.732335],[-55.958965,-34.732542],[-55.959349,-34.733273],[-55.959315,-34.733601],[-55.959186,-34.733812],[-55.958165,-34.734529],[-55.957603,-34.734826],[-55.9563,-34.735922],[-55.956044,-34.73602],[-55.955077,-34.736016],[-55.954103,-34.736584],[-55.953472,-34.737223],[-55.953322,-34.737623],[-55.953322,-34.737953],[-55.953618,-34.738146],[-55.95441,-34.738258],[-55.954842,-34.738811],[-55.954889,-34.739025],[-55.95478,-34.739453],[-55.954829,-34.739541],[-55.955128,-34.73966],[-55.956949,-34.739851],[-55.957218,-34.739774],[-55.957585,-34.739307],[-55.957903,-34.739152],[-55.958112,-34.739109],[-55.959062,-34.739307],[-55.95926,-34.739413],[-55.959359,-34.739823],[-55.959613,-34.740374],[-55.959712,-34.740416],[-55.960503,-34.740529],[-55.960687,-34.740657],[-55.961542,-34.740643],[-55.961852,-34.740826],[-55.962071,-34.740847],[-55.963113,-34.740688],[-55.963622,-34.741132],[-55.964558,-34.741018],[-55.964859,-34.741253],[-55.965096,-34.741244],[-55.966108,-34.742031],[-55.966086,-34.742295],[-55.966247,-34.742762],[-55.966692,-34.743299],[-55.966395,-34.743574],[-55.966438,-34.743716],[-55.966583,-34.743764],[-55.966651,-34.744192],[-55.967747,-34.744764],[-55.968287,-34.745396],[-55.968699,-34.745576],[-55.968608,-34.746868],[-55.968412,-34.747543],[-55.967355,-34.749959],[-55.967178,-34.750019],[-55.966313,-34.751983],[-55.968134,-34.753132],[-55.97843,-34.759007],[-55.981089,-34.767715],[-55.984449,-34.766998],[-55.986446,-34.773415],[-55.983659,-34.774005],[-55.984845,-34.778537],[-55.990623,-34.777488],[-55.989794,-34.776837],[-55.990165,-34.7757],[-55.991046,-34.775525],[-55.990279,-34.772632],[-56.000535,-34.77056],[-56.002817,-34.778227],[-56.001458,-34.778508],[-56.002223,-34.781008],[-56.0035,-34.78074],[-56.00311,-34.779554],[-56.006085,-34.778956],[-56.006156,-34.779132],[-56.006519,-34.779047],[-56.006464,-34.778879],[-56.008476,-34.778473],[-56.009149,-34.780876],[-56.018506,-34.779191],[-56.018922,-34.780373],[-56.029498,-34.778304],[-56.029432,-34.778129]]],[[[-55.982773,-34.784753],[-55.982218,-34.784732],[-55.983059,-34.787751],[-55.982987,-34.787757],[-55.983348,-34.789003],[-55.983354,-34.78927],[-55.983504,-34.789429],[-55.983709,-34.790011],[-55.988042,-34.789211],[-55.986793,-34.784965],[-55.986225,-34.785082],[-55.984078,-34.785148],[-55.982773,-34.784753]]]]}},{"type":"Feature","properties":{"nombre":"Fraile Muerto","departamento":"Cerro Largo"},"geometry":{"type":"MultiPolygon","coordinates":[[[[-54.541276,-32.519902],[-54.543199,-32.519834],[-54.544009,-32.51997],[-54.544742,-32.520211],[-54.545052,-32.51988],[-54.545352,-32.519016],[-54.544545,-32.518651],[-54.542238,-32.518316],[-54.543729,-32.517525],[-54.541447,-32.516386],[-54.539182,-32.515518],[-54.538759,-32.515337],[-54.538778,-32.515274],[-54.536919,-32.514493],[-54.536589,-32.514704],[-54.5361,-32.514786],[-54.535616,-32.515039],[-54.534572,-32.516048],[-54.534037,-32.516045],[-54.532331,-32.514868],[-54.53178,-32.514398],[-54.531303,-32.513688],[-54.529527,-32.510557],[-54.528985,-32.509983],[-54.528057,-32.509385],[-54.527511,-32.509185],[-54.522149,-32.508095],[-54.522475,-32.507236],[-54.520786,-32.506957],[-54.52099,-32.506382],[-54.520573,-32.506141],[-54.519741,-32.50651],[-54.5194,-32.506416],[-54.519772,-32.505726],[-54.51945,-32.505532],[-54.519462,-32.505405],[-54.518715,-32.504931],[-54.518791,-32.504841],[-54.517315,-32.503922],[-54.516636,-32.506015],[-54.515439,-32.505248],[-54.514746,-32.506544],[-54.511204,-32.50488],[-54.511163,-32.504973],[-54.511259,-32.505333],[-54.510989,-32.50578],[-54.510072,-32.506218],[-54.511206,-32.506832],[-54.51037,-32.507554],[-54.511223,-32.508313],[-54.511853,-32.507676],[-54.512177,-32.507435],[-54.512274,-32.507467],[-54.512985,-32.508287],[-54.512675,-32.508519],[-54.512615,-32.508747],[-54.513998,-32.510554],[-54.515671,-32.512002],[-54.517842,-32.513642],[-54.517949,-32.51394],[-54.518357,-32.514127],[-54.519489,-32.515204],[-54.519238,-32.515582],[-54.51941,-32.515811],[-54.520647,-32.516546],[-54.522461,-32.517444],[-54.523275,-32.51803],[-54.523437,-32.518042],[-54.52377,-32.517708],[-54.525332,-32.518608],[-54.530734,-32.521352],[-54.53153,-32.521631],[-54.532275,-32.52177],[-54.532847,-32.521835],[-54.533875,-32.521809],[-54.535047,-32.521573],[-54.541276,-32.519902]]]]}},{"type":"Feature","properties":{"nombre":"Tropezon","departamento":"San José"},"geometry":{"type":"MultiPolygon","coordinates":[[[[-56.548131,-34.395556],[-56.547937,-34.395773],[-56.546578,-34.396734],[-56.547159,-34.397312],[-56.547778,-34.396977],[-56.547556,-34.396681],[-56.548755,-34.395958],[-56.54906,-34.396557],[-56.549868,-34.396161],[-56.549583,-34.39579],[-56.552309,-34.393925],[-56.551563,-34.393208],[-56.548844,-34.395105],[-56.548621,-34.395236],[-56.548251,-34.395295],[-56.548131,-34.395556]]]]}},{"type":"Feature","properties":{"nombre":"Franquia","departamento":"Artigas"},"geometry":{"type":"MultiPolygon","coordinates":[[[[-57.603454,-30.245514],[-57.605358,-30.245885],[-57.606124,-30.245754],[-57.606655,-30.245828],[-57.607222,-30.246079],[-57.608004,-30.246212],[-57.60822,-30.246502],[-57.607823,-30.246683],[-57.607646,-30.246904],[-57.608055,-30.247034],[-57.607998,-30.247237],[-57.608084,-30.247394],[-57.608644,-30.247456],[-57.60866,-30.247686],[-57.609001,-30.247981],[-57.609645,-30.245892],[-57.610004,-30.245222],[-57.610187,-30.244581],[-57.610862,-30.243365],[-57.611002,-30.24283],[-57.611827,-30.241097],[-57.61172,-30.240337],[-57.611754,-30.239803],[-57.611911,-30.239183],[-57.61208,-30.238901],[-57.612304,-30.238182],[-57.613086,-30.236593],[-57.61488,-30.233807],[-57.615168,-30.233173],[-57.615229,-30.232796],[-57.616921,-30.230249],[-57.618491,-30.228123],[-57.619258,-30.226787],[-57.620168,-30.225887],[-57.621322,-30.223751],[-57.622179,-30.222977],[-57.622304,-30.222642],[-57.622686,-30.222259],[-57.623576,-30.220907],[-57.625689,-30.218598],[-57.62659,-30.217476],[-57.627579,-30.216046],[-57.629326,-30.213919],[-57.633169,-30.210711],[-57.636326,-30.208255],[-57.637314,-30.207583],[-57.637797,-30.207072],[-57.638167,-30.206869],[-57.638527,-30.206424],[-57.641891,-30.203821],[-57.642906,-30.202898],[-57.643035,-30.202599],[-57.643448,-30.202321],[-57.643557,-30.202024],[-57.643872,-30.201734],[-57.643946,-30.201375],[-57.644856,-30.199367],[-57.645052,-30.19817],[-57.644985,-30.197426],[-57.64474,-30.19627],[-57.644487,-30.195608],[-57.644251,-30.195391],[-57.644285,-30.193426],[-57.639721,-30.190248],[-57.637368,-30.188979],[-57.635061,-30.188097],[-57.633402,-30.187604],[-57.631227,-30.187178],[-57.62912,-30.186931],[-57.626205,-30.186774],[-57.623509,-30.186974],[-57.620914,-30.187492],[-57.617955,-30.188613],[-57.615758,-30.189117],[-57.615959,-30.190141],[-57.615782,-30.190109],[-57.615677,-30.190218],[-57.615686,-30.190054],[-57.615602,-30.190011],[-57.614519,-30.190304],[-57.614222,-30.190279],[-57.614219,-30.190162],[-57.61414,-30.190147],[-57.614043,-30.190243],[-57.613931,-30.1902],[-57.613727,-30.190283],[-57.613571,-30.190179],[-57.612464,-30.190158],[-57.611678,-30.189949],[-57.610793,-30.189864],[-57.610692,-30.189862],[-57.610502,-30.19012],[-57.610375,-30.190035],[-57.609644,-30.190041],[-57.609359,-30.19014],[-57.609212,-30.190369],[-57.609038,-30.19029],[-57.608416,-30.190646],[-57.608369,-30.190937],[-57.607844,-30.191129],[-57.60758,-30.191338],[-57.607365,-30.191275],[-57.607214,-30.191354],[-57.607047,-30.191611],[-57.606695,-30.191864],[-57.606864,-30.192118],[-57.606794,-30.192267],[-57.60666,-30.192316],[-57.606548,-30.192195],[-57.606306,-30.192231],[-57.606235,-30.192416],[-57.605736,-30.192695],[-57.605594,-30.192868],[-57.604958,-30.193067],[-57.604882,-30.19331],[-57.604746,-30.193454],[-57.604389,-30.193604],[-57.603749,-30.194156],[-57.60302,-30.194413],[-57.602861,-30.194547],[-57.602792,-30.194915],[-57.600236,-30.196214],[-57.5984,-30.198142],[-57.597836,-30.198294],[-57.595265,-30.198195],[-57.594335,-30.198539],[-57.591042,-30.200071],[-57.582972,-30.203195],[-57.567929,-30.209283],[-57.56768,-30.209462],[-57.566095,-30.210084],[-57.563424,-30.211427],[-57.562345,-30.21203],[-57.561294,-30.21284],[-57.561033,-30.213183],[-57.563621,-30.215494],[-57.564091,-30.216083],[-57.566503,-30.220315],[-57.566901,-30.220891],[-57.56963,-30.22457],[-57.572756,-30.229324],[-57.581242,-30.240873],[-57.581423,-30.240767],[-57.581532,-30.240276],[-57.603454,-30.245514]]]]}},{"type":"Feature","properties":{"nombre":"Ecilda Paullier","departamento":"San José"},"geometry":{"type":"MultiPolygon","coordinates":[[[[-57.066533,-34.362508],[-57.068489,-34.361499],[-57.07032,-34.360821],[-57.07005,-34.360795],[-57.069705,-34.360456],[-57.069467,-34.360421],[-57.064525,-34.361039],[-57.061027,-34.358281],[-57.057844,-34.360279],[-57.057349,-34.359834],[-57.056742,-34.360314],[-57.054184,-34.358423],[-57.054399,-34.358231],[-57.053582,-34.357646],[-57.053355,-34.357816],[-57.050174,-34.355469],[-57.059202,-34.346999],[-57.058947,-34.346963],[-57.057937,-34.34652],[-57.057952,-34.346466],[-57.0549,-34.345165],[-57.044111,-34.355261],[-57.042404,-34.353974],[-57.040854,-34.3555],[-57.040653,-34.35542],[-57.039564,-34.356793],[-57.040474,-34.357246],[-57.040735,-34.356946],[-57.041331,-34.357191],[-57.040955,-34.357682],[-57.04174,-34.357987],[-57.039246,-34.361118],[-57.039479,-34.361246],[-57.039614,-34.361154],[-57.041032,-34.361736],[-57.042028,-34.360503],[-57.043872,-34.362448],[-57.04358,-34.362812],[-57.043559,-34.363236],[-57.04372,-34.363432],[-57.044657,-34.363954],[-57.047036,-34.361027],[-57.04832,-34.36173],[-57.046443,-34.364055],[-57.047729,-34.364736],[-57.048265,-34.364092],[-57.05121,-34.365838],[-57.052122,-34.366277],[-57.049386,-34.367995],[-57.046134,-34.366616],[-57.042542,-34.371125],[-57.043213,-34.371874],[-57.037098,-34.375718],[-57.036968,-34.375938],[-57.037016,-34.376432],[-57.036694,-34.376667],[-57.046786,-34.373614],[-57.048868,-34.37277],[-57.049699,-34.372349],[-57.066533,-34.362508]]]]}},{"type":"Feature","properties":{"nombre":"Fracc. Sobre Ruta 74","departamento":"Canelones"},"geometry":{"type":"MultiPolygon","coordinates":[[[[-56.052554,-34.72172],[-56.052858,-34.721899],[-56.052768,-34.72258],[-56.052803,-34.722922],[-56.052624,-34.723239],[-56.052372,-34.723415],[-56.0534,-34.723434],[-56.053667,-34.72324],[-56.0538,-34.723018],[-56.053777,-34.721844],[-56.05443,-34.721084],[-56.054843,-34.719996],[-56.056872,-34.713623],[-56.054287,-34.712794],[-56.048817,-34.710785],[-56.048456,-34.711046],[-56.048111,-34.710828],[-56.048006,-34.710965],[-56.048845,-34.713114],[-56.050226,-34.716012],[-56.049688,-34.716206],[-56.049729,-34.716307],[-56.049884,-34.71658],[-56.050562,-34.717212],[-56.05088,-34.71777],[-56.051232,-34.718821],[-56.05156,-34.719242],[-56.052011,-34.720136],[-56.052225,-34.721361],[-56.052315,-34.721559],[-56.052554,-34.72172]]],[[[-56.046897,-34.721407],[-56.047747,-34.721048],[-56.046683,-34.719431],[-56.047323,-34.718802],[-56.047705,-34.718585],[-56.046741,-34.71733],[-56.046241,-34.71744],[-56.044503,-34.718104],[-56.044063,-34.718399],[-56.04357,-34.718898],[-56.045042,-34.720573],[-56.045137,-34.720578],[-56.04617,-34.721716],[-56.046897,-34.721407]]],[[[-56.021581,-34.739125],[-56.027698,-34.739895],[-56.029092,-34.737755],[-56.025779,-34.737467],[-56.025681,-34.738023],[-56.021838,-34.737576],[-56.021581,-34.739125]]]]}},{"type":"Feature","properties":{"nombre":"Sequeira","departamento":"Artigas"},"geometry":{"type":"MultiPolygon","coordinates":[[[[-56.885772,-31.004962],[-56.89504,-31.002243],[-56.893838,-31.001289],[-56.893716,-31.001122],[-56.893784,-31.000732],[-56.893684,-31.000609],[-56.893314,-31.000289],[-56.892746,-31.000023],[-56.892575,-30.999846],[-56.892498,-30.999547],[-56.892851,-30.998174],[-56.892799,-30.997907],[-56.892391,-30.997109],[-56.891881,-30.995781],[-56.891664,-30.995508],[-56.891273,-30.995414],[-56.890509,-30.994911],[-56.890297,-30.994603],[-56.890293,-30.994231],[-56.891153,-30.991987],[-56.890968,-30.991602],[-56.891066,-30.990783],[-56.890749,-30.990469],[-56.889658,-30.990186],[-56.888372,-30.990249],[-56.88733,-30.98994],[-56.886584,-30.989908],[-56.886451,-30.989838],[-56.885866,-30.989909],[-56.885283,-30.989819],[-56.88458,-30.989866],[-56.883863,-30.989675],[-56.883511,-30.989685],[-56.883036,-30.989275],[-56.882601,-30.987715],[-56.88215,-30.986712],[-56.882217,-30.986214],[-56.882104,-30.98602],[-56.881791,-30.985794],[-56.880781,-30.985255],[-56.880173,-30.985353],[-56.87811,-30.985351],[-56.876058,-30.984566],[-56.8758,-30.984542],[-56.875501,-30.984786],[-56.875201,-30.984707],[-56.873625,-30.983773],[-56.872847,-30.982478],[-56.872602,-30.982335],[-56.872309,-30.9823],[-56.87225,-30.982478],[-56.872116,-30.982561],[-56.871657,-30.982498],[-56.87151,-30.982669],[-56.871278,-30.982727],[-56.871055,-30.98307],[-56.870859,-30.983016],[-56.870722,-30.983127],[-56.870472,-30.983147],[-56.870421,-30.983085],[-56.87058,-30.982983],[-56.870318,-30.982927],[-56.870031,-30.982999],[-56.869827,-30.983244],[-56.86958,-30.983053],[-56.869331,-30.983055],[-56.869217,-30.982971],[-56.868796,-30.983011],[-56.868655,-30.982895],[-56.868302,-30.982891],[-56.867834,-30.983061],[-56.867771,-30.982885],[-56.867619,-30.982931],[-56.867594,-30.982828],[-56.867455,-30.982791],[-56.867337,-30.982937],[-56.86695,-30.982778],[-56.866643,-30.982899],[-56.866267,-30.982758],[-56.866184,-30.982648],[-56.865982,-30.982724],[-56.86561,-30.982636],[-56.865594,-30.98272],[-56.865432,-30.982692],[-56.86529,-30.982765],[-56.864961,-30.982703],[-56.864857,-30.982603],[-56.864731,-30.982644],[-56.86467,-30.982569],[-56.864373,-30.982728],[-56.863691,-30.982885],[-56.862777,-30.983499],[-56.855377,-30.98406],[-56.868652,-30.991086],[-56.869477,-30.991601],[-56.849978,-30.995047],[-56.847593,-30.995378],[-56.845794,-30.99578],[-56.845657,-30.9964],[-56.845403,-30.996496],[-56.845382,-30.996635],[-56.844998,-30.997011],[-56.845137,-30.997173],[-56.845059,-30.997285],[-56.845193,-30.997582],[-56.845102,-30.99763],[-56.845293,-30.998206],[-56.845057,-30.998343],[-56.845461,-30.998588],[-56.845702,-30.998609],[-56.845775,-30.998771],[-56.84599,-30.998831],[-56.846076,-30.999178],[-56.846404,-30.999334],[-56.84656,-30.999544],[-56.846448,-31.000093],[-56.846638,-31.000142],[-56.846662,-31.000039],[-56.846744,-31.000038],[-56.846792,-31.000234],[-56.846729,-31.000302],[-56.846928,-31.000382],[-56.846908,-31.000719],[-56.847016,-31.000706],[-56.846843,-31.001012],[-56.846904,-31.001098],[-56.847139,-31.001094],[-56.846896,-31.001765],[-56.846995,-31.001765],[-56.847057,-31.00201],[-56.847235,-31.002184],[-56.847257,-31.002389],[-56.847483,-31.002631],[-56.847512,-31.0028],[-56.848756,-31.002858],[-56.849328,-31.002796],[-56.849727,-31.002862],[-56.849856,-31.00305],[-56.850576,-31.003393],[-56.851259,-31.003473],[-56.851978,-31.003681],[-56.852867,-31.003614],[-56.853289,-31.003687],[-56.853592,-31.00383],[-56.853822,-31.003822],[-56.853954,-31.004021],[-56.854501,-31.004119],[-56.855217,-31.004386],[-56.856025,-31.004948],[-56.85668,-31.005067],[-56.857057,-31.005493],[-56.857609,-31.006406],[-56.858425,-31.006743],[-56.859776,-31.007004],[-56.860553,-31.007472],[-56.861418,-31.00829],[-56.862051,-31.00871],[-56.862171,-31.008926],[-56.862753,-31.009426],[-56.863896,-31.011458],[-56.885772,-31.004962]]]]}},{"type":"Feature","properties":{"nombre":"Chacras de Belen","departamento":"Salto"},"geometry":{"type":"MultiPolygon","coordinates":[[[[-57.779731,-30.81701],[-57.779703,-30.816927],[-57.786754,-30.813903],[-57.793968,-30.811138],[-57.793832,-30.8107],[-57.793495,-30.8101],[-57.792299,-30.808599],[-57.791503,-30.808198],[-57.789217,-30.807816],[-57.789036,-30.807562],[-57.78919,-30.807224],[-57.789684,-30.806753],[-57.791722,-30.804391],[-57.792144,-30.803281],[-57.792378,-30.802143],[-57.792301,-30.799422],[-57.792431,-30.799154],[-57.792451,-30.798844],[-57.792326,-30.798467],[-57.792013,-30.79802],[-57.791101,-30.797452],[-57.790561,-30.797407],[-57.789433,-30.797701],[-57.788945,-30.797571],[-57.787701,-30.797005],[-57.787147,-30.796889],[-57.78473,-30.797344],[-57.784018,-30.797693],[-57.781465,-30.799284],[-57.780698,-30.799953],[-57.780224,-30.80019],[-57.779447,-30.800382],[-57.779358,-30.800069],[-57.779468,-30.799782],[-57.77967,-30.799552],[-57.779724,-30.798847],[-57.779816,-30.798625],[-57.779543,-30.798376],[-57.77905,-30.797481],[-57.778725,-30.79734],[-57.77857,-30.797147],[-57.778294,-30.796998],[-57.778127,-30.79676],[-57.777427,-30.794503],[-57.776943,-30.794209],[-57.776747,-30.793939],[-57.776613,-30.793892],[-57.776467,-30.793588],[-57.77567,-30.793716],[-57.774639,-30.791268],[-57.773665,-30.791855],[-57.773136,-30.790697],[-57.768122,-30.792905],[-57.766867,-30.790012],[-57.768951,-30.789067],[-57.772015,-30.787868],[-57.76961,-30.781877],[-57.772,-30.780938],[-57.768327,-30.776094],[-57.767268,-30.77633],[-57.767188,-30.776316],[-57.767118,-30.776137],[-57.766411,-30.775921],[-57.766104,-30.775123],[-57.765675,-30.774741],[-57.765496,-30.774436],[-57.765228,-30.77419],[-57.764359,-30.773999],[-57.764025,-30.773753],[-57.763883,-30.773305],[-57.763994,-30.772386],[-57.763949,-30.771881],[-57.763647,-30.771458],[-57.763264,-30.771193],[-57.76305,-30.770779],[-57.762769,-30.769893],[-57.762826,-30.769668],[-57.762666,-30.769545],[-57.762695,-30.769357],[-57.762282,-30.768457],[-57.761953,-30.768096],[-57.761856,-30.767607],[-57.762027,-30.766892],[-57.762492,-30.765644],[-57.762673,-30.764764],[-57.762935,-30.764261],[-57.763362,-30.762998],[-57.76336,-30.762826],[-57.763487,-30.762816],[-57.763359,-30.762678],[-57.76344,-30.762406],[-57.763394,-30.76221],[-57.763859,-30.760207],[-57.763727,-30.759092],[-57.763589,-30.7589],[-57.763587,-30.758628],[-57.763233,-30.757861],[-57.762931,-30.757424],[-57.762114,-30.756922],[-57.762046,-30.756694],[-57.762254,-30.756439],[-57.76302,-30.756067],[-57.763143,-30.755627],[-57.763086,-30.755427],[-57.763299,-30.755106],[-57.763481,-30.755028],[-57.76398,-30.755131],[-57.764164,-30.755421],[-57.764941,-30.755698],[-57.765018,-30.755693],[-57.765061,-30.755573],[-57.765005,-30.755387],[-57.765633,-30.755211],[-57.766037,-30.755271],[-57.766567,-30.75513],[-57.766598,-30.754786],[-57.76681,-30.75435],[-57.767161,-30.754047],[-57.767159,-30.753765],[-57.767486,-30.753147],[-57.767651,-30.753037],[-57.767603,-30.752621],[-57.767718,-30.752506],[-57.767813,-30.751914],[-57.767679,-30.75105],[-57.767949,-30.750924],[-57.768575,-30.750424],[-57.768541,-30.750271],[-57.76954,-30.748714],[-57.769701,-30.748097],[-57.769827,-30.746559],[-57.769379,-30.746514],[-57.769311,-30.746242],[-57.769397,-30.746031],[-57.769368,-30.745864],[-57.769141,-30.745837],[-57.768954,-30.74591],[-57.768658,-30.746274],[-57.768416,-30.746409],[-57.768162,-30.74642],[-57.767926,-30.745882],[-57.767781,-30.745726],[-57.767377,-30.745752],[-57.766821,-30.745956],[-57.766406,-30.745972],[-57.765445,-30.746752],[-57.765123,-30.747279],[-57.764903,-30.747409],[-57.764668,-30.74785],[-57.764514,-30.748758],[-57.763357,-30.749619],[-57.762078,-30.750887],[-57.76153,-30.751291],[-57.759981,-30.751243],[-57.758007,-30.752143],[-57.757411,-30.752199],[-57.757278,-30.752128],[-57.756914,-30.75225],[-57.755918,-30.752374],[-57.75535,-30.752226],[-57.753638,-30.752183],[-57.75196,-30.752422],[-57.751453,-30.752673],[-57.751355,-30.752803],[-57.751323,-30.752937],[-57.751772,-30.753756],[-57.752118,-30.754212],[-57.75238,-30.756212],[-57.752703,-30.757395],[-57.753098,-30.757936],[-57.753123,-30.758456],[-57.753293,-30.759255],[-57.753272,-30.759532],[-57.753875,-30.760086],[-57.753426,-30.760746],[-57.753413,-30.761007],[-57.753616,-30.761211],[-57.753589,-30.761397],[-57.754248,-30.761776],[-57.754351,-30.762195],[-57.754651,-30.762508],[-57.75488,-30.76259],[-57.754931,-30.762998],[-57.755345,-30.763445],[-57.755739,-30.763728],[-57.75631,-30.763849],[-57.756771,-30.764218],[-57.757114,-30.764756],[-57.757289,-30.765317],[-57.757042,-30.766128],[-57.757042,-30.767389],[-57.756772,-30.768131],[-57.756841,-30.769381],[-57.756677,-30.769743],[-57.756315,-30.770173],[-57.756324,-30.770933],[-57.755655,-30.771811],[-57.755663,-30.772243],[-57.755885,-30.773428],[-57.755908,-30.774298],[-57.75602,-30.774642],[-57.75554,-30.775336],[-57.755184,-30.77566],[-57.755119,-30.775834],[-57.755468,-30.776302],[-57.755691,-30.776885],[-57.755678,-30.777239],[-57.75543,-30.777741],[-57.755357,-30.778172],[-57.755573,-30.778863],[-57.75558,-30.779154],[-57.755235,-30.779743],[-57.754833,-30.780092],[-57.75452,-30.781386],[-57.754119,-30.781888],[-57.753418,-30.782553],[-57.753208,-30.783038],[-57.752977,-30.783275],[-57.752981,-30.783636],[-57.752656,-30.784158],[-57.752433,-30.784977],[-57.751934,-30.785219],[-57.751612,-30.785614],[-57.751258,-30.786366],[-57.751197,-30.786422],[-57.750994,-30.786349],[-57.75082,-30.786638],[-57.750653,-30.787323],[-57.750669,-30.78803],[-57.750464,-30.788479],[-57.750476,-30.788714],[-57.751092,-30.789142],[-57.737287,-30.78802],[-57.737044,-30.787865],[-57.736823,-30.790781],[-57.736784,-30.792313],[-57.736338,-30.796439],[-57.73637,-30.79686],[-57.735663,-30.806442],[-57.735836,-30.806601],[-57.740677,-30.806947],[-57.751832,-30.807571],[-57.751695,-30.814925],[-57.751725,-30.816204],[-57.751855,-30.816887],[-57.751849,-30.821234],[-57.752412,-30.821335],[-57.752648,-30.821489],[-57.753924,-30.821143],[-57.754348,-30.821138],[-57.754735,-30.820955],[-57.755423,-30.820865],[-57.755952,-30.820913],[-57.756182,-30.821037],[-57.756614,-30.821483],[-57.756864,-30.821637],[-57.757121,-30.821631],[-57.757803,-30.822152],[-57.757856,-30.822358],[-57.758058,-30.822588],[-57.758624,-30.822894],[-57.758944,-30.823222],[-57.759295,-30.823352],[-57.760974,-30.82368],[-57.762083,-30.823496],[-57.763031,-30.822915],[-57.76401,-30.822819],[-57.764934,-30.82297],[-57.765232,-30.823295],[-57.766621,-30.82348],[-57.76697,-30.823632],[-57.76773,-30.823403],[-57.768216,-30.823471],[-57.768719,-30.823222],[-57.769575,-30.823066],[-57.770107,-30.823127],[-57.770649,-30.823013],[-57.77111,-30.823193],[-57.771458,-30.823481],[-57.771709,-30.82357],[-57.77257,-30.823637],[-57.773175,-30.823447],[-57.773562,-30.823418],[-57.774155,-30.823637],[-57.774536,-30.823941],[-57.774831,-30.824071],[-57.775271,-30.824186],[-57.77632,-30.82419],[-57.776671,-30.824565],[-57.77791,-30.824476],[-57.778851,-30.825452],[-57.779731,-30.81701]]]]}},{"type":"Feature","properties":{"nombre":"Tomas Gomensoro","departamento":"Artigas"},"geometry":{"type":"MultiPolygon","coordinates":[[[[-57.444969,-30.429496],[-57.444788,-30.428572],[-57.448985,-30.427843],[-57.448393,-30.425455],[-57.44894,-30.425382],[-57.448854,-30.425152],[-57.447146,-30.424286],[-57.447858,-30.423396],[-57.445718,-30.422012],[-57.44517,-30.422811],[-57.444931,-30.421914],[-57.442574,-30.425376],[-57.442454,-30.425198],[-57.43641,-30.422192],[-57.433044,-30.427221],[-57.43144,-30.426405],[-57.43028,-30.42808],[-57.429739,-30.428909],[-57.430398,-30.429258],[-57.428665,-30.431806],[-57.429641,-30.432273],[-57.427355,-30.435719],[-57.433975,-30.438977],[-57.432111,-30.441822],[-57.434655,-30.443061],[-57.437424,-30.43416],[-57.437559,-30.43422],[-57.438523,-30.434188],[-57.439905,-30.434528],[-57.439834,-30.43374],[-57.445716,-30.432673],[-57.444969,-30.429496]]]]}},{"type":"Feature","properties":{"nombre":"Joaquin Suarez","departamento":"Canelones"},"geometry":{"type":"MultiPolygon","coordinates":[[[[-56.045269,-34.743394],[-56.045604,-34.743339],[-56.046828,-34.743513],[-56.047587,-34.743749],[-56.047797,-34.743559],[-56.047259,-34.742953],[-56.04702,-34.742297],[-56.046855,-34.74206],[-56.043397,-34.740407],[-56.04529,-34.738176],[-56.04793,-34.739229],[-56.050302,-34.736547],[-56.050011,-34.735889],[-56.050004,-34.735747],[-56.050105,-34.735618],[-56.050376,-34.735438],[-56.050914,-34.73549],[-56.051165,-34.735382],[-56.049553,-34.73384],[-56.04933,-34.733933],[-56.049078,-34.734214],[-56.041814,-34.735851],[-56.039948,-34.734435],[-56.03978,-34.734439],[-56.028925,-34.726276],[-56.027964,-34.727151],[-56.027835,-34.726665],[-56.010733,-34.724656],[-56.012434,-34.728474],[-56.021934,-34.729547],[-56.024477,-34.73155],[-56.022598,-34.733275],[-56.023423,-34.7335],[-56.024174,-34.73345],[-56.024544,-34.73376],[-56.025,-34.733819],[-56.025147,-34.73391],[-56.026344,-34.733992],[-56.025863,-34.736811],[-56.032236,-34.737494],[-56.037013,-34.741109],[-56.036749,-34.745057],[-56.037052,-34.745731],[-56.037694,-34.746302],[-56.038552,-34.746733],[-56.039182,-34.746294],[-56.040075,-34.746096],[-56.04133,-34.74653],[-56.04173,-34.746523],[-56.042131,-34.746124],[-56.04236,-34.745504],[-56.04381,-34.745672],[-56.044424,-34.745295],[-56.04417,-34.744054],[-56.044266,-34.74388],[-56.044565,-34.743698],[-56.045269,-34.743394]]],[[[-56.025581,-34.743866],[-56.025654,-34.744123],[-56.026142,-34.744365],[-56.026324,-34.744624],[-56.027007,-34.744647],[-56.027408,-34.745053],[-56.02888,-34.745865],[-56.029627,-34.746184],[-56.03,-34.744043],[-56.025447,-34.743566],[-56.025581,-34.743866]]]]}},{"type":"Feature","properties":{"nombre":"Villa el Tato","departamento":"Canelones"},"geometry":{"type":"MultiPolygon","coordinates":[[[[-55.977888,-34.775715],[-55.979329,-34.774941],[-55.979967,-34.774797],[-55.979377,-34.774504],[-55.979468,-34.774066],[-55.97916,-34.773841],[-55.978819,-34.773441],[-55.978504,-34.773431],[-55.974784,-34.774137],[-55.974453,-34.772993],[-55.974683,-34.772949],[-55.974636,-34.772819],[-55.974417,-34.772865],[-55.974035,-34.771534],[-55.970689,-34.772212],[-55.972381,-34.777497],[-55.976813,-34.776383],[-55.977888,-34.775715]]]]}},{"type":"Feature","properties":{"nombre":"La Tuna","departamento":"Canelones"},"geometry":{"type":"MultiPolygon","coordinates":[[[[-55.559694,-34.78599],[-55.560468,-34.785662],[-55.56099,-34.785331],[-55.561615,-34.785169],[-55.562849,-34.784676],[-55.565267,-34.784129],[-55.564351,-34.783779],[-55.564685,-34.783358],[-55.564505,-34.782558],[-55.563828,-34.776662],[-55.562258,-34.777132],[-55.562022,-34.776733],[-55.563743,-34.776189],[-55.56347,-34.77381],[-55.561323,-34.773635],[-55.5592,-34.77369],[-55.559691,-34.777408],[-55.558666,-34.777731],[-55.558606,-34.777899],[-55.558728,-34.778426],[-55.559224,-34.782785],[-55.559382,-34.782781],[-55.559694,-34.78599]]]]}},{"type":"Feature","properties":{"nombre":"Cerro Chato","departamento":"Durazno"},"geometry":{"type":"MultiPolygon","coordinates":[[[[-55.141467,-33.102869],[-55.142021,-33.102968],[-55.142892,-33.102897],[-55.143049,-33.102747],[-55.143277,-33.102955],[-55.143733,-33.102948],[-55.143909,-33.103067],[-55.144259,-33.103082],[-55.14457,-33.103004],[-55.144631,-33.102765],[-55.145675,-33.1024],[-55.14597,-33.102393],[-55.146351,-33.102202],[-55.148131,-33.10224],[-55.148715,-33.102445],[-55.149077,-33.102358],[-55.14995,-33.102737],[-55.150391,-33.102588],[-55.150793,-33.102599],[-55.151428,-33.102985],[-55.150842,-33.097781],[-55.149355,-33.097951],[-55.145713,-33.099232],[-55.144635,-33.097628],[-55.143877,-33.09633],[-55.143642,-33.09614],[-55.138192,-33.095953],[-55.138289,-33.092982],[-55.138266,-33.092691],[-55.138039,-33.092593],[-55.137914,-33.092598],[-55.137793,-33.092756],[-55.136678,-33.094366],[-55.135657,-33.095397],[-55.134009,-33.095806],[-55.133189,-33.096312],[-55.132155,-33.095212],[-55.130692,-33.096096],[-55.130793,-33.095698],[-55.129705,-33.095479],[-55.12904,-33.098011],[-55.126792,-33.096683],[-55.125362,-33.096038],[-55.125113,-33.096425],[-55.129538,-33.099801],[-55.130386,-33.101019],[-55.130517,-33.101363],[-55.130747,-33.102129],[-55.131104,-33.103942],[-55.131671,-33.103776],[-55.132076,-33.104109],[-55.132655,-33.10443],[-55.133278,-33.104549],[-55.133909,-33.104516],[-55.134541,-33.104369],[-55.134562,-33.104473],[-55.136301,-33.104302],[-55.136137,-33.103251],[-55.138454,-33.102993],[-55.138281,-33.101946],[-55.14054,-33.101702],[-55.140706,-33.102778],[-55.141467,-33.102869]]]]}},{"type":"Feature","properties":{"nombre":"25 de Agosto","departamento":"Florida"},"geometry":{"type":"MultiPolygon","coordinates":[[[[-56.417381,-34.412826],[-56.417591,-34.412417],[-56.417837,-34.412159],[-56.417799,-34.411979],[-56.417554,-34.411656],[-56.417636,-34.410794],[-56.417789,-34.410643],[-56.417562,-34.410456],[-56.418415,-34.409388],[-56.418664,-34.408791],[-56.419156,-34.408117],[-56.419264,-34.408138],[-56.420162,-34.407031],[-56.421247,-34.405529],[-56.419791,-34.405185],[-56.418322,-34.405124],[-56.405957,-34.406653],[-56.405591,-34.406638],[-56.4053,-34.406993],[-56.404891,-34.407165],[-56.401344,-34.407672],[-56.395411,-34.40867],[-56.392433,-34.412365],[-56.393716,-34.412406],[-56.393457,-34.414607],[-56.393841,-34.41475],[-56.393749,-34.414938],[-56.393699,-34.415805],[-56.393485,-34.415822],[-56.393177,-34.417954],[-56.393064,-34.418192],[-56.394352,-34.418499],[-56.395339,-34.419158],[-56.396208,-34.4192],[-56.396278,-34.419308],[-56.396505,-34.41935],[-56.401077,-34.419634],[-56.401297,-34.419574],[-56.408798,-34.42015],[-56.408633,-34.419714],[-56.40867,-34.419044],[-56.4089,-34.41878],[-56.409172,-34.418733],[-56.409172,-34.418562],[-56.409553,-34.418401],[-56.40986,-34.418142],[-56.410364,-34.417534],[-56.410673,-34.41756],[-56.411063,-34.417769],[-56.411756,-34.417593],[-56.412488,-34.417799],[-56.413045,-34.41773],[-56.413364,-34.417872],[-56.413752,-34.417569],[-56.414632,-34.417193],[-56.41484,-34.416909],[-56.415041,-34.416792],[-56.415026,-34.416542],[-56.41515,-34.416326],[-56.415617,-34.416254],[-56.415738,-34.415824],[-56.416026,-34.415603],[-56.416206,-34.414906],[-56.415978,-34.414796],[-56.415854,-34.414313],[-56.415905,-34.414101],[-56.416219,-34.413827],[-56.416428,-34.413468],[-56.416668,-34.413367],[-56.417012,-34.41335],[-56.417381,-34.412826]]]]}},{"type":"Feature","properties":{"nombre":"Arrocera Mini","departamento":"Treinta y Tres"},"geometry":{"type":"MultiPolygon","coordinates":[[[[-53.634957,-32.959648],[-53.635501,-32.959529],[-53.635736,-32.959582],[-53.636168,-32.958569],[-53.63618,-32.958319],[-53.635775,-32.957853],[-53.634723,-32.95699],[-53.633439,-32.958041],[-53.633443,-32.958257],[-53.633337,-32.958505],[-53.633113,-32.958803],[-53.634085,-32.959199],[-53.634125,-32.959388],[-53.634369,-32.959503],[-53.634957,-32.959648]]]]}},{"type":"Feature","properties":{"nombre":"Biarritz","departamento":"Canelones"},"geometry":{"type":"MultiPolygon","coordinates":[[[[-55.508838,-34.794516],[-55.510759,-34.794621],[-55.512219,-34.794836],[-55.514309,-34.795003],[-55.521804,-34.796253],[-55.525906,-34.797164],[-55.526671,-34.797434],[-55.527627,-34.797545],[-55.52808,-34.797798],[-55.528503,-34.797689],[-55.528605,-34.797536],[-55.528519,-34.797301],[-55.528605,-34.796821],[-55.528438,-34.796593],[-55.528392,-34.796188],[-55.527862,-34.795896],[-55.527644,-34.795623],[-55.528285,-34.794652],[-55.528428,-34.794039],[-55.528354,-34.793735],[-55.527682,-34.792724],[-55.527005,-34.792683],[-55.526759,-34.792828],[-55.526411,-34.793213],[-55.526188,-34.793285],[-55.52601,-34.793214],[-55.525904,-34.792975],[-55.526146,-34.791918],[-55.526103,-34.791396],[-55.525849,-34.791038],[-55.524917,-34.790466],[-55.524743,-34.79026],[-55.524838,-34.789657],[-55.52481,-34.789368],[-55.524415,-34.789035],[-55.524295,-34.788797],[-55.524392,-34.787886],[-55.524742,-34.787498],[-55.524828,-34.787095],[-55.524813,-34.786876],[-55.524484,-34.786381],[-55.518475,-34.787507],[-55.517301,-34.787612],[-55.51607,-34.787601],[-55.514086,-34.78736],[-55.503439,-34.785488],[-55.503394,-34.785681],[-55.504305,-34.791206],[-55.504609,-34.792653],[-55.504712,-34.793769],[-55.505105,-34.793761],[-55.505451,-34.793484],[-55.505499,-34.794387],[-55.508838,-34.794516]]]]}},{"type":"Feature","properties":{"nombre":"Esperanza","departamento":"Cerro Largo"},"geometry":{"type":"MultiPolygon","coordinates":[[[[-54.980807,-32.922947],[-54.982087,-32.924146],[-54.982546,-32.924482],[-54.984072,-32.924728],[-54.983923,-32.924355],[-54.980381,-32.918844],[-54.976824,-32.913561],[-54.973309,-32.918357],[-54.974138,-32.918379],[-54.974687,-32.918503],[-54.976567,-32.919719],[-54.976627,-32.919915],[-54.976449,-32.920284],[-54.976467,-32.920502],[-54.97714,-32.921106],[-54.980807,-32.922947]]]]}},{"type":"Feature","properties":{"nombre":"Barrio el Molino","departamento":"Río Negro"},"geometry":{"type":"MultiPolygon","coordinates":[[[[-58.329486,-33.143724],[-58.330445,-33.142384],[-58.329163,-33.141816],[-58.329627,-33.137352],[-58.325366,-33.135646],[-58.323505,-33.139825],[-58.322982,-33.140593],[-58.329486,-33.143724]]]]}},{"type":"Feature","properties":{"nombre":"Santa Rosa","departamento":"Canelones"},"geometry":{"type":"MultiPolygon","coordinates":[[[[-56.045477,-34.503456],[-56.046085,-34.503549],[-56.04646,-34.503456],[-56.046843,-34.503105],[-56.046981,-34.502799],[-56.047172,-34.502744],[-56.047382,-34.502519],[-56.047454,-34.502106],[-56.047734,-34.501948],[-56.04773,-34.501823],[-56.048556,-34.501672],[-56.048823,-34.501445],[-56.049074,-34.501368],[-56.050678,-34.501586],[-56.051108,-34.501205],[-56.051082,-34.500383],[-56.052076,-34.499468],[-56.051706,-34.497727],[-56.04799,-34.498311],[-56.047841,-34.496399],[-56.046127,-34.496637],[-56.04509,-34.496099],[-56.04507,-34.496175],[-56.044159,-34.495617],[-56.043936,-34.495565],[-56.044552,-34.494786],[-56.043468,-34.494145],[-56.043554,-34.4917],[-56.040562,-34.489924],[-56.040972,-34.494929],[-56.038958,-34.495057],[-56.039057,-34.495904],[-56.038677,-34.496383],[-56.036596,-34.495165],[-56.036915,-34.494769],[-56.036938,-34.494607],[-56.036606,-34.49005],[-56.035586,-34.490104],[-56.035678,-34.491222],[-56.034671,-34.491242],[-56.034685,-34.491535],[-56.033822,-34.49159],[-56.033735,-34.490341],[-56.030703,-34.490326],[-56.030653,-34.489556],[-56.028949,-34.48965],[-56.028928,-34.489287],[-56.025769,-34.488324],[-56.025867,-34.492],[-56.025682,-34.492156],[-56.025871,-34.495861],[-56.026102,-34.504221],[-56.026315,-34.504301],[-56.026355,-34.504834],[-56.026297,-34.505134],[-56.026912,-34.505126],[-56.026944,-34.505215],[-56.026768,-34.505462],[-56.026784,-34.505673],[-56.027046,-34.50558],[-56.027598,-34.505845],[-56.028005,-34.505873],[-56.02861,-34.506522],[-56.029403,-34.506802],[-56.030246,-34.506824],[-56.030493,-34.506936],[-56.030968,-34.506625],[-56.031128,-34.506626],[-56.031534,-34.50674],[-56.031756,-34.506983],[-56.033105,-34.506888],[-56.033289,-34.507],[-56.033519,-34.50742],[-56.0338,-34.507567],[-56.034152,-34.507236],[-56.034308,-34.506719],[-56.034453,-34.506642],[-56.034549,-34.50668],[-56.035283,-34.505752],[-56.035499,-34.505974],[-56.035687,-34.505937],[-56.036619,-34.505464],[-56.037049,-34.505685],[-56.037706,-34.505668],[-56.038109,-34.505884],[-56.038275,-34.506198],[-56.038766,-34.506023],[-56.039176,-34.506221],[-56.040232,-34.505994],[-56.040804,-34.505656],[-56.041029,-34.505628],[-56.041312,-34.505779],[-56.041533,-34.505764],[-56.041811,-34.50496],[-56.0419,-34.504829],[-56.042123,-34.504788],[-56.042359,-34.504984],[-56.042783,-34.504911],[-56.043311,-34.504988],[-56.04359,-34.505424],[-56.044248,-34.505653],[-56.044456,-34.505613],[-56.04459,-34.505523],[-56.044937,-34.50483],[-56.044935,-34.504539],[-56.044821,-34.504257],[-56.044932,-34.503967],[-56.045193,-34.503565],[-56.045477,-34.503456]]]]}},{"type":"Feature","properties":{"nombre":"Playa Britopolis","departamento":"Colonia"},"geometry":{"type":"MultiPolygon","coordinates":[[[[-57.272658,-34.435705],[-57.274569,-34.435831],[-57.274697,-34.434044],[-57.274837,-34.42774],[-57.273266,-34.427735],[-57.272993,-34.427875],[-57.272768,-34.427808],[-57.271116,-34.427868],[-57.271006,-34.42823],[-57.270925,-34.428267],[-57.268694,-34.428526],[-57.268664,-34.42847],[-57.261845,-34.427584],[-57.261518,-34.427923],[-57.261386,-34.428947],[-57.261552,-34.429503],[-57.262013,-34.43015],[-57.262096,-34.430581],[-57.261853,-34.431875],[-57.262816,-34.431757],[-57.268236,-34.432198],[-57.268022,-34.433511],[-57.267858,-34.435298],[-57.26772,-34.435368],[-57.267892,-34.435786],[-57.270161,-34.435683],[-57.271707,-34.435766],[-57.272658,-34.435705]]]]}},{"type":"Feature","properties":{"nombre":"Brisas del Plata","departamento":"Colonia"},"geometry":{"type":"MultiPolygon","coordinates":[[[[-57.171641,-34.444469],[-57.17329,-34.444427],[-57.17668,-34.443773],[-57.1763,-34.441616],[-57.176203,-34.441514],[-57.175853,-34.441516],[-57.170498,-34.44219],[-57.170355,-34.44136],[-57.168043,-34.441524],[-57.168219,-34.4449],[-57.169869,-34.444687],[-57.170377,-34.444693],[-57.171641,-34.444469]]]]}},{"type":"Feature","properties":{"nombre":"Barra del Chuy","departamento":"Rocha"},"geometry":{"type":"MultiPolygon","coordinates":[[[[-53.39455,-33.757999],[-53.394786,-33.758016],[-53.400472,-33.75687],[-53.399588,-33.754712],[-53.399633,-33.754331],[-53.399308,-33.749546],[-53.399189,-33.749502],[-53.398955,-33.749169],[-53.398714,-33.748982],[-53.398634,-33.748725],[-53.398462,-33.748525],[-53.398361,-33.74857],[-53.398492,-33.749014],[-53.398272,-33.749729],[-53.397724,-33.750385],[-53.397252,-33.750703],[-53.396446,-33.751059],[-53.39544,-33.751321],[-53.394659,-33.751406],[-53.393762,-33.751352],[-53.391916,-33.750899],[-53.39049,-33.750176],[-53.39005,-33.749803],[-53.387719,-33.74725],[-53.387239,-33.746866],[-53.386865,-33.746691],[-53.3858,-33.746429],[-53.385196,-33.746469],[-53.384466,-33.746746],[-53.383782,-33.747261],[-53.383043,-33.74759],[-53.381267,-33.748092],[-53.3807,-33.748109],[-53.379109,-33.747582],[-53.377872,-33.747054],[-53.376432,-33.746165],[-53.37411,-33.744461],[-53.372204,-33.743376],[-53.371736,-33.743291],[-53.371408,-33.743371],[-53.370055,-33.744201],[-53.370497,-33.744283],[-53.370935,-33.744651],[-53.371546,-33.744928],[-53.372851,-33.745787],[-53.374759,-33.747371],[-53.376457,-33.748597],[-53.378732,-33.75052],[-53.380716,-33.751943],[-53.381316,-33.752252],[-53.381697,-33.752634],[-53.382404,-33.753147],[-53.38307,-33.753803],[-53.383376,-33.753857],[-53.38496,-33.755442],[-53.386779,-33.756885],[-53.3892,-33.759152],[-53.390052,-33.758907],[-53.390504,-33.758922],[-53.39455,-33.757999]]]]}},{"type":"Feature","properties":{"nombre":"Lago Merin","departamento":"Cerro Largo"},"geometry":{"type":"MultiPolygon","coordinates":[[[[-53.264169,-32.747574],[-53.263507,-32.747057],[-53.267038,-32.743747],[-53.266405,-32.743205],[-53.269836,-32.739929],[-53.269906,-32.739774],[-53.267816,-32.738311],[-53.267923,-32.73824],[-53.260265,-32.73253],[-53.255493,-32.736974],[-53.254734,-32.737779],[-53.254848,-32.738102],[-53.255104,-32.738241],[-53.254992,-32.738486],[-53.255133,-32.738907],[-53.255066,-32.739055],[-53.255216,-32.739041],[-53.255196,-32.739395],[-53.255277,-32.739473],[-53.255372,-32.739445],[-53.255285,-32.739667],[-53.255486,-32.739581],[-53.255387,-32.739881],[-53.25552,-32.739959],[-53.25558,-32.739816],[-53.255707,-32.740266],[-53.255735,-32.740517],[-53.255672,-32.740633],[-53.255846,-32.740753],[-53.255808,-32.740919],[-53.255953,-32.741155],[-53.255951,-32.741453],[-53.256082,-32.741424],[-53.256015,-32.741557],[-53.256145,-32.742008],[-53.256259,-32.742074],[-53.25619,-32.74212],[-53.256355,-32.742452],[-53.25649,-32.742488],[-53.256448,-32.742798],[-53.256576,-32.742832],[-53.256647,-32.742983],[-53.256559,-32.742969],[-53.256607,-32.743116],[-53.256522,-32.743394],[-53.256724,-32.743639],[-53.256763,-32.744029],[-53.256869,-32.743989],[-53.25688,-32.744047],[-53.256852,-32.744348],[-53.256763,-32.74443],[-53.256866,-32.744541],[-53.256828,-32.744625],[-53.256904,-32.744621],[-53.256837,-32.74487],[-53.256987,-32.745055],[-53.256975,-32.745351],[-53.256899,-32.745425],[-53.25705,-32.745734],[-53.256975,-32.745797],[-53.257028,-32.745878],[-53.256977,-32.745989],[-53.257081,-32.746133],[-53.257058,-32.746596],[-53.257183,-32.746697],[-53.257112,-32.746874],[-53.257018,-32.746839],[-53.257129,-32.747101],[-53.257179,-32.747123],[-53.257151,-32.746996],[-53.257345,-32.746751],[-53.257251,-32.746985],[-53.2573,-32.747566],[-53.257243,-32.747822],[-53.257302,-32.748132],[-53.257359,-32.74819],[-53.257453,-32.748145],[-53.257514,-32.748563],[-53.257375,-32.748669],[-53.257459,-32.74877],[-53.257299,-32.74894],[-53.257513,-32.748873],[-53.257374,-32.749052],[-53.257464,-32.749136],[-53.257375,-32.749173],[-53.257561,-32.749346],[-53.257514,-32.749536],[-53.257395,-32.7496],[-53.257376,-32.750029],[-53.257456,-32.750089],[-53.257378,-32.75029],[-53.257458,-32.750325],[-53.257369,-32.750563],[-53.257452,-32.750652],[-53.257267,-32.750974],[-53.257408,-32.751008],[-53.25737,-32.751512],[-53.257131,-32.751865],[-53.257268,-32.751998],[-53.257191,-32.752451],[-53.257259,-32.752497],[-53.257585,-32.752424],[-53.257947,-32.752602],[-53.25798,-32.752647],[-53.257722,-32.752668],[-53.258026,-32.752853],[-53.257531,-32.753475],[-53.257384,-32.753842],[-53.260492,-32.752797],[-53.260727,-32.752451],[-53.260881,-32.752601],[-53.261019,-32.752557],[-53.261027,-32.752451],[-53.261314,-32.752443],[-53.261235,-32.752527],[-53.261346,-32.752641],[-53.261307,-32.752797],[-53.261731,-32.752541],[-53.261875,-32.752575],[-53.262027,-32.752754],[-53.26235,-32.752865],[-53.262616,-32.752803],[-53.262951,-32.752842],[-53.263128,-32.752505],[-53.263246,-32.752465],[-53.26324,-32.751467],[-53.26263,-32.749145],[-53.264169,-32.747574]]]]}},{"type":"Feature","properties":{"nombre":"Pueblo Mio","departamento":"Maldonado"},"geometry":{"type":"MultiPolygon","coordinates":[[[[-54.85111,-34.886702],[-54.851151,-34.886474],[-54.850619,-34.883881],[-54.848181,-34.883815],[-54.848116,-34.88376],[-54.847999,-34.882949],[-54.847818,-34.882829],[-54.844806,-34.882783],[-54.843128,-34.88194],[-54.843083,-34.880952],[-54.842286,-34.880332],[-54.842109,-34.878502],[-54.841037,-34.876197],[-54.842126,-34.876207],[-54.842136,-34.867229],[-54.839936,-34.867325],[-54.84031,-34.861896],[-54.82216,-34.86028],[-54.820801,-34.864205],[-54.830481,-34.865047],[-54.832076,-34.86615],[-54.83103,-34.876331],[-54.835339,-34.876611],[-54.835074,-34.880936],[-54.83709,-34.879889],[-54.837103,-34.880411],[-54.839236,-34.880472],[-54.839478,-34.880267],[-54.839974,-34.880288],[-54.840362,-34.880539],[-54.840938,-34.882081],[-54.84242,-34.883927],[-54.841092,-34.884853],[-54.840031,-34.884937],[-54.840057,-34.885875],[-54.840914,-34.885974],[-54.84065,-34.88665],[-54.843706,-34.887348],[-54.843246,-34.888773],[-54.843321,-34.888862],[-54.849899,-34.8902],[-54.85111,-34.886702]]]]}},{"type":"Feature","properties":{"nombre":"Tambores","departamento":"Tacuarembó"},"geometry":{"type":"MultiPolygon","coordinates":[[[[-56.242252,-31.875576],[-56.242864,-31.875226],[-56.244422,-31.873572],[-56.244776,-31.873015],[-56.245124,-31.872682],[-56.246213,-31.872072],[-56.247549,-31.871533],[-56.249122,-31.871039],[-56.248608,-31.870181],[-56.247923,-31.869588],[-56.247332,-31.868945],[-56.246129,-31.866919],[-56.245794,-31.866948],[-56.245603,-31.867379],[-56.245325,-31.867349],[-56.245225,-31.867408],[-56.242269,-31.874884],[-56.242032,-31.874782],[-56.241673,-31.87502],[-56.241462,-31.87483],[-56.241242,-31.874805],[-56.240253,-31.875525],[-56.239314,-31.877754],[-56.238643,-31.878633],[-56.236639,-31.87805],[-56.236541,-31.878135],[-56.236272,-31.878883],[-56.234078,-31.878241],[-56.233373,-31.879057],[-56.233516,-31.879409],[-56.232816,-31.879701],[-56.233226,-31.880519],[-56.233958,-31.880241],[-56.234523,-31.88117],[-56.236252,-31.881996],[-56.237022,-31.883774],[-56.238301,-31.883383],[-56.238847,-31.884588],[-56.240042,-31.884258],[-56.24035,-31.884742],[-56.2401,-31.883949],[-56.238582,-31.880516],[-56.238544,-31.879589],[-56.239242,-31.879567],[-56.239968,-31.878864],[-56.240519,-31.878105],[-56.241264,-31.87619],[-56.24179,-31.875793],[-56.242252,-31.875576]]]]}},{"type":"Feature","properties":{"nombre":"Radial","departamento":"San José"},"geometry":{"type":"MultiPolygon","coordinates":[[[[-56.755651,-34.552167],[-56.759439,-34.556328],[-56.764167,-34.553399],[-56.758446,-34.543557],[-56.758146,-34.543616],[-56.757872,-34.54385],[-56.757039,-34.549521],[-56.756462,-34.550701],[-56.7555,-34.551796],[-56.754943,-34.552136],[-56.754844,-34.551014],[-56.753871,-34.551563],[-56.75356,-34.551241],[-56.752149,-34.552141],[-56.752313,-34.552318],[-56.751808,-34.55264],[-56.752189,-34.553095],[-56.750032,-34.554409],[-56.750467,-34.554919],[-56.751434,-34.554316],[-56.751955,-34.554925],[-56.752365,-34.554665],[-56.752509,-34.554847],[-56.753442,-34.554241],[-56.753016,-34.553767],[-56.753375,-34.55354],[-56.753744,-34.553976],[-56.7547,-34.553357],[-56.754498,-34.553135],[-56.754914,-34.55289],[-56.754645,-34.552539],[-56.755523,-34.551994],[-56.755651,-34.552167]]]]}},{"type":"Feature","properties":{"nombre":"Colonia 18 de Julio","departamento":"Salto"},"geometry":{"type":"MultiPolygon","coordinates":[[[[-57.87645,-31.361296],[-57.877086,-31.361202],[-57.877282,-31.361276],[-57.877383,-31.361054],[-57.87678,-31.360898],[-57.876535,-31.353149],[-57.874037,-31.355552],[-57.872475,-31.356903],[-57.872078,-31.357154],[-57.87271,-31.357906],[-57.873295,-31.358783],[-57.873862,-31.360005],[-57.875201,-31.360531],[-57.874983,-31.360663],[-57.874985,-31.360838],[-57.875296,-31.361998],[-57.876525,-31.361776],[-57.87645,-31.361296]]],[[[-57.872609,-31.361795],[-57.872284,-31.359928],[-57.869969,-31.35989],[-57.869827,-31.361912],[-57.869746,-31.36192],[-57.869722,-31.36221],[-57.871892,-31.361914],[-57.872056,-31.362827],[-57.872855,-31.362727],[-57.872609,-31.361795]]]]}},{"type":"Feature","properties":{"nombre":"Viejo Molino San Bernardo","departamento":"Canelones"},"geometry":{"type":"MultiPolygon","coordinates":[[[[-55.968371,-34.702793],[-55.968398,-34.702554],[-55.970149,-34.702767],[-55.970267,-34.702159],[-55.97166,-34.702413],[-55.972164,-34.699077],[-55.970826,-34.698851],[-55.970612,-34.700316],[-55.96657,-34.699642],[-55.966755,-34.698987],[-55.96454,-34.698695],[-55.96428,-34.700389],[-55.961341,-34.700054],[-55.960843,-34.70199],[-55.965988,-34.702792],[-55.966008,-34.702707],[-55.968333,-34.702997],[-55.968371,-34.702793]]]]}},{"type":"Feature","properties":{"nombre":"Piedra Sola","departamento":"Tacuarembó"},"geometry":{"type":"MultiPolygon","coordinates":[[[[-56.308557,-32.080053],[-56.308913,-32.079717],[-56.309165,-32.079172],[-56.309736,-32.076846],[-56.309144,-32.077147],[-56.307874,-32.077598],[-56.307477,-32.078634],[-56.307562,-32.078667],[-56.307234,-32.079456],[-56.306473,-32.079844],[-56.306519,-32.079957],[-56.306028,-32.080241],[-56.306073,-32.08031],[-56.305892,-32.080393],[-56.305723,-32.080885],[-56.306161,-32.081572],[-56.308557,-32.080053]]],[[[-56.309646,-32.076022],[-56.310978,-32.074444],[-56.310166,-32.074105],[-56.30877,-32.076108],[-56.308975,-32.076489],[-56.3096,-32.076314],[-56.309646,-32.076022]]]]}},{"type":"Feature","properties":{"nombre":"San Jose de Mayo","departamento":"San José"},"geometry":{"type":"MultiPolygon","coordinates":[[[[-56.732641,-34.341406],[-56.733723,-34.338607],[-56.736126,-34.337927],[-56.737755,-34.3378],[-56.738518,-34.337837],[-56.739939,-34.338107],[-56.740769,-34.338361],[-56.741915,-34.338896],[-56.749518,-34.343842],[-56.751316,-34.338375],[-56.749488,-34.337973],[-56.751517,-34.33566],[-56.751355,-34.335299],[-56.751339,-34.335021],[-56.751479,-34.334949],[-56.751503,-34.334814],[-56.751274,-34.334656],[-56.750917,-34.334685],[-56.750618,-34.33446],[-56.750583,-34.334254],[-56.750683,-34.333981],[-56.750594,-34.333709],[-56.750394,-34.333585],[-56.750365,-34.333354],[-56.749949,-34.332961],[-56.749656,-34.332868],[-56.748523,-34.332951],[-56.747845,-34.332502],[-56.747345,-34.331883],[-56.746876,-34.331869],[-56.74655,-34.331741],[-56.746328,-34.331757],[-56.745945,-34.331554],[-56.745573,-34.331561],[-56.7453,-34.331467],[-56.744694,-34.331404],[-56.74404,-34.331486],[-56.743905,-34.331138],[-56.743782,-34.331113],[-56.743615,-34.331203],[-56.743363,-34.331058],[-56.74305,-34.331101],[-56.742573,-34.330687],[-56.742242,-34.33056],[-56.741233,-34.329444],[-56.741275,-34.328786],[-56.740986,-34.328444],[-56.740637,-34.328379],[-56.740479,-34.328267],[-56.740653,-34.32793],[-56.740538,-34.327734],[-56.740644,-34.327534],[-56.740573,-34.327353],[-56.740744,-34.327055],[-56.74012,-34.325881],[-56.740145,-34.32518],[-56.739982,-34.324944],[-56.740087,-34.324746],[-56.739876,-34.324553],[-56.739943,-34.324386],[-56.739832,-34.324239],[-56.739831,-34.32399],[-56.738849,-34.323289],[-56.738538,-34.322981],[-56.738442,-34.322155],[-56.738234,-34.321883],[-56.737889,-34.321664],[-56.737749,-34.321631],[-56.737665,-34.3218],[-56.736799,-34.321883],[-56.736516,-34.321785],[-56.736182,-34.321428],[-56.73588,-34.32139],[-56.735689,-34.321754],[-56.73519,-34.322304],[-56.734666,-34.323222],[-56.734002,-34.323737],[-56.733891,-34.323868],[-56.733882,-34.324045],[-56.733713,-34.324188],[-56.733144,-34.324092],[-56.732177,-34.323696],[-56.731526,-34.32374],[-56.731084,-34.323981],[-56.72963,-34.32397],[-56.729099,-34.32363],[-56.728722,-34.323667],[-56.728515,-34.323562],[-56.72831,-34.323118],[-56.727916,-34.322959],[-56.726554,-34.32461],[-56.721967,-34.3216],[-56.720272,-34.321307],[-56.719609,-34.321056],[-56.717808,-34.319685],[-56.717568,-34.319443],[-56.720205,-34.318075],[-56.716311,-34.315025],[-56.715252,-34.315476],[-56.714703,-34.315903],[-56.71404,-34.316142],[-56.713323,-34.31665],[-56.713085,-34.316664],[-56.712734,-34.316483],[-56.712109,-34.31649],[-56.71014,-34.317628],[-56.708984,-34.317968],[-56.707629,-34.318197],[-56.706909,-34.318537],[-56.70658,-34.3188],[-56.705593,-34.318883],[-56.704973,-34.318772],[-56.704339,-34.318801],[-56.704046,-34.318588],[-56.703786,-34.318574],[-56.703241,-34.318665],[-56.702183,-34.319116],[-56.701654,-34.319536],[-56.700576,-34.320104],[-56.700212,-34.320416],[-56.699537,-34.32151],[-56.699131,-34.321941],[-56.699068,-34.322639],[-56.698547,-34.323037],[-56.697065,-34.323683],[-56.694025,-34.325687],[-56.693772,-34.325949],[-56.693372,-34.326148],[-56.693257,-34.326174],[-56.692828,-34.325968],[-56.692126,-34.326121],[-56.691641,-34.326127],[-56.689992,-34.326649],[-56.687762,-34.328185],[-56.687834,-34.32848],[-56.687806,-34.328832],[-56.687895,-34.329288],[-56.688061,-34.329553],[-56.688094,-34.330085],[-56.688593,-34.330739],[-56.688667,-34.331065],[-56.688655,-34.331667],[-56.688478,-34.332253],[-56.687046,-34.333735],[-56.686957,-34.334467],[-56.687037,-34.334913],[-56.688875,-34.337963],[-56.689385,-34.339246],[-56.689621,-34.340146],[-56.689634,-34.340265],[-56.689406,-34.340631],[-56.689362,-34.341305],[-56.689453,-34.34168],[-56.689726,-34.342042],[-56.689732,-34.34216],[-56.68948,-34.342533],[-56.689145,-34.342678],[-56.689149,-34.342934],[-56.69021,-34.343338],[-56.690891,-34.343419],[-56.691449,-34.343605],[-56.69184,-34.343822],[-56.692447,-34.344454],[-56.69323,-34.344671],[-56.693552,-34.345083],[-56.694977,-34.346053],[-56.69551,-34.346835],[-56.695609,-34.347355],[-56.695614,-34.34773],[-56.695363,-34.348746],[-56.694171,-34.349823],[-56.693774,-34.34991],[-56.693354,-34.349661],[-56.692435,-34.350166],[-56.691871,-34.350755],[-56.691452,-34.351546],[-56.690632,-34.352257],[-56.690424,-34.35254],[-56.689882,-34.352917],[-56.689876,-34.353409],[-56.690384,-34.353283],[-56.691169,-34.353597],[-56.691841,-34.353747],[-56.692248,-34.353758],[-56.69265,-34.353589],[-56.693152,-34.353862],[-56.693653,-34.353803],[-56.694681,-34.353354],[-56.696346,-34.352776],[-56.69696,-34.352696],[-56.697227,-34.35256],[-56.697387,-34.352357],[-56.6987,-34.351866],[-56.698859,-34.351731],[-56.699183,-34.351791],[-56.699401,-34.352149],[-56.699531,-34.352174],[-56.700521,-34.351737],[-56.701217,-34.351801],[-56.701497,-34.35194],[-56.7016,-34.35215],[-56.701735,-34.352165],[-56.702023,-34.352132],[-56.702262,-34.351842],[-56.70234,-34.351541],[-56.702442,-34.351449],[-56.703148,-34.351301],[-56.704302,-34.352083],[-56.705094,-34.352341],[-56.705245,-34.352312],[-56.705478,-34.352455],[-56.705521,-34.352965],[-56.705467,-34.353169],[-56.70595,-34.35343],[-56.706466,-34.354108],[-56.706728,-34.354314],[-56.706987,-34.354366],[-56.707417,-34.35502],[-56.707864,-34.355362],[-56.707924,-34.355662],[-56.708356,-34.355952],[-56.708546,-34.356242],[-56.708527,-34.356893],[-56.708179,-34.357964],[-56.708183,-34.358294],[-56.708737,-34.35904],[-56.70874,-34.359203],[-56.709568,-34.359789],[-56.709811,-34.360059],[-56.710236,-34.360247],[-56.711505,-34.360512],[-56.711638,-34.360302],[-56.712195,-34.35985],[-56.712565,-34.359942],[-56.713144,-34.359729],[-56.713437,-34.359768],[-56.713684,-34.359682],[-56.71446,-34.359765],[-56.71516,-34.359688],[-56.715341,-34.359769],[-56.71554,-34.360271],[-56.715776,-34.360351],[-56.716531,-34.360158],[-56.717278,-34.360354],[-56.718462,-34.360931],[-56.718758,-34.36089],[-56.719517,-34.361056],[-56.719965,-34.360992],[-56.720303,-34.361256],[-56.720353,-34.361377],[-56.721972,-34.361595],[-56.72326,-34.361675],[-56.724003,-34.3573],[-56.724183,-34.356648],[-56.724245,-34.356667],[-56.725219,-34.35402],[-56.725336,-34.353903],[-56.725318,-34.35374],[-56.726485,-34.350581],[-56.727772,-34.350905],[-56.728262,-34.349493],[-56.729582,-34.349825],[-56.731567,-34.344507],[-56.732641,-34.341406]]]]}},{"type":"Feature","properties":{"nombre":"Curtina","departamento":"Tacuarembó"},"geometry":{"type":"MultiPolygon","coordinates":[[[[-56.116971,-32.155111],[-56.117996,-32.155508],[-56.119685,-32.154945],[-56.118877,-32.153265],[-56.120668,-32.153077],[-56.1207,-32.152905],[-56.120334,-32.1504],[-56.120398,-32.15003],[-56.120227,-32.149568],[-56.119653,-32.14543],[-56.119633,-32.145185],[-56.119757,-32.145002],[-56.117428,-32.145234],[-56.117171,-32.143494],[-56.117143,-32.142249],[-56.116971,-32.141008],[-56.11711,-32.140978],[-56.117076,-32.140635],[-56.115557,-32.140853],[-56.114989,-32.13779],[-56.113389,-32.138001],[-56.113238,-32.137285],[-56.112729,-32.137368],[-56.112313,-32.134907],[-56.111965,-32.133697],[-56.11071,-32.142925],[-56.110699,-32.143968],[-56.110896,-32.14756],[-56.110807,-32.148701],[-56.111091,-32.148235],[-56.111703,-32.147767],[-56.112492,-32.147522],[-56.113024,-32.147467],[-56.112952,-32.148608],[-56.113021,-32.148963],[-56.113369,-32.149458],[-56.113214,-32.149774],[-56.113276,-32.150238],[-56.113083,-32.150655],[-56.113338,-32.151164],[-56.113268,-32.151242],[-56.113052,-32.15118],[-56.11289,-32.151775],[-56.113307,-32.152956],[-56.113284,-32.153397],[-56.113801,-32.154014],[-56.113733,-32.154292],[-56.113145,-32.154741],[-56.112944,-32.155096],[-56.112967,-32.15559],[-56.113268,-32.155938],[-56.113276,-32.156432],[-56.113494,-32.156375],[-56.113763,-32.156472],[-56.114311,-32.15586],[-56.114762,-32.15497],[-56.116971,-32.155111]]]]}},{"type":"Feature","properties":{"nombre":"Ansina","departamento":"Tacuarembó"},"geometry":{"type":"MultiPolygon","coordinates":[[[[-55.463445,-31.885339],[-55.463957,-31.884791],[-55.466988,-31.882503],[-55.46721,-31.88275],[-55.467235,-31.882518],[-55.467399,-31.882298],[-55.468846,-31.881606],[-55.468987,-31.882034],[-55.470428,-31.882525],[-55.471949,-31.882579],[-55.471988,-31.881968],[-55.472471,-31.881162],[-55.472645,-31.878631],[-55.471899,-31.876774],[-55.470866,-31.875347],[-55.470101,-31.874777],[-55.468537,-31.874315],[-55.467797,-31.874004],[-55.466542,-31.873161],[-55.465489,-31.871589],[-55.465155,-31.870735],[-55.463561,-31.87139],[-55.463087,-31.871342],[-55.462652,-31.871062],[-55.462449,-31.871014],[-55.461448,-31.871038],[-55.461035,-31.871173],[-55.460829,-31.871272],[-55.460196,-31.872236],[-55.459516,-31.872679],[-55.459332,-31.872984],[-55.458556,-31.873801],[-55.457473,-31.873938],[-55.457067,-31.873846],[-55.456392,-31.874073],[-55.456302,-31.874173],[-55.454901,-31.874315],[-55.452275,-31.87436],[-55.453394,-31.874919],[-55.451888,-31.877509],[-55.453553,-31.878181],[-55.452929,-31.879389],[-55.45225,-31.878468],[-55.45136,-31.880002],[-55.45224,-31.881154],[-55.45101,-31.883333],[-55.450921,-31.883869],[-55.451479,-31.883423],[-55.452373,-31.882931],[-55.455051,-31.881913],[-55.463445,-31.885339]]]]}},{"type":"Feature","properties":{"nombre":"Las Brujas","departamento":"Canelones"},"geometry":{"type":"MultiPolygon","coordinates":[[[[-56.399801,-34.695102],[-56.399898,-34.694898],[-56.400461,-34.694385],[-56.40087,-34.694484],[-56.401199,-34.694862],[-56.401602,-34.69473],[-56.401839,-34.694536],[-56.401978,-34.694297],[-56.402145,-34.694207],[-56.403004,-34.694349],[-56.403244,-34.69429],[-56.400707,-34.691388],[-56.400709,-34.691223],[-56.40059,-34.691099],[-56.404321,-34.68783],[-56.404764,-34.687578],[-56.409215,-34.685669],[-56.4088,-34.68496],[-56.40882,-34.684803],[-56.408696,-34.684619],[-56.40856,-34.684698],[-56.408631,-34.684794],[-56.407941,-34.685144],[-56.407286,-34.684229],[-56.407361,-34.684195],[-56.406847,-34.683445],[-56.406592,-34.68374],[-56.406907,-34.684506],[-56.400921,-34.687042],[-56.401517,-34.68752],[-56.400729,-34.688171],[-56.400241,-34.687812],[-56.399533,-34.68858],[-56.399212,-34.6883],[-56.3982,-34.689259],[-56.396433,-34.689332],[-56.387358,-34.682652],[-56.383414,-34.684311],[-56.383616,-34.684452],[-56.382811,-34.68488],[-56.385602,-34.686852],[-56.386165,-34.686321],[-56.387214,-34.687106],[-56.386634,-34.687644],[-56.389965,-34.69017],[-56.38956,-34.690571],[-56.391644,-34.692135],[-56.389978,-34.693709],[-56.390001,-34.696423],[-56.394325,-34.696569],[-56.395896,-34.69536],[-56.397213,-34.695045],[-56.399864,-34.695382],[-56.399801,-34.695102]]]]}},{"type":"Feature","properties":{"nombre":"25 de Mayo","departamento":"Florida"},"geometry":{"type":"MultiPolygon","coordinates":[[[[-56.351453,-34.204093],[-56.347152,-34.196218],[-56.343435,-34.186621],[-56.343316,-34.186507],[-56.344331,-34.183339],[-56.343131,-34.183398],[-56.341923,-34.183254],[-56.340549,-34.182962],[-56.34023,-34.183009],[-56.339596,-34.183584],[-56.33883,-34.183882],[-56.338596,-34.183797],[-56.338399,-34.183829],[-56.337728,-34.184137],[-56.336261,-34.18429],[-56.335139,-34.184602],[-56.33453,-34.184657],[-56.334234,-34.184447],[-56.333796,-34.184366],[-56.333349,-34.184131],[-56.332319,-34.18403],[-56.331518,-34.184405],[-56.331275,-34.184738],[-56.330074,-34.185322],[-56.329024,-34.185494],[-56.328602,-34.185398],[-56.328168,-34.185421],[-56.327907,-34.185509],[-56.327725,-34.185732],[-56.327381,-34.185948],[-56.327009,-34.186032],[-56.326621,-34.186038],[-56.326009,-34.185888],[-56.325985,-34.185802],[-56.325589,-34.185574],[-56.325162,-34.185427],[-56.324589,-34.18541],[-56.324441,-34.185472],[-56.324382,-34.185737],[-56.325073,-34.18682],[-56.325073,-34.1871],[-56.324296,-34.187197],[-56.323679,-34.187003],[-56.323292,-34.186982],[-56.323194,-34.187016],[-56.323048,-34.187187],[-56.323011,-34.187374],[-56.32269,-34.187694],[-56.322388,-34.188465],[-56.322479,-34.188705],[-56.322457,-34.188973],[-56.322611,-34.189093],[-56.322999,-34.189202],[-56.323228,-34.189448],[-56.323685,-34.189499],[-56.323867,-34.189693],[-56.323889,-34.18988],[-56.323576,-34.190344],[-56.323519,-34.190841],[-56.32421,-34.190864],[-56.324753,-34.190613],[-56.325181,-34.190636],[-56.326655,-34.191264],[-56.32677,-34.191534],[-56.326712,-34.191886],[-56.326997,-34.192109],[-56.327129,-34.192446],[-56.328214,-34.1926],[-56.328374,-34.1928],[-56.328465,-34.193194],[-56.329031,-34.193646],[-56.329236,-34.19364],[-56.329476,-34.193908],[-56.329545,-34.194103],[-56.329391,-34.1944],[-56.330122,-34.194565],[-56.330322,-34.194691],[-56.330213,-34.194868],[-56.330513,-34.195298],[-56.331158,-34.195475],[-56.33181,-34.195825],[-56.331841,-34.196479],[-56.332526,-34.196855],[-56.33305,-34.197316],[-56.335713,-34.200948],[-56.33638,-34.201997],[-56.337911,-34.204108],[-56.338372,-34.204591],[-56.339915,-34.206831],[-56.351579,-34.204323],[-56.351453,-34.204093]]]]}},{"type":"Feature","properties":{"nombre":"El Tesoro","departamento":"Maldonado"},"geometry":{"type":"MultiPolygon","coordinates":[[[[-54.875664,-34.907655],[-54.875589,-34.907361],[-54.87575,-34.90682],[-54.876339,-34.906525],[-54.876577,-34.906151],[-54.87608,-34.905803],[-54.875865,-34.905387],[-54.876137,-34.903379],[-54.876702,-34.902521],[-54.877382,-34.902029],[-54.87801,-34.901422],[-54.878399,-34.901237],[-54.878486,-34.900927],[-54.878914,-34.900463],[-54.879095,-34.899838],[-54.878364,-34.898819],[-54.878189,-34.898849],[-54.872875,-34.895099],[-54.872316,-34.895152],[-54.872196,-34.894488],[-54.871725,-34.894157],[-54.872196,-34.893567],[-54.870987,-34.893009],[-54.870313,-34.892954],[-54.870447,-34.892495],[-54.86819,-34.892447],[-54.868267,-34.890172],[-54.868724,-34.88715],[-54.868066,-34.883862],[-54.867119,-34.881953],[-54.865388,-34.879332],[-54.864486,-34.879745],[-54.863309,-34.879993],[-54.863209,-34.880112],[-54.86336,-34.880491],[-54.862972,-34.880737],[-54.862426,-34.892733],[-54.859441,-34.892125],[-54.858816,-34.903329],[-54.856194,-34.902407],[-54.856405,-34.902675],[-54.856882,-34.903874],[-54.857459,-34.905749],[-54.858932,-34.906818],[-54.860079,-34.908169],[-54.86102,-34.908807],[-54.861861,-34.909239],[-54.86178,-34.911285],[-54.864075,-34.911356],[-54.864255,-34.911283],[-54.864295,-34.911072],[-54.865213,-34.911064],[-54.865232,-34.911346],[-54.865419,-34.911076],[-54.866112,-34.909467],[-54.866316,-34.909277],[-54.871859,-34.908704],[-54.872273,-34.908721],[-54.87248,-34.908921],[-54.872568,-34.9094],[-54.872535,-34.910356],[-54.872974,-34.910379],[-54.873158,-34.910161],[-54.873972,-34.909759],[-54.874882,-34.909112],[-54.875664,-34.907655]]]]}},{"type":"Feature","properties":{"nombre":"Santa Clara de Olimar","departamento":"Treinta y Tres"},"geometry":{"type":"MultiPolygon","coordinates":[[[[-54.956708,-32.924067],[-54.95629,-32.923825],[-54.958455,-32.922201],[-54.958872,-32.922291],[-54.95927,-32.922203],[-54.96253,-32.91979],[-54.96332,-32.920532],[-54.963699,-32.92026],[-54.964577,-32.919939],[-54.964723,-32.918602],[-54.964093,-32.918632],[-54.963731,-32.917631],[-54.961483,-32.918228],[-54.961627,-32.917937],[-54.960996,-32.916774],[-54.960661,-32.914665],[-54.960446,-32.914371],[-54.960042,-32.914166],[-54.959973,-32.913582],[-54.959814,-32.913363],[-54.958621,-32.913588],[-54.958919,-32.914691],[-54.958728,-32.914648],[-54.95777,-32.914949],[-54.956776,-32.915015],[-54.955937,-32.915294],[-54.952859,-32.915777],[-54.952599,-32.91477],[-54.950691,-32.915099],[-54.950434,-32.914191],[-54.949227,-32.914409],[-54.94878,-32.912429],[-54.934939,-32.917929],[-54.934871,-32.918193],[-54.931247,-32.917897],[-54.928434,-32.917524],[-54.916559,-32.916556],[-54.914053,-32.916158],[-54.91385,-32.916544],[-54.924151,-32.918385],[-54.925669,-32.918576],[-54.925587,-32.919034],[-54.925684,-32.919079],[-54.929494,-32.919484],[-54.930629,-32.919758],[-54.93175,-32.924544],[-54.931138,-32.924587],[-54.93127,-32.926339],[-54.931369,-32.92679],[-54.931381,-32.927946],[-54.931759,-32.92939],[-54.932176,-32.929843],[-54.932166,-32.930437],[-54.932255,-32.930619],[-54.941958,-32.930025],[-54.941647,-32.926038],[-54.947713,-32.925766],[-54.948007,-32.925686],[-54.950749,-32.925494],[-54.951274,-32.926644],[-54.953148,-32.924976],[-54.954178,-32.925883],[-54.95606,-32.924378],[-54.956248,-32.92447],[-54.956708,-32.924067]]]]}},{"type":"Feature","properties":{"nombre":"La Paloma","departamento":"Durazno"},"geometry":{"type":"MultiPolygon","coordinates":[[[[-55.578937,-32.737373],[-55.5789,-32.737501],[-55.579145,-32.737628],[-55.579205,-32.737857],[-55.579328,-32.737956],[-55.579371,-32.73808],[-55.579268,-32.738201],[-55.57953,-32.738395],[-55.579636,-32.738648],[-55.583184,-32.735893],[-55.581608,-32.729449],[-55.585424,-32.729121],[-55.585535,-32.729009],[-55.585433,-32.728578],[-55.587498,-32.728252],[-55.587619,-32.728758],[-55.590557,-32.728293],[-55.590871,-32.729866],[-55.592913,-32.728414],[-55.593069,-32.726076],[-55.593031,-32.725941],[-55.592902,-32.725884],[-55.593041,-32.722928],[-55.592658,-32.72251],[-55.592535,-32.72219],[-55.591999,-32.721529],[-55.591762,-32.720916],[-55.591371,-32.718883],[-55.591202,-32.718587],[-55.590755,-32.718215],[-55.590047,-32.718026],[-55.589657,-32.71804],[-55.588619,-32.718274],[-55.573218,-32.719109],[-55.572764,-32.719161],[-55.572182,-32.719383],[-55.571667,-32.719873],[-55.571201,-32.720989],[-55.571097,-32.721334],[-55.571091,-32.721748],[-55.572949,-32.729122],[-55.57274,-32.730119],[-55.573195,-32.729844],[-55.575345,-32.738288],[-55.576081,-32.737858],[-55.576386,-32.738632],[-55.578989,-32.737109],[-55.579047,-32.737254],[-55.578937,-32.737373]]]]}},{"type":"Feature","properties":{"nombre":"Casahona","departamento":"Canelones"},"geometry":{"type":"MultiPolygon","coordinates":[[[[-55.972809,-34.797688],[-55.977317,-34.796892],[-55.976594,-34.794094],[-55.976417,-34.794134],[-55.975728,-34.794043],[-55.975453,-34.793729],[-55.975366,-34.793342],[-55.975165,-34.793166],[-55.974432,-34.793024],[-55.973952,-34.793105],[-55.973471,-34.793441],[-55.972814,-34.793695],[-55.97218,-34.793791],[-55.971339,-34.79409],[-55.969899,-34.792798],[-55.969644,-34.792795],[-55.96609,-34.793553],[-55.967536,-34.798669],[-55.972809,-34.797688]]]]}},{"type":"Feature","properties":{"nombre":"Carmelo Golf","departamento":"Colonia"},"geometry":{"type":"MultiPolygon","coordinates":[[[[-58.339616,-33.953867],[-58.350514,-33.950509],[-58.344134,-33.940109],[-58.343722,-33.940294],[-58.343633,-33.94058],[-58.343311,-33.940842],[-58.34333,-33.941117],[-58.343074,-33.941335],[-58.342814,-33.941739],[-58.342445,-33.94188],[-58.342145,-33.941853],[-58.341924,-33.942094],[-58.341767,-33.942146],[-58.341152,-33.941877],[-58.340745,-33.941833],[-58.340222,-33.941611],[-58.338967,-33.942076],[-58.337679,-33.942349],[-58.336116,-33.942278],[-58.335814,-33.942191],[-58.335375,-33.941836],[-58.334744,-33.941695],[-58.334215,-33.941456],[-58.333873,-33.941008],[-58.333622,-33.940989],[-58.333214,-33.940792],[-58.332807,-33.940944],[-58.332497,-33.940876],[-58.332058,-33.94105],[-58.330608,-33.941362],[-58.329874,-33.941688],[-58.329678,-33.942121],[-58.329332,-33.942381],[-58.329333,-33.942764],[-58.329132,-33.943085],[-58.328673,-33.943515],[-58.328002,-33.943726],[-58.327053,-33.943453],[-58.324969,-33.943486],[-58.323205,-33.942252],[-58.322344,-33.950118],[-58.323652,-33.951096],[-58.328696,-33.950295],[-58.329557,-33.953798],[-58.329651,-33.953792],[-58.330285,-33.956554],[-58.332352,-33.956109],[-58.339616,-33.953867]]]]}},{"type":"Feature","properties":{"nombre":"Punta del Este","departamento":"Maldonado"},"geometry":{"type":"MultiPolygon","coordinates":[[[[-54.948482,-34.969139],[-54.948786,-34.969617],[-54.948981,-34.969676],[-54.948942,-34.96986],[-54.94926,-34.969749],[-54.949191,-34.969897],[-54.949299,-34.969944],[-54.949476,-34.97018],[-54.949502,-34.97037],[-54.949661,-34.970506],[-54.949668,-34.970691],[-54.949777,-34.970754],[-54.949872,-34.971063],[-54.94984,-34.971228],[-54.950028,-34.971321],[-54.950096,-34.971267],[-54.95011,-34.971447],[-54.950278,-34.971499],[-54.950299,-34.971608],[-54.950356,-34.971624],[-54.950389,-34.971507],[-54.950497,-34.97156],[-54.950534,-34.971763],[-54.950984,-34.972024],[-54.951109,-34.972215],[-54.951197,-34.97299],[-54.951128,-34.973395],[-54.951261,-34.973359],[-54.95121,-34.973471],[-54.951461,-34.973786],[-54.951643,-34.973841],[-54.951942,-34.973577],[-54.952075,-34.973716],[-54.95217,-34.973714],[-54.952371,-34.973561],[-54.95283,-34.973485],[-54.952889,-34.97324],[-54.953077,-34.973245],[-54.953258,-34.973145],[-54.953266,-34.97291],[-54.953435,-34.972814],[-54.953441,-34.972671],[-54.953672,-34.972619],[-54.953632,-34.972456],[-54.95401,-34.972455],[-54.954195,-34.972288],[-54.954235,-34.972085],[-54.954037,-34.97179],[-54.954101,-34.971473],[-54.953975,-34.971206],[-54.953943,-34.970895],[-54.954202,-34.970228],[-54.954355,-34.970135],[-54.954396,-34.969975],[-54.954549,-34.969968],[-54.954503,-34.969775],[-54.954634,-34.969729],[-54.954742,-34.969292],[-54.954724,-34.968712],[-54.954806,-34.96852],[-54.954701,-34.968265],[-54.954875,-34.968138],[-54.954849,-34.967998],[-54.954751,-34.967937],[-54.954689,-34.967492],[-54.954786,-34.967417],[-54.954878,-34.967075],[-54.95476,-34.96665],[-54.954903,-34.966599],[-54.954973,-34.96627],[-54.954787,-34.966159],[-54.954763,-34.965863],[-54.954387,-34.965424],[-54.953745,-34.964341],[-54.953522,-34.964239],[-54.952863,-34.964327],[-54.952396,-34.964039],[-54.952203,-34.963825],[-54.952103,-34.963484],[-54.95225,-34.962381],[-54.951404,-34.960217],[-54.951146,-34.959734],[-54.950959,-34.959795],[-54.950935,-34.959918],[-54.951029,-34.959963],[-54.951988,-34.962477],[-54.951745,-34.963797],[-54.951146,-34.963868],[-54.951028,-34.963157],[-54.951245,-34.962896],[-54.950747,-34.961607],[-54.950933,-34.961551],[-54.950897,-34.961492],[-54.950628,-34.961563],[-54.950366,-34.960889],[-54.950298,-34.960912],[-54.95055,-34.961584],[-54.950469,-34.961606],[-54.950486,-34.961671],[-54.950675,-34.961624],[-54.951139,-34.962916],[-54.950996,-34.963096],[-54.950833,-34.963004],[-54.950767,-34.963093],[-54.950629,-34.963038],[-54.949869,-34.961998],[-54.950018,-34.961917],[-54.949967,-34.961863],[-54.949597,-34.962061],[-54.949625,-34.962116],[-54.949797,-34.962042],[-54.950544,-34.96307],[-54.95092,-34.963259],[-54.951045,-34.963873],[-54.950697,-34.96391],[-54.950041,-34.963603],[-54.94914,-34.962365],[-54.949315,-34.962277],[-54.949276,-34.962229],[-54.948905,-34.962415],[-54.949086,-34.962397],[-54.949999,-34.963621],[-54.949365,-34.963726],[-54.948553,-34.962658],[-54.948664,-34.962546],[-54.948365,-34.962696],[-54.948502,-34.962686],[-54.949287,-34.963736],[-54.948772,-34.963826],[-54.948082,-34.962901],[-54.948157,-34.962797],[-54.947859,-34.962962],[-54.948015,-34.962936],[-54.948738,-34.963886],[-54.949504,-34.963755],[-54.94957,-34.964182],[-54.949422,-34.964213],[-54.949423,-34.96431],[-54.949539,-34.964346],[-54.949657,-34.964643],[-54.948542,-34.964339],[-54.948497,-34.964474],[-54.948311,-34.964421],[-54.94835,-34.964288],[-54.947944,-34.964148],[-54.947806,-34.96419],[-54.947901,-34.964085],[-54.947742,-34.964095],[-54.947871,-34.964022],[-54.947723,-34.964077],[-54.947437,-34.963722],[-54.9473,-34.96373],[-54.947049,-34.96337],[-54.946611,-34.96324],[-54.946481,-34.962864],[-54.946572,-34.962791],[-54.946636,-34.962396],[-54.946788,-34.962169],[-54.946774,-34.961916],[-54.94649,-34.961771],[-54.946554,-34.961715],[-54.946058,-34.961567],[-54.945873,-34.961122],[-54.945982,-34.960998],[-54.946297,-34.960996],[-54.94633,-34.960883],[-54.946497,-34.960964],[-54.946616,-34.960902],[-54.946217,-34.960156],[-54.946179,-34.959915],[-54.94636,-34.959631],[-54.946319,-34.959287],[-54.946064,-34.959079],[-54.945934,-34.959185],[-54.945794,-34.959129],[-54.945709,-34.958938],[-54.94547,-34.958772],[-54.945478,-34.958664],[-54.945319,-34.958533],[-54.945332,-34.958373],[-54.944856,-34.957986],[-54.944849,-34.957821],[-54.944592,-34.95771],[-54.944465,-34.957478],[-54.944019,-34.957294],[-54.943895,-34.957383],[-54.943805,-34.957264],[-54.9435,-34.957228],[-54.943426,-34.957118],[-54.94325,-34.95714],[-54.94311,-34.957035],[-54.943115,-34.956949],[-54.942927,-34.956861],[-54.942488,-34.956829],[-54.942422,-34.956749],[-54.941507,-34.956473],[-54.941298,-34.956226],[-54.941175,-34.955819],[-54.941027,-34.955039],[-54.941028,-34.954392],[-54.941379,-34.953236],[-54.941245,-34.952552],[-54.941385,-34.951834],[-54.941508,-34.950166],[-54.941759,-34.949632],[-54.943179,-34.947289],[-54.943971,-34.945743],[-54.944436,-34.945221],[-54.945585,-34.944224],[-54.945977,-34.943686],[-54.946765,-34.942913],[-54.947535,-34.94179],[-54.948794,-34.940748],[-54.949253,-34.940474],[-54.950416,-34.939047],[-54.951027,-34.938558],[-54.951235,-34.938231],[-54.951971,-34.937527],[-54.952752,-34.936612],[-54.955286,-34.934409],[-54.953304,-34.932929],[-54.953248,-34.930899],[-54.953262,-34.930474],[-54.953366,-34.930415],[-54.953217,-34.93035],[-54.953194,-34.93024],[-54.952867,-34.922027],[-54.953129,-34.915468],[-54.953075,-34.915195],[-54.953172,-34.915062],[-54.953165,-34.914931],[-54.95305,-34.914818],[-54.953146,-34.914616],[-54.953066,-34.914583],[-54.953162,-34.914022],[-54.953203,-34.912833],[-54.950176,-34.914221],[-54.948461,-34.914918],[-54.947871,-34.914997],[-54.947279,-34.914908],[-54.946711,-34.914925],[-54.94593,-34.915178],[-54.944922,-34.914812],[-54.944936,-34.914626],[-54.944756,-34.914465],[-54.944262,-34.914509],[-54.943255,-34.914263],[-54.941877,-34.913711],[-54.941441,-34.913656],[-54.941319,-34.913518],[-54.940694,-34.913997],[-54.938429,-34.914823],[-54.935582,-34.914601],[-54.9345,-34.914461],[-54.932993,-34.914136],[-54.927285,-34.914836],[-54.923675,-34.915105],[-54.922364,-34.915151],[-54.921794,-34.914917],[-54.921546,-34.914977],[-54.921304,-34.915158],[-54.920059,-34.915348],[-54.908283,-34.916048],[-54.893676,-34.9168],[-54.883161,-34.914451],[-54.882561,-34.914439],[-54.881801,-34.91462],[-54.881474,-34.91483],[-54.88143,-34.915129],[-54.881268,-34.915015],[-54.881015,-34.914974],[-54.879882,-34.915195],[-54.878995,-34.915068],[-54.877006,-34.914432],[-54.876351,-34.914138],[-54.876033,-34.914129],[-54.875814,-34.913962],[-54.874625,-34.913644],[-54.87372,-34.913272],[-54.872791,-34.912558],[-54.872404,-34.912375],[-54.8725,-34.911574],[-54.872124,-34.911782],[-54.871522,-34.911696],[-54.870219,-34.91179],[-54.869077,-34.912365],[-54.868881,-34.912562],[-54.86883,-34.912841],[-54.868987,-34.913158],[-54.868881,-34.913403],[-54.869311,-34.914083],[-54.869439,-34.914479],[-54.869277,-34.914705],[-54.869133,-34.915238],[-54.868711,-34.915758],[-54.868028,-34.915913],[-54.86726,-34.91646],[-54.86702,-34.916553],[-54.866824,-34.917416],[-54.866623,-34.917524],[-54.866591,-34.918239],[-54.866374,-34.91857],[-54.866358,-34.918751],[-54.866584,-34.919469],[-54.866548,-34.919989],[-54.866728,-34.920251],[-54.86701,-34.920349],[-54.867709,-34.920363],[-54.868161,-34.920577],[-54.868641,-34.920937],[-54.869046,-34.920927],[-54.869628,-34.921114],[-54.870195,-34.921045],[-54.870496,-34.921412],[-54.87083,-34.921647],[-54.871659,-34.922032],[-54.872222,-34.922102],[-54.873335,-34.92273],[-54.874153,-34.92303],[-54.875175,-34.923811],[-54.875622,-34.92444],[-54.875934,-34.924695],[-54.87605,-34.924697],[-54.876434,-34.924406],[-54.877104,-34.924239],[-54.87835,-34.924294],[-54.879415,-34.924647],[-54.880884,-34.925354],[-54.884596,-34.926784],[-54.886974,-34.92787],[-54.890501,-34.929841],[-54.895962,-34.932582],[-54.896203,-34.932801],[-54.896448,-34.932852],[-54.897438,-34.933788],[-54.900692,-34.935669],[-54.902679,-34.936693],[-54.906597,-34.939242],[-54.910043,-34.941307],[-54.91018,-34.941464],[-54.910403,-34.941531],[-54.912051,-34.942665],[-54.914318,-34.943815],[-54.914953,-34.944341],[-54.915489,-34.944612],[-54.915637,-34.944768],[-54.916002,-34.944946],[-54.916379,-34.945003],[-54.917709,-34.945673],[-54.921701,-34.948006],[-54.923636,-34.949424],[-54.923894,-34.949734],[-54.92576,-34.950844],[-54.926792,-34.951563],[-54.927456,-34.952318],[-54.928017,-34.952747],[-54.928351,-34.953145],[-54.928557,-34.953244],[-54.929239,-34.95428],[-54.929993,-34.955012],[-54.930181,-34.955307],[-54.930604,-34.95521],[-54.931311,-34.955303],[-54.931872,-34.955488],[-54.932941,-34.956025],[-54.933347,-34.956131],[-54.934062,-34.956656],[-54.935248,-34.957317],[-54.936589,-34.958306],[-54.937766,-34.959757],[-54.937848,-34.959941],[-54.9378,-34.960602],[-54.937964,-34.960748],[-54.938019,-34.960973],[-54.938294,-34.961233],[-54.938584,-34.961226],[-54.938653,-34.961344],[-54.939068,-34.961454],[-54.939361,-34.961647],[-54.939952,-34.962228],[-54.940113,-34.962523],[-54.940356,-34.963758],[-54.940019,-34.964366],[-54.939803,-34.964495],[-54.939537,-34.964864],[-54.939426,-34.965373],[-54.939471,-34.965458],[-54.940015,-34.965423],[-54.940322,-34.965154],[-54.940684,-34.96505],[-54.940808,-34.96436],[-54.941186,-34.964285],[-54.941993,-34.964799],[-54.94226,-34.965289],[-54.942294,-34.965557],[-54.942509,-34.965698],[-54.942351,-34.965869],[-54.942549,-34.965869],[-54.942677,-34.965974],[-54.943196,-34.966112],[-54.943291,-34.966213],[-54.943262,-34.966423],[-54.943445,-34.966458],[-54.943425,-34.966601],[-54.943585,-34.96667],[-54.94377,-34.966603],[-54.943811,-34.966737],[-54.944168,-34.966906],[-54.945143,-34.966956],[-54.945465,-34.967149],[-54.945499,-34.967258],[-54.945696,-34.967197],[-54.946074,-34.967262],[-54.947008,-34.967653],[-54.947677,-34.968062],[-54.947865,-34.968319],[-54.947853,-34.968433],[-54.947996,-34.968451],[-54.948462,-34.968749],[-54.9484,-34.968893],[-54.948427,-34.969042],[-54.948534,-34.969004],[-54.948482,-34.969139]]]]}},{"type":"Feature","properties":{"nombre":"Centenario","departamento":"Durazno"},"geometry":{"type":"MultiPolygon","coordinates":[[[[-56.51532,-32.838484],[-56.516638,-32.835676],[-56.517204,-32.835852],[-56.517613,-32.835007],[-56.517027,-32.834801],[-56.517369,-32.834152],[-56.516039,-32.833699],[-56.516013,-32.833843],[-56.515756,-32.833494],[-56.515795,-32.833377],[-56.515588,-32.833363],[-56.515357,-32.834175],[-56.515011,-32.83498],[-56.512912,-32.839397],[-56.513413,-32.839584],[-56.514036,-32.838309],[-56.515132,-32.83867],[-56.515251,-32.838627],[-56.51532,-32.838484]]],[[[-56.501941,-32.83479],[-56.502221,-32.834438],[-56.503977,-32.835263],[-56.505831,-32.832469],[-56.507004,-32.830551],[-56.505847,-32.829982],[-56.505627,-32.830329],[-56.50341,-32.829335],[-56.503786,-32.827897],[-56.503938,-32.827701],[-56.50421,-32.827558],[-56.504243,-32.827225],[-56.504659,-32.826889],[-56.504595,-32.826639],[-56.504638,-32.826265],[-56.505049,-32.826095],[-56.50532,-32.826106],[-56.505655,-32.825834],[-56.505911,-32.825864],[-56.506318,-32.825292],[-56.507536,-32.823951],[-56.507796,-32.8235],[-56.507808,-32.823351],[-56.507614,-32.822953],[-56.507301,-32.822945],[-56.507085,-32.822799],[-56.506927,-32.822812],[-56.506921,-32.822939],[-56.506692,-32.822973],[-56.506616,-32.822914],[-56.506659,-32.822804],[-56.506503,-32.822757],[-56.506343,-32.822859],[-56.506213,-32.822791],[-56.506063,-32.822979],[-56.505982,-32.822917],[-56.505902,-32.822958],[-56.505796,-32.822836],[-56.505649,-32.822923],[-56.505421,-32.822867],[-56.505409,-32.823013],[-56.505244,-32.822934],[-56.505058,-32.823065],[-56.504774,-32.822951],[-56.504442,-32.823227],[-56.50425,-32.823103],[-56.503988,-32.823125],[-56.502171,-32.82354],[-56.502082,-32.823469],[-56.50213,-32.823412],[-56.50196,-32.823347],[-56.501535,-32.823421],[-56.501008,-32.823334],[-56.500641,-32.823425],[-56.500577,-32.823662],[-56.500405,-32.823788],[-56.500114,-32.823558],[-56.500031,-32.823313],[-56.49991,-32.823376],[-56.498962,-32.823023],[-56.498294,-32.823063],[-56.498177,-32.822964],[-56.497777,-32.822907],[-56.497347,-32.82272],[-56.497166,-32.82256],[-56.497183,-32.822479],[-56.496934,-32.822421],[-56.496871,-32.822328],[-56.496922,-32.822232],[-56.496827,-32.822293],[-56.496674,-32.822113],[-56.496353,-32.821943],[-56.496111,-32.82165],[-56.49593,-32.821624],[-56.495802,-32.82197],[-56.49601,-32.822615],[-56.495847,-32.822812],[-56.495544,-32.82293],[-56.49562,-32.823073],[-56.495311,-32.823273],[-56.495291,-32.823366],[-56.494834,-32.823593],[-56.494812,-32.823903],[-56.494305,-32.824237],[-56.493252,-32.824638],[-56.493006,-32.824966],[-56.492451,-32.825125],[-56.49246,-32.825525],[-56.491872,-32.825645],[-56.491823,-32.825796],[-56.49169,-32.825811],[-56.491498,-32.826046],[-56.491633,-32.82634],[-56.492116,-32.826633],[-56.492151,-32.826881],[-56.491935,-32.826862],[-56.491589,-32.827026],[-56.491434,-32.827234],[-56.491754,-32.827438],[-56.491677,-32.827676],[-56.491271,-32.827669],[-56.491091,-32.827871],[-56.491119,-32.828041],[-56.491319,-32.828227],[-56.491284,-32.8284],[-56.491123,-32.828385],[-56.490991,-32.828579],[-56.491335,-32.828949],[-56.491053,-32.829027],[-56.490992,-32.829144],[-56.491215,-32.829204],[-56.491236,-32.829347],[-56.491051,-32.829409],[-56.491009,-32.829589],[-56.491101,-32.829678],[-56.490992,-32.829811],[-56.49069,-32.829895],[-56.490659,-32.830061],[-56.490528,-32.830118],[-56.490548,-32.830226],[-56.490695,-32.8302],[-56.490714,-32.83026],[-56.490553,-32.830459],[-56.490643,-32.830605],[-56.490291,-32.83097],[-56.490323,-32.831162],[-56.490199,-32.831369],[-56.490236,-32.831498],[-56.490441,-32.831513],[-56.49045,-32.83161],[-56.490295,-32.831683],[-56.490549,-32.831923],[-56.490508,-32.832095],[-56.490275,-32.832174],[-56.49041,-32.832282],[-56.490356,-32.832421],[-56.49042,-32.832527],[-56.49027,-32.832869],[-56.490599,-32.833093],[-56.4906,-32.833283],[-56.490774,-32.833414],[-56.490686,-32.833686],[-56.492313,-32.833352],[-56.495295,-32.83413],[-56.495118,-32.834779],[-56.495171,-32.835018],[-56.493716,-32.839388],[-56.49339,-32.840178],[-56.493347,-32.84052],[-56.492546,-32.842887],[-56.498641,-32.843766],[-56.499301,-32.840915],[-56.499952,-32.839142],[-56.501107,-32.836317],[-56.501941,-32.83479]]]]}},{"type":"Feature","properties":{"nombre":"Guichon","departamento":"Paysandú"},"geometry":{"type":"MultiPolygon","coordinates":[[[[-57.208806,-32.365463],[-57.208883,-32.365386],[-57.213772,-32.365293],[-57.213936,-32.364948],[-57.213758,-32.364745],[-57.213488,-32.36464],[-57.213107,-32.364701],[-57.212322,-32.364315],[-57.212254,-32.364162],[-57.212353,-32.363944],[-57.212327,-32.36346],[-57.212567,-32.362976],[-57.212865,-32.362681],[-57.21454,-32.362002],[-57.215124,-32.361567],[-57.215739,-32.36055],[-57.216513,-32.360086],[-57.216655,-32.359461],[-57.216853,-32.358996],[-57.210819,-32.356819],[-57.211349,-32.353701],[-57.210597,-32.353621],[-57.210587,-32.353686],[-57.203822,-32.352841],[-57.204525,-32.349285],[-57.204744,-32.348664],[-57.200295,-32.348048],[-57.200151,-32.348516],[-57.200203,-32.348631],[-57.20014,-32.349134],[-57.20031,-32.349948],[-57.200118,-32.352228],[-57.197266,-32.351887],[-57.197616,-32.350015],[-57.195507,-32.349765],[-57.194905,-32.35088],[-57.194673,-32.351559],[-57.193904,-32.351456],[-57.193137,-32.352617],[-57.187129,-32.350055],[-57.184927,-32.35386],[-57.192428,-32.356991],[-57.191584,-32.360561],[-57.187345,-32.358751],[-57.187742,-32.35923],[-57.187559,-32.35951],[-57.187493,-32.360584],[-57.187552,-32.360677],[-57.187742,-32.360652],[-57.187835,-32.360752],[-57.187784,-32.360937],[-57.188164,-32.361258],[-57.188306,-32.361636],[-57.188265,-32.361799],[-57.188349,-32.36207],[-57.188164,-32.362273],[-57.188354,-32.362398],[-57.188181,-32.36253],[-57.188191,-32.362645],[-57.190858,-32.363794],[-57.190105,-32.367097],[-57.191971,-32.367683],[-57.193333,-32.368004],[-57.194168,-32.368335],[-57.19637,-32.36898],[-57.197806,-32.369192],[-57.198772,-32.367552],[-57.199528,-32.36585],[-57.199666,-32.365607],[-57.199933,-32.365384],[-57.201164,-32.365641],[-57.208806,-32.365463]]]]}},{"type":"Feature","properties":{"nombre":"Arenas de Jose Ignacio","departamento":"Maldonado"},"geometry":{"type":"MultiPolygon","coordinates":[[[[-54.626774,-34.828964],[-54.634708,-34.821888],[-54.636661,-34.814522],[-54.633599,-34.814232],[-54.633522,-34.814367],[-54.633689,-34.81444],[-54.633671,-34.814556],[-54.633334,-34.814863],[-54.633072,-34.815322],[-54.632454,-34.815789],[-54.631577,-34.816109],[-54.630462,-34.816843],[-54.630473,-34.816668],[-54.630218,-34.816559],[-54.630013,-34.816312],[-54.629522,-34.816435],[-54.629335,-34.816634],[-54.629206,-34.817398],[-54.62769,-34.817756],[-54.626655,-34.818449],[-54.626502,-34.81893],[-54.626548,-34.819204],[-54.62614,-34.819603],[-54.626131,-34.81982],[-54.625765,-34.820231],[-54.625466,-34.820073],[-54.624672,-34.819907],[-54.624599,-34.81976],[-54.624211,-34.819564],[-54.624106,-34.81963],[-54.622716,-34.819268],[-54.621846,-34.81894],[-54.620403,-34.818273],[-54.616947,-34.81648],[-54.61756,-34.816362],[-54.618139,-34.815912],[-54.619089,-34.814778],[-54.619368,-34.814096],[-54.619993,-34.813483],[-54.620177,-34.813006],[-54.620602,-34.812563],[-54.620651,-34.812367],[-54.621315,-34.811942],[-54.618285,-34.811324],[-54.616397,-34.816267],[-54.61429,-34.82127],[-54.613372,-34.823221],[-54.614733,-34.823904],[-54.616285,-34.824806],[-54.617688,-34.825744],[-54.61816,-34.825896],[-54.618481,-34.826207],[-54.619389,-34.826611],[-54.619654,-34.826874],[-54.619793,-34.826863],[-54.619944,-34.827037],[-54.620615,-34.827451],[-54.621101,-34.827642],[-54.624009,-34.829707],[-54.625753,-34.828191],[-54.626774,-34.828964]]]]}},{"type":"Feature","properties":{"nombre":"Piedras Coloradas","departamento":"Paysandú"},"geometry":{"type":"MultiPolygon","coordinates":[[[[-57.612608,-32.375685],[-57.613407,-32.375705],[-57.612702,-32.369838],[-57.611163,-32.370002],[-57.610035,-32.369982],[-57.609943,-32.369856],[-57.609586,-32.36848],[-57.609187,-32.368341],[-57.607685,-32.369985],[-57.608123,-32.370331],[-57.602359,-32.37092],[-57.602161,-32.371434],[-57.601577,-32.371511],[-57.601518,-32.371581],[-57.601647,-32.372561],[-57.600992,-32.372662],[-57.600977,-32.37256],[-57.600488,-32.37262],[-57.600634,-32.373728],[-57.601826,-32.373624],[-57.602291,-32.375311],[-57.604161,-32.37539],[-57.60488,-32.375521],[-57.608667,-32.376553],[-57.609594,-32.376156],[-57.609982,-32.37557],[-57.610959,-32.375715],[-57.612608,-32.375685]]]]}},{"type":"Feature","properties":{"nombre":"Paso del Cerro","departamento":"Tacuarembó"},"geometry":{"type":"MultiPolygon","coordinates":[[[[-55.835387,-31.478592],[-55.83635,-31.478148],[-55.836938,-31.479109],[-55.837998,-31.478614],[-55.838195,-31.478844],[-55.83888,-31.478395],[-55.838745,-31.478207],[-55.838735,-31.478008],[-55.839115,-31.478133],[-55.839737,-31.4782],[-55.839932,-31.478089],[-55.840199,-31.477677],[-55.840022,-31.477807],[-55.838824,-31.477531],[-55.838631,-31.477583],[-55.838432,-31.477236],[-55.838143,-31.477275],[-55.837707,-31.477072],[-55.837236,-31.476526],[-55.837225,-31.476251],[-55.837121,-31.476042],[-55.836754,-31.475803],[-55.835922,-31.475609],[-55.835679,-31.475479],[-55.835394,-31.474987],[-55.834353,-31.474208],[-55.832901,-31.4736],[-55.832053,-31.473393],[-55.832164,-31.473585],[-55.831252,-31.474113],[-55.831346,-31.474238],[-55.831198,-31.475216],[-55.831342,-31.475491],[-55.83131,-31.475839],[-55.831445,-31.476242],[-55.830096,-31.477851],[-55.828856,-31.476845],[-55.827738,-31.478228],[-55.828269,-31.478567],[-55.828177,-31.478668],[-55.828959,-31.479168],[-55.829489,-31.479808],[-55.828667,-31.48073],[-55.830634,-31.482475],[-55.831084,-31.482342],[-55.831592,-31.482005],[-55.832174,-31.481054],[-55.833742,-31.479422],[-55.835387,-31.478592]]]]}},{"type":"Feature","properties":{"nombre":"Arrocera Zapata","departamento":"Treinta y Tres"},"geometry":{"type":"MultiPolygon","coordinates":[[[[-53.615628,-32.863401],[-53.615526,-32.863363],[-53.614877,-32.86436],[-53.615156,-32.864765],[-53.614568,-32.865937],[-53.615779,-32.86644],[-53.615117,-32.867731],[-53.615667,-32.867936],[-53.617357,-32.864379],[-53.61755,-32.864455],[-53.617504,-32.864563],[-53.618217,-32.86482],[-53.618979,-32.863252],[-53.618897,-32.863218],[-53.618981,-32.862987],[-53.618187,-32.862681],[-53.618917,-32.861135],[-53.619142,-32.860812],[-53.621123,-32.858849],[-53.619873,-32.85802],[-53.617816,-32.860559],[-53.618418,-32.860768],[-53.617599,-32.861991],[-53.616374,-32.861979],[-53.615628,-32.863401]]]]}},{"type":"Feature","properties":{"nombre":"La Aguada y Costa Azul","departamento":"Rocha"},"geometry":{"type":"MultiPolygon","coordinates":[[[[-54.163381,-34.637437],[-54.165345,-34.634103],[-54.165614,-34.633372],[-54.165768,-34.631609],[-54.165694,-34.631105],[-54.164581,-34.627824],[-54.15867,-34.625744],[-54.155249,-34.62743],[-54.154833,-34.626513],[-54.155268,-34.625684],[-54.155254,-34.625498],[-54.154083,-34.62335],[-54.153957,-34.623268],[-54.156904,-34.622148],[-54.156612,-34.621642],[-54.155314,-34.621379],[-54.154443,-34.62094],[-54.153192,-34.621748],[-54.15283,-34.621181],[-54.151479,-34.622086],[-54.150491,-34.622633],[-54.151064,-34.623644],[-54.149716,-34.624079],[-54.15105,-34.626541],[-54.151405,-34.627048],[-54.151781,-34.627858],[-54.152334,-34.628587],[-54.152706,-34.629822],[-54.153327,-34.631285],[-54.153679,-34.631543],[-54.153572,-34.632322],[-54.154114,-34.633903],[-54.154207,-34.634799],[-54.15449,-34.63546],[-54.154754,-34.637858],[-54.154742,-34.638823],[-54.154873,-34.639228],[-54.154667,-34.642167],[-54.154149,-34.645162],[-54.153963,-34.645865],[-54.157575,-34.646217],[-54.159467,-34.646312],[-54.159835,-34.646268],[-54.160704,-34.643741],[-54.161628,-34.6407],[-54.162123,-34.639574],[-54.163381,-34.637437]]]]}},{"type":"Feature","properties":{"nombre":"San Javier","departamento":"Río Negro"},"geometry":{"type":"MultiPolygon","coordinates":[[[[-58.136629,-32.670992],[-58.136774,-32.670907],[-58.136805,-32.67062],[-58.136403,-32.670515],[-58.136307,-32.670221],[-58.137015,-32.669345],[-58.137312,-32.66873],[-58.137382,-32.668322],[-58.137569,-32.668294],[-58.138123,-32.668474],[-58.138862,-32.668849],[-58.139434,-32.667586],[-58.139461,-32.667065],[-58.139754,-32.666642],[-58.139934,-32.665283],[-58.140207,-32.665102],[-58.140248,-32.66494],[-58.140249,-32.664856],[-58.139814,-32.664834],[-58.139801,-32.664954],[-58.139278,-32.665074],[-58.13908,-32.665205],[-58.138904,-32.665139],[-58.138393,-32.665387],[-58.138408,-32.665562],[-58.138062,-32.66569],[-58.137579,-32.665231],[-58.137612,-32.665096],[-58.138076,-32.665159],[-58.137963,-32.664697],[-58.137882,-32.664652],[-58.137953,-32.664561],[-58.137894,-32.664513],[-58.137931,-32.664097],[-58.137852,-32.663896],[-58.137848,-32.663663],[-58.138032,-32.663268],[-58.138,-32.66321],[-58.137616,-32.663263],[-58.137992,-32.663124],[-58.137874,-32.662671],[-58.138101,-32.662217],[-58.138313,-32.661244],[-58.138137,-32.661065],[-58.138381,-32.661091],[-58.138522,-32.660778],[-58.138465,-32.66048],[-58.138615,-32.660403],[-58.138677,-32.660217],[-58.138614,-32.659575],[-58.138391,-32.65926],[-58.137991,-32.659119],[-58.137966,-32.659031],[-58.138268,-32.659158],[-58.138299,-32.659109],[-58.137941,-32.658447],[-58.137471,-32.657991],[-58.137324,-32.657467],[-58.137192,-32.657285],[-58.136564,-32.657141],[-58.136264,-32.657286],[-58.135734,-32.657218],[-58.128296,-32.660835],[-58.127286,-32.659804],[-58.123757,-32.661441],[-58.125089,-32.66258],[-58.128197,-32.66724],[-58.126262,-32.668169],[-58.126167,-32.668277],[-58.127599,-32.670488],[-58.129781,-32.669623],[-58.133456,-32.675039],[-58.133739,-32.674814],[-58.133867,-32.674801],[-58.133876,-32.674588],[-58.134548,-32.674369],[-58.134685,-32.674392],[-58.135109,-32.674016],[-58.135414,-32.673515],[-58.135409,-32.673133],[-58.135739,-32.672445],[-58.135785,-32.672175],[-58.135729,-32.671903],[-58.136392,-32.671647],[-58.136508,-32.671175],[-58.136629,-32.670992]]]]}},{"type":"Feature","properties":{"nombre":"Paso Ataques","departamento":"Rivera"},"geometry":{"type":"MultiPolygon","coordinates":[[[[-55.357895,-31.207775],[-55.358789,-31.208093],[-55.359115,-31.207318],[-55.358812,-31.207209],[-55.358925,-31.206958],[-55.358571,-31.206864],[-55.359398,-31.20523],[-55.359137,-31.205112],[-55.359393,-31.204606],[-55.36009,-31.204887],[-55.36024,-31.204497],[-55.359838,-31.204331],[-55.360275,-31.203406],[-55.360769,-31.202017],[-55.361535,-31.202473],[-55.362098,-31.201529],[-55.362309,-31.201341],[-55.362823,-31.201752],[-55.363513,-31.200995],[-55.362873,-31.200587],[-55.363313,-31.199799],[-55.362708,-31.199376],[-55.363059,-31.198949],[-55.363248,-31.198475],[-55.363841,-31.197509],[-55.364015,-31.196705],[-55.363994,-31.196459],[-55.36414,-31.196043],[-55.364299,-31.195859],[-55.364368,-31.195459],[-55.363762,-31.195438],[-55.363403,-31.195165],[-55.362029,-31.197408],[-55.361311,-31.19918],[-55.359584,-31.198844],[-55.35946,-31.199655],[-55.358006,-31.205926],[-55.357772,-31.206244],[-55.357853,-31.206399],[-55.352015,-31.213937],[-55.353659,-31.213124],[-55.354703,-31.211961],[-55.356561,-31.213019],[-55.357182,-31.210494],[-55.358252,-31.210659],[-55.358496,-31.209794],[-55.357202,-31.209565],[-55.356915,-31.209169],[-55.357895,-31.207775]]]]}},{"type":"Feature","properties":{"nombre":"Barra de Portezuelo","departamento":"Maldonado"},"geometry":{"type":"MultiPolygon","coordinates":[[[[-55.198385,-34.888388],[-55.199792,-34.888818],[-55.203589,-34.889718],[-55.205039,-34.890177],[-55.206844,-34.890559],[-55.207123,-34.889221],[-55.206868,-34.888798],[-55.194706,-34.874257],[-55.194041,-34.874469],[-55.193824,-34.874787],[-55.193735,-34.875301],[-55.193519,-34.875496],[-55.19255,-34.875753],[-55.192262,-34.87622],[-55.192327,-34.876579],[-55.192275,-34.876783],[-55.191721,-34.877092],[-55.191455,-34.877016],[-55.191011,-34.876282],[-55.191011,-34.876017],[-55.191143,-34.875737],[-55.190975,-34.875426],[-55.190783,-34.875276],[-55.190488,-34.875244],[-55.189853,-34.874969],[-55.189427,-34.874971],[-55.189334,-34.875033],[-55.189333,-34.875504],[-55.189803,-34.876016],[-55.190004,-34.876716],[-55.189649,-34.877169],[-55.189306,-34.877324],[-55.188908,-34.876892],[-55.188995,-34.87648],[-55.188915,-34.876223],[-55.188791,-34.876144],[-55.18832,-34.876277],[-55.188333,-34.876813],[-55.188201,-34.876911],[-55.187981,-34.876922],[-55.187207,-34.876484],[-55.186823,-34.875951],[-55.186287,-34.875737],[-55.185964,-34.875117],[-55.185509,-34.874922],[-55.185007,-34.875261],[-55.184857,-34.875481],[-55.184874,-34.875612],[-55.185638,-34.876054],[-55.18595,-34.876622],[-55.18595,-34.876844],[-55.185786,-34.877148],[-55.185439,-34.87725],[-55.196157,-34.886398],[-55.198055,-34.888313],[-55.198385,-34.888388]]]]}},{"type":"Feature","properties":{"nombre":"Villa Maria","departamento":"Río Negro"},"geometry":{"type":"MultiPolygon","coordinates":[[[[-57.379841,-32.565047],[-57.384072,-32.564898],[-57.383074,-32.562545],[-57.384049,-32.562245],[-57.383492,-32.560955],[-57.382458,-32.561187],[-57.381915,-32.561229],[-57.375375,-32.561439],[-57.371119,-32.561486],[-57.371255,-32.565306],[-57.379841,-32.565047]]]]}},{"type":"Feature","properties":{"nombre":"La Lucha","departamento":"Canelones"},"geometry":{"type":"MultiPolygon","coordinates":[[[[-56.242025,-34.749809],[-56.243753,-34.749434],[-56.243877,-34.749328],[-56.243294,-34.747486],[-56.243487,-34.747424],[-56.24262,-34.744634],[-56.240593,-34.744984],[-56.241801,-34.749878],[-56.242025,-34.749809]]]]}},{"type":"Feature","properties":{"nombre":"Guaviyu de Arapey","departamento":"Salto"},"geometry":{"type":"MultiPolygon","coordinates":[[[[-56.689112,-31.089442],[-56.6891,-31.08877],[-56.689215,-31.088691],[-56.689132,-31.086811],[-56.688833,-31.086941],[-56.688686,-31.08675],[-56.688441,-31.086684],[-56.688456,-31.086489],[-56.688222,-31.086359],[-56.687807,-31.086407],[-56.687726,-31.08653],[-56.687436,-31.086629],[-56.687314,-31.086488],[-56.687179,-31.086489],[-56.687003,-31.086602],[-56.686929,-31.086852],[-56.687557,-31.088332],[-56.686865,-31.088368],[-56.685771,-31.088863],[-56.685789,-31.089012],[-56.686219,-31.08959],[-56.685675,-31.089901],[-56.685955,-31.090327],[-56.684172,-31.091363],[-56.68449,-31.091848],[-56.687298,-31.091314],[-56.687985,-31.092292],[-56.68938,-31.091941],[-56.68931,-31.090939],[-56.689155,-31.090751],[-56.689779,-31.089659],[-56.689092,-31.089571],[-56.689112,-31.089442]]]]}},{"type":"Feature","properties":{"nombre":"Paso Cementerio","departamento":"Salto"},"geometry":{"type":"MultiPolygon","coordinates":[[[[-56.740968,-31.403582],[-56.741132,-31.403853],[-56.743891,-31.402534],[-56.743574,-31.401994],[-56.742662,-31.402228],[-56.742397,-31.401642],[-56.741956,-31.401761],[-56.74161,-31.401158],[-56.740839,-31.401458],[-56.741158,-31.401981],[-56.740198,-31.40238],[-56.740968,-31.403582]]]]}},{"type":"Feature","properties":{"nombre":"Cerros de Vera","departamento":"Salto"},"geometry":{"type":"MultiPolygon","coordinates":[[[[-56.815287,-31.604508],[-56.815697,-31.60464],[-56.815802,-31.604201],[-56.815696,-31.604166],[-56.815569,-31.60323],[-56.814802,-31.603278],[-56.813065,-31.599256],[-56.812909,-31.598711],[-56.812777,-31.597743],[-56.81006,-31.597547],[-56.809538,-31.596201],[-56.809107,-31.596221],[-56.809455,-31.598193],[-56.809107,-31.598193],[-56.809136,-31.598327],[-56.810365,-31.598587],[-56.810887,-31.599845],[-56.81227,-31.600877],[-56.812745,-31.601974],[-56.812194,-31.603359],[-56.813009,-31.603501],[-56.812152,-31.605219],[-56.812925,-31.60714],[-56.814665,-31.604231],[-56.815287,-31.604508]]]]}},{"type":"Feature","properties":{"nombre":"Laureles","departamento":"Salto"},"geometry":{"type":"MultiPolygon","coordinates":[[[[-57.52556,-31.499534],[-57.526189,-31.499398],[-57.528183,-31.498624],[-57.527853,-31.497209],[-57.52697,-31.497551],[-57.526932,-31.497412],[-57.526016,-31.497651],[-57.525265,-31.49796],[-57.525386,-31.498514],[-57.523045,-31.498926],[-57.522902,-31.499048],[-57.523126,-31.5],[-57.52556,-31.499534]]]]}},{"type":"Feature","properties":{"nombre":"Termas del Dayman","departamento":"Salto"},"geometry":{"type":"MultiPolygon","coordinates":[[[[-57.909209,-31.45971],[-57.909541,-31.459389],[-57.911076,-31.458923],[-57.91148,-31.458659],[-57.911286,-31.457701],[-57.912484,-31.456345],[-57.913579,-31.456822],[-57.914536,-31.456445],[-57.914772,-31.45461],[-57.914485,-31.453973],[-57.914895,-31.452697],[-57.912653,-31.451646],[-57.913578,-31.450247],[-57.918388,-31.443632],[-57.918146,-31.443498],[-57.917676,-31.443487],[-57.917467,-31.443105],[-57.917028,-31.442733],[-57.916812,-31.442677],[-57.916471,-31.442409],[-57.916177,-31.441951],[-57.916168,-31.441771],[-57.916042,-31.441728],[-57.915691,-31.441216],[-57.915616,-31.440944],[-57.914986,-31.440113],[-57.913534,-31.439477],[-57.910877,-31.442915],[-57.909501,-31.442244],[-57.905313,-31.448258],[-57.906415,-31.448826],[-57.902677,-31.453708],[-57.902754,-31.453888],[-57.905662,-31.455353],[-57.905783,-31.455516],[-57.905785,-31.4556],[-57.905435,-31.455897],[-57.905012,-31.456607],[-57.903331,-31.458893],[-57.904329,-31.458885],[-57.905017,-31.459048],[-57.907237,-31.459822],[-57.908148,-31.459917],[-57.908897,-31.460123],[-57.909209,-31.45971]]]]}},{"type":"Feature","properties":{"nombre":"Albisu","departamento":"Salto"},"geometry":{"type":"MultiPolygon","coordinates":[[[[-57.815489,-31.385979],[-57.817112,-31.385664],[-57.816811,-31.38418],[-57.816876,-31.384007],[-57.816494,-31.381976],[-57.812673,-31.381931],[-57.813414,-31.386306],[-57.815489,-31.385979]]]]}},{"type":"Feature","properties":{"nombre":"Biassini","departamento":"Salto"},"geometry":{"type":"MultiPolygon","coordinates":[[[[-57.124845,-31.280001],[-57.125255,-31.280812],[-57.128842,-31.279403],[-57.127564,-31.276909],[-57.128139,-31.276696],[-57.127703,-31.275777],[-57.12715,-31.275825],[-57.125785,-31.276282],[-57.12579,-31.276346],[-57.125129,-31.276584],[-57.125013,-31.276622],[-57.124934,-31.276559],[-57.123279,-31.277205],[-57.123105,-31.277134],[-57.122591,-31.277284],[-57.121968,-31.2759],[-57.120721,-31.276354],[-57.121149,-31.277385],[-57.120447,-31.27753],[-57.120086,-31.277389],[-57.120063,-31.277262],[-57.120188,-31.276962],[-57.120208,-31.275966],[-57.120033,-31.275736],[-57.11992,-31.275048],[-57.119692,-31.274741],[-57.11941,-31.274025],[-57.119334,-31.273937],[-57.11903,-31.273926],[-57.118894,-31.273395],[-57.116719,-31.273807],[-57.118542,-31.279313],[-57.118656,-31.279512],[-57.118938,-31.279746],[-57.119406,-31.279866],[-57.119564,-31.280348],[-57.122007,-31.279456],[-57.121799,-31.279065],[-57.123949,-31.27826],[-57.124845,-31.280001]]]]}},{"type":"Feature","properties":{"nombre":"Las Flores","departamento":"Salto"},"geometry":{"type":"MultiPolygon","coordinates":[[[[-57.031312,-31.060184],[-57.03214,-31.060207],[-57.032526,-31.060054],[-57.032954,-31.060012],[-57.034442,-31.05947],[-57.0351,-31.059137],[-57.036123,-31.058814],[-57.037486,-31.058089],[-57.035502,-31.053939],[-57.030906,-31.054742],[-57.031312,-31.060184]]]]}},{"type":"Feature","properties":{"nombre":"Colonia Itapebi","departamento":"Salto"},"geometry":{"type":"MultiPolygon","coordinates":[[[[-57.40332,-31.339627],[-57.404657,-31.341024],[-57.408406,-31.339206],[-57.408527,-31.339337],[-57.410788,-31.338185],[-57.409554,-31.336546],[-57.408661,-31.335161],[-57.401897,-31.338534],[-57.402126,-31.338669],[-57.402012,-31.338688],[-57.402367,-31.339255],[-57.402819,-31.339045],[-57.40332,-31.339627]]]]}},{"type":"Feature","properties":{"nombre":"Olivera","departamento":"Salto"},"geometry":{"type":"MultiPolygon","coordinates":[[[[-56.876182,-31.123476],[-56.876189,-31.123795],[-56.87707,-31.127877],[-56.881891,-31.126162],[-56.879995,-31.117303],[-56.878515,-31.118485],[-56.878287,-31.117925],[-56.877594,-31.118217],[-56.877365,-31.118143],[-56.877089,-31.118204],[-56.876689,-31.118031],[-56.876279,-31.118142],[-56.876166,-31.118331],[-56.875593,-31.118497],[-56.875303,-31.118814],[-56.875779,-31.121312],[-56.875012,-31.121585],[-56.875014,-31.122307],[-56.874888,-31.123043],[-56.875232,-31.123603],[-56.876182,-31.123476]]]]}},{"type":"Feature","properties":{"nombre":"Mariscala","departamento":"Lavalleja"},"geometry":{"type":"MultiPolygon","coordinates":[[[[-54.78243,-34.047081],[-54.782438,-34.034707],[-54.781723,-34.034865],[-54.781498,-34.034559],[-54.781068,-34.034204],[-54.780436,-34.034001],[-54.779828,-34.033605],[-54.779246,-34.033743],[-54.778727,-34.033704],[-54.777991,-34.033835],[-54.77786,-34.033448],[-54.777288,-34.033399],[-54.776653,-34.03312],[-54.776482,-34.033115],[-54.775931,-34.032806],[-54.775577,-34.032804],[-54.775224,-34.032943],[-54.774558,-34.032937],[-54.773829,-34.033475],[-54.773336,-34.033549],[-54.772754,-34.033443],[-54.772117,-34.033535],[-54.771105,-34.033344],[-54.770823,-34.033606],[-54.770037,-34.033796],[-54.769773,-34.034164],[-54.769275,-34.034478],[-54.769062,-34.034473],[-54.769061,-34.034688],[-54.768707,-34.035005],[-54.768485,-34.035439],[-54.768011,-34.035682],[-54.768054,-34.036555],[-54.767392,-34.037117],[-54.765926,-34.037724],[-54.765404,-34.037741],[-54.764847,-34.038284],[-54.764071,-34.038254],[-54.763876,-34.038355],[-54.763711,-34.038588],[-54.763251,-34.038742],[-54.762351,-34.038632],[-54.761226,-34.03945],[-54.760869,-34.039619],[-54.765405,-34.041561],[-54.768234,-34.042974],[-54.768188,-34.043142],[-54.767883,-34.043298],[-54.766412,-34.044441],[-54.771107,-34.051686],[-54.771954,-34.051397],[-54.773241,-34.050793],[-54.776023,-34.049309],[-54.779515,-34.052178],[-54.781684,-34.052889],[-54.782433,-34.053064],[-54.78243,-34.047081]]]]}},{"type":"Feature","properties":{"nombre":"Jose Batlle y Ordoñez","departamento":"Lavalleja"},"geometry":{"type":"MultiPolygon","coordinates":[[[[-55.147087,-33.48269],[-55.148032,-33.482622],[-55.148407,-33.482732],[-55.152212,-33.48558],[-55.154299,-33.486975],[-55.154944,-33.486143],[-55.154998,-33.48588],[-55.154396,-33.485318],[-55.153212,-33.484438],[-55.152004,-33.483776],[-55.151321,-33.48326],[-55.150686,-33.482382],[-55.150319,-33.481454],[-55.150218,-33.4804],[-55.150422,-33.479305],[-55.150704,-33.478665],[-55.151856,-33.476778],[-55.152158,-33.476076],[-55.151932,-33.475969],[-55.151808,-33.47566],[-55.149703,-33.468201],[-55.148077,-33.466278],[-55.145312,-33.46383],[-55.144788,-33.463447],[-55.142729,-33.462261],[-55.142688,-33.462303],[-55.142005,-33.462063],[-55.140884,-33.461609],[-55.139493,-33.461515],[-55.13921,-33.46139],[-55.139078,-33.46236],[-55.140888,-33.462519],[-55.139867,-33.46516],[-55.139534,-33.465837],[-55.137422,-33.46489],[-55.137412,-33.465394],[-55.137626,-33.465776],[-55.137502,-33.466538],[-55.137727,-33.467033],[-55.137833,-33.467562],[-55.137766,-33.46775],[-55.13764,-33.46781],[-55.137814,-33.468054],[-55.137706,-33.468343],[-55.137727,-33.468398],[-55.138136,-33.468419],[-55.138249,-33.468567],[-55.1388,-33.468746],[-55.138989,-33.468883],[-55.139096,-33.469133],[-55.139348,-33.469276],[-55.139631,-33.469739],[-55.139641,-33.470017],[-55.139763,-33.470128],[-55.139873,-33.470432],[-55.140266,-33.470835],[-55.140633,-33.470949],[-55.140471,-33.471193],[-55.140573,-33.471368],[-55.140545,-33.471523],[-55.140329,-33.471598],[-55.140245,-33.471742],[-55.140321,-33.472102],[-55.140177,-33.472225],[-55.14017,-33.472487],[-55.139948,-33.472592],[-55.139801,-33.472862],[-55.139477,-33.473027],[-55.139288,-33.473284],[-55.138703,-33.473673],[-55.138513,-33.474097],[-55.138349,-33.474274],[-55.138502,-33.474554],[-55.137996,-33.474777],[-55.137813,-33.475228],[-55.137845,-33.475788],[-55.138189,-33.476171],[-55.138151,-33.476353],[-55.138302,-33.476634],[-55.138621,-33.476963],[-55.139045,-33.477142],[-55.138848,-33.477381],[-55.138856,-33.477864],[-55.13924,-33.478784],[-55.139179,-33.47909],[-55.138261,-33.479576],[-55.138415,-33.479858],[-55.138329,-33.480124],[-55.138386,-33.480235],[-55.138577,-33.480323],[-55.138557,-33.480428],[-55.14622,-33.482717],[-55.147087,-33.48269]]]]}},{"type":"Feature","properties":{"nombre":"Piedra Sola","departamento":"Paysandú"},"geometry":{"type":"MultiPolygon","coordinates":[[[[-56.311941,-32.088657],[-56.313504,-32.087916],[-56.313674,-32.087737],[-56.313017,-32.087146],[-56.312634,-32.08666],[-56.311979,-32.085406],[-56.312314,-32.085524],[-56.31,-32.080728],[-56.309614,-32.079777],[-56.309462,-32.079064],[-56.309504,-32.078321],[-56.309665,-32.077676],[-56.310132,-32.077618],[-56.312272,-32.07588],[-56.31336,-32.075484],[-56.312862,-32.075012],[-56.312651,-32.074942],[-56.313186,-32.073651],[-56.311757,-32.073189],[-56.310692,-32.074833],[-56.309584,-32.076152],[-56.309736,-32.076846],[-56.309704,-32.077186],[-56.309165,-32.079172],[-56.308913,-32.079717],[-56.308335,-32.080209],[-56.306161,-32.081572],[-56.310942,-32.088987],[-56.311042,-32.089094],[-56.311941,-32.088657]]]]}},{"type":"Feature","properties":{"nombre":"Pepe Nuñez","departamento":"Salto"},"geometry":{"type":"MultiPolygon","coordinates":[[[[-56.379551,-31.452741],[-56.379094,-31.452112],[-56.378682,-31.452011],[-56.378356,-31.452182],[-56.378509,-31.452641],[-56.378619,-31.452748],[-56.378507,-31.452918],[-56.3776,-31.453141],[-56.377353,-31.452986],[-56.377121,-31.452959],[-56.376824,-31.453075],[-56.376346,-31.453647],[-56.376401,-31.454154],[-56.376805,-31.45438],[-56.376973,-31.454587],[-56.3769,-31.454787],[-56.37699,-31.455025],[-56.376855,-31.455728],[-56.37705,-31.455921],[-56.376763,-31.456325],[-56.37593,-31.456703],[-56.37593,-31.456774],[-56.376086,-31.456815],[-56.376303,-31.456702],[-56.376629,-31.456685],[-56.376767,-31.456832],[-56.376394,-31.457386],[-56.376291,-31.45771],[-56.376397,-31.457814],[-56.37637,-31.457875],[-56.375968,-31.457894],[-56.37579,-31.457999],[-56.375659,-31.458254],[-56.376009,-31.45813],[-56.376372,-31.458183],[-56.376497,-31.458352],[-56.376468,-31.458563],[-56.376051,-31.459056],[-56.375841,-31.459146],[-56.375997,-31.459223],[-56.376006,-31.459354],[-56.375811,-31.459608],[-56.375105,-31.45994],[-56.37503,-31.460062],[-56.375064,-31.460165],[-56.378899,-31.461106],[-56.378551,-31.461609],[-56.381529,-31.462297],[-56.386614,-31.463251],[-56.388227,-31.454992],[-56.389129,-31.455151],[-56.389438,-31.456871],[-56.389656,-31.457116],[-56.390076,-31.456483],[-56.390409,-31.456296],[-56.390499,-31.456063],[-56.390509,-31.455295],[-56.390845,-31.455029],[-56.390819,-31.454706],[-56.391222,-31.454217],[-56.391204,-31.454003],[-56.390876,-31.453353],[-56.390058,-31.452724],[-56.389947,-31.452728],[-56.389805,-31.453102],[-56.389699,-31.453118],[-56.389485,-31.452975],[-56.389391,-31.452379],[-56.389014,-31.452558],[-56.388765,-31.452547],[-56.38851,-31.45246],[-56.388444,-31.452317],[-56.38801,-31.452037],[-56.387672,-31.451615],[-56.387497,-31.45157],[-56.38714,-31.451661],[-56.387049,-31.451355],[-56.387192,-31.451006],[-56.386818,-31.450458],[-56.386972,-31.450177],[-56.386783,-31.449898],[-56.386598,-31.449942],[-56.386387,-31.449758],[-56.385912,-31.449705],[-56.385709,-31.449817],[-56.385827,-31.449994],[-56.385837,-31.450257],[-56.385758,-31.450328],[-56.38557,-31.450284],[-56.385567,-31.45019],[-56.385238,-31.450169],[-56.384971,-31.449864],[-56.385064,-31.449098],[-56.385015,-31.44889],[-56.384265,-31.448614],[-56.38411,-31.448393],[-56.384186,-31.44827],[-56.383671,-31.448003],[-56.383567,-31.447832],[-56.383747,-31.447823],[-56.383835,-31.447712],[-56.383665,-31.44735],[-56.383241,-31.447295],[-56.382822,-31.447116],[-56.382831,-31.446544],[-56.382609,-31.446397],[-56.38222,-31.447121],[-56.381914,-31.448155],[-56.381188,-31.448934],[-56.38068,-31.450006],[-56.380825,-31.450826],[-56.380771,-31.45092],[-56.380988,-31.451325],[-56.380872,-31.451333],[-56.380757,-31.451468],[-56.380548,-31.45199],[-56.380579,-31.452206],[-56.380681,-31.452264],[-56.380839,-31.452655],[-56.380827,-31.453071],[-56.380551,-31.453196],[-56.379551,-31.452741]]]]}},{"type":"Feature","properties":{"nombre":"Cumbres de Carrasco","departamento":"Canelones"},"geometry":{"type":"MultiPolygon","coordinates":[[[[-55.962143,-34.76434],[-55.961107,-34.760508],[-55.960387,-34.760654],[-55.959491,-34.757385],[-55.953592,-34.758576],[-55.955727,-34.765762],[-55.962143,-34.76434]]]]}},{"type":"Feature","properties":{"nombre":"Moirones","departamento":"Rivera"},"geometry":{"type":"MultiPolygon","coordinates":[[[[-54.985612,-31.606832],[-54.986455,-31.60703],[-54.986849,-31.606047],[-54.98786,-31.606053],[-54.988025,-31.605748],[-54.988,-31.605606],[-54.988757,-31.605475],[-54.988642,-31.605012],[-54.98869,-31.604634],[-54.98846,-31.604296],[-54.988431,-31.604106],[-54.988133,-31.603892],[-54.98796,-31.603106],[-54.987502,-31.603158],[-54.987357,-31.603399],[-54.987267,-31.603399],[-54.984835,-31.603139],[-54.983385,-31.602895],[-54.979003,-31.60244],[-54.979006,-31.602607],[-54.977035,-31.602592],[-54.975964,-31.602685],[-54.975386,-31.602834],[-54.975055,-31.603149],[-54.975179,-31.603205],[-54.974934,-31.603323],[-54.975135,-31.605024],[-54.977551,-31.605711],[-54.977452,-31.605621],[-54.977409,-31.605109],[-54.97669,-31.604443],[-54.97703,-31.603932],[-54.9774,-31.603853],[-54.978532,-31.603869],[-54.978588,-31.603805],[-54.978526,-31.603268],[-54.980315,-31.603216],[-54.980357,-31.603795],[-54.981324,-31.603766],[-54.981397,-31.603903],[-54.981604,-31.60385],[-54.981573,-31.603718],[-54.981845,-31.60364],[-54.982198,-31.604015],[-54.982593,-31.603942],[-54.983047,-31.604214],[-54.98328,-31.604251],[-54.983353,-31.606168],[-54.985612,-31.606832]]]]}},{"type":"Feature","properties":{"nombre":"Termas del Arapey","departamento":"Salto"},"geometry":{"type":"MultiPolygon","coordinates":[[[[-57.522966,-30.952261],[-57.523712,-30.952366],[-57.525854,-30.95214],[-57.525998,-30.952237],[-57.526491,-30.9521],[-57.526876,-30.952108],[-57.527311,-30.951865],[-57.528081,-30.951766],[-57.527439,-30.947345],[-57.527297,-30.946809],[-57.52818,-30.946623],[-57.528484,-30.946359],[-57.528603,-30.945732],[-57.528384,-30.944632],[-57.528403,-30.944406],[-57.528568,-30.943997],[-57.528829,-30.943625],[-57.529317,-30.943185],[-57.528702,-30.943471],[-57.526151,-30.943772],[-57.526474,-30.942613],[-57.52171,-30.935519],[-57.516243,-30.936871],[-57.516726,-30.939703],[-57.5159,-30.939846],[-57.515435,-30.940633],[-57.515722,-30.940887],[-57.514549,-30.941742],[-57.514032,-30.941999],[-57.514605,-30.942578],[-57.514997,-30.94357],[-57.515542,-30.944327],[-57.514584,-30.944506],[-57.514482,-30.944611],[-57.514341,-30.945088],[-57.514705,-30.945259],[-57.514812,-30.945415],[-57.514887,-30.945969],[-57.515006,-30.946069],[-57.515345,-30.947038],[-57.515601,-30.947403],[-57.515641,-30.947693],[-57.51582,-30.947809],[-57.51599,-30.948078],[-57.515953,-30.948194],[-57.516128,-30.948255],[-57.516191,-30.948463],[-57.516335,-30.948469],[-57.516578,-30.94868],[-57.517321,-30.949596],[-57.518455,-30.950142],[-57.51855,-30.950291],[-57.519447,-30.950958],[-57.520652,-30.951504],[-57.520893,-30.951543],[-57.521124,-30.951737],[-57.522397,-30.952168],[-57.522966,-30.952261]]]]}},{"type":"Feature","properties":{"nombre":"Santa Ana","departamento":"Colonia"},"geometry":{"type":"MultiPolygon","coordinates":[[[[-57.599226,-34.42383],[-57.59957,-34.422725],[-57.601964,-34.416871],[-57.594423,-34.414853],[-57.58891,-34.413545],[-57.589394,-34.414115],[-57.589556,-34.414545],[-57.589533,-34.414655],[-57.5891,-34.414854],[-57.588768,-34.415329],[-57.588429,-34.415535],[-57.587265,-34.415717],[-57.587012,-34.416146],[-57.586941,-34.41672],[-57.586115,-34.417722],[-57.585712,-34.417864],[-57.585327,-34.417761],[-57.584962,-34.417493],[-57.584645,-34.417491],[-57.584489,-34.417639],[-57.584227,-34.418213],[-57.583641,-34.41857],[-57.583541,-34.419008],[-57.583633,-34.419565],[-57.584659,-34.420688],[-57.584689,-34.420916],[-57.584183,-34.421226],[-57.583156,-34.421593],[-57.582833,-34.421797],[-57.582605,-34.422073],[-57.582506,-34.42244],[-57.58252,-34.422794],[-57.583031,-34.423516],[-57.583088,-34.424024],[-57.582972,-34.424324],[-57.582508,-34.424636],[-57.582434,-34.424835],[-57.5845,-34.425051],[-57.589502,-34.42488],[-57.591382,-34.42499],[-57.592779,-34.424964],[-57.59722,-34.425294],[-57.597678,-34.425238],[-57.598427,-34.425289],[-57.598745,-34.424997],[-57.599226,-34.42383]]]]}},{"type":"Feature","properties":{"nombre":"La Tentacion","departamento":"Paysandú"},"geometry":{"type":"MultiPolygon","coordinates":[[[[-57.745225,-32.491282],[-57.74615,-32.491613],[-57.746732,-32.491713],[-57.746967,-32.4909],[-57.74974,-32.491368],[-57.750622,-32.491404],[-57.748462,-32.489917],[-57.746631,-32.488206],[-57.742951,-32.482288],[-57.742266,-32.484438],[-57.744005,-32.488813],[-57.741947,-32.489166],[-57.742835,-32.490803],[-57.743432,-32.490712],[-57.743655,-32.491596],[-57.745225,-32.491282]]]]}},{"type":"Feature","properties":{"nombre":"Casarone","departamento":"Cerro Largo"},"geometry":{"type":"MultiPolygon","coordinates":[[[[-53.312861,-32.652149],[-53.313356,-32.652293],[-53.318667,-32.651489],[-53.320336,-32.651513],[-53.320407,-32.651153],[-53.320302,-32.650869],[-53.32035,-32.650322],[-53.320094,-32.649897],[-53.320408,-32.649044],[-53.320539,-32.649047],[-53.320676,-32.64877],[-53.319828,-32.648603],[-53.319722,-32.648508],[-53.319231,-32.648533],[-53.311692,-32.647736],[-53.311264,-32.647561],[-53.3107,-32.648138],[-53.310685,-32.648498],[-53.310089,-32.649236],[-53.309829,-32.649832],[-53.30957,-32.650039],[-53.309299,-32.650105],[-53.309576,-32.650426],[-53.30878,-32.65042],[-53.309787,-32.651194],[-53.310506,-32.651487],[-53.312861,-32.652149]]]]}},{"type":"Feature","properties":{"nombre":"Orgoroso","departamento":"Paysandú"},"geometry":{"type":"MultiPolygon","coordinates":[[[[-57.51743,-32.384895],[-57.520337,-32.38413],[-57.520132,-32.383011],[-57.519981,-32.382931],[-57.519183,-32.377698],[-57.519113,-32.377668],[-57.516297,-32.378048],[-57.516569,-32.380121],[-57.514961,-32.380203],[-57.51403,-32.383234],[-57.51476,-32.385559],[-57.513802,-32.385723],[-57.513116,-32.385743],[-57.513094,-32.386203],[-57.51458,-32.386045],[-57.517307,-32.385374],[-57.517224,-32.3849],[-57.51743,-32.384895]]]]}},{"type":"Feature","properties":{"nombre":"El Eucaliptus","departamento":"Paysandú"},"geometry":{"type":"MultiPolygon","coordinates":[[[[-57.265281,-31.901729],[-57.253572,-31.894457],[-57.25348,-31.894886],[-57.255258,-31.899121],[-57.257009,-31.901455],[-57.259743,-31.906655],[-57.259766,-31.906865],[-57.25963,-31.90703],[-57.258046,-31.907371],[-57.263023,-31.911737],[-57.263621,-31.911216],[-57.269446,-31.905299],[-57.269709,-31.905294],[-57.269283,-31.904845],[-57.269524,-31.904778],[-57.269983,-31.904868],[-57.270125,-31.904729],[-57.269099,-31.904091],[-57.270556,-31.902436],[-57.269244,-31.901624],[-57.269062,-31.901635],[-57.267674,-31.90079],[-57.267707,-31.900676],[-57.266356,-31.899832],[-57.266053,-31.900282],[-57.265337,-31.901069],[-57.265372,-31.901222],[-57.26562,-31.901399],[-57.265281,-31.901729]]]]}},{"type":"Feature","properties":{"nombre":"Illescas","departamento":"Lavalleja"},"geometry":{"type":"MultiPolygon","coordinates":[[[[-55.332396,-33.608998],[-55.32964,-33.609203],[-55.327247,-33.60856],[-55.327798,-33.609736],[-55.328246,-33.610262],[-55.335326,-33.616862],[-55.336043,-33.617641],[-55.336895,-33.6152],[-55.33635,-33.61357],[-55.336039,-33.612931],[-55.335237,-33.611927],[-55.332396,-33.608998]]]]}},{"type":"Feature","properties":{"nombre":"Menafra","departamento":"Río Negro"},"geometry":{"type":"MultiPolygon","coordinates":[[[[-57.48844,-32.564493],[-57.488305,-32.563635],[-57.489777,-32.563769],[-57.489268,-32.5633],[-57.488303,-32.562606],[-57.4819,-32.558269],[-57.481415,-32.557787],[-57.480914,-32.55707],[-57.480516,-32.556099],[-57.479569,-32.551874],[-57.479517,-32.551194],[-57.479676,-32.550063],[-57.479556,-32.550102],[-57.478383,-32.551493],[-57.477905,-32.551916],[-57.477731,-32.551976],[-57.482173,-32.561235],[-57.482919,-32.562661],[-57.483833,-32.564146],[-57.485134,-32.563581],[-57.486079,-32.563432],[-57.486399,-32.563463],[-57.486578,-32.564636],[-57.48844,-32.564493]]]]}},{"type":"Feature","properties":{"nombre":"Tambores","departamento":"Paysandú"},"geometry":{"type":"MultiPolygon","coordinates":[[[[-56.249555,-31.882301],[-56.246034,-31.87982],[-56.250855,-31.873652],[-56.250831,-31.873421],[-56.25109,-31.873474],[-56.252031,-31.872278],[-56.250653,-31.869483],[-56.2502,-31.869813],[-56.248965,-31.87047],[-56.248608,-31.870181],[-56.249122,-31.871039],[-56.247549,-31.871533],[-56.246213,-31.872072],[-56.245004,-31.872781],[-56.244422,-31.873572],[-56.242864,-31.875226],[-56.242509,-31.875472],[-56.24179,-31.875793],[-56.241264,-31.87619],[-56.240519,-31.878105],[-56.239968,-31.878864],[-56.239242,-31.879567],[-56.238544,-31.879589],[-56.238582,-31.880516],[-56.241111,-31.886406],[-56.242185,-31.886153],[-56.244179,-31.884289],[-56.245973,-31.885667],[-56.249555,-31.882301]]]]}},{"type":"Feature","properties":{"nombre":"Ombues de Lavalle","departamento":"Colonia"},"geometry":{"type":"MultiPolygon","coordinates":[[[[-57.821061,-33.943889],[-57.819118,-33.942301],[-57.818814,-33.942234],[-57.817799,-33.94117],[-57.818877,-33.940506],[-57.818403,-33.940044],[-57.819264,-33.93953],[-57.818344,-33.938808],[-57.819573,-33.937697],[-57.820291,-33.938246],[-57.822592,-33.936872],[-57.821619,-33.935662],[-57.821925,-33.935517],[-57.821086,-33.934591],[-57.820145,-33.935214],[-57.819385,-33.934249],[-57.816337,-33.93608],[-57.814084,-33.937281],[-57.813927,-33.937106],[-57.813742,-33.937175],[-57.812879,-33.936341],[-57.813139,-33.936192],[-57.812881,-33.935757],[-57.811283,-33.936717],[-57.810297,-33.935644],[-57.814756,-33.933041],[-57.81471,-33.932869],[-57.811616,-33.929086],[-57.805718,-33.932475],[-57.804375,-33.930844],[-57.803834,-33.931156],[-57.80411,-33.931504],[-57.802912,-33.93223],[-57.795558,-33.928531],[-57.795048,-33.928197],[-57.794892,-33.927945],[-57.794543,-33.927807],[-57.794352,-33.92761],[-57.794559,-33.928192],[-57.79471,-33.928291],[-57.803144,-33.938771],[-57.811655,-33.945394],[-57.812118,-33.945538],[-57.813044,-33.945421],[-57.813304,-33.946595],[-57.811773,-33.946824],[-57.811841,-33.94725],[-57.81368,-33.94702],[-57.813703,-33.947158],[-57.814115,-33.947123],[-57.814129,-33.947191],[-57.820499,-33.946926],[-57.818535,-33.945422],[-57.821061,-33.943889]]]]}},{"type":"Feature","properties":{"nombre":"Los Talas","departamento":"Maldonado"},"geometry":{"type":"MultiPolygon","coordinates":[[[[-54.494127,-34.095415],[-54.494789,-34.095656],[-54.496307,-34.092782],[-54.491222,-34.090944],[-54.491064,-34.091218],[-54.488513,-34.09001],[-54.488514,-34.093497],[-54.489367,-34.093671],[-54.494127,-34.095415]]]]}},{"type":"Feature","properties":{"nombre":"Cainsa","departamento":"Artigas"},"geometry":{"type":"MultiPolygon","coordinates":[[[[-57.614403,-30.389306],[-57.614831,-30.389787],[-57.615493,-30.389351],[-57.615363,-30.388767],[-57.615431,-30.388517],[-57.615763,-30.388354],[-57.616099,-30.387984],[-57.61629,-30.387028],[-57.618224,-30.385366],[-57.618661,-30.385123],[-57.618277,-30.385012],[-57.617242,-30.384901],[-57.616348,-30.383091],[-57.616028,-30.383247],[-57.615729,-30.382198],[-57.61546,-30.38243],[-57.615252,-30.382279],[-57.614677,-30.382288],[-57.614313,-30.382039],[-57.613963,-30.382132],[-57.613581,-30.382355],[-57.612735,-30.382488],[-57.612808,-30.383127],[-57.611945,-30.383249],[-57.612999,-30.384221],[-57.613636,-30.384935],[-57.614653,-30.386588],[-57.614051,-30.387043],[-57.6136,-30.387021],[-57.612963,-30.386701],[-57.610506,-30.389019],[-57.609844,-30.390164],[-57.609974,-30.390471],[-57.612084,-30.39169],[-57.612805,-30.390044],[-57.613384,-30.389953],[-57.614403,-30.389306]]]]}},{"type":"Feature","properties":{"nombre":"Salto","departamento":"Salto"},"geometry":{"type":"MultiPolygon","coordinates":[[[[-57.981823,-31.409599],[-57.986039,-31.404009],[-57.996756,-31.418034],[-57.997016,-31.417817],[-57.998228,-31.413211],[-57.998311,-31.413204],[-57.998511,-31.412541],[-57.997118,-31.413052],[-57.996956,-31.41305],[-57.996764,-31.412751],[-57.996568,-31.412645],[-57.996384,-31.412392],[-57.995781,-31.410996],[-57.99609,-31.410073],[-57.997109,-31.409093],[-57.997209,-31.408742],[-57.997444,-31.408441],[-57.996744,-31.407251],[-57.996423,-31.406918],[-57.995731,-31.406542],[-57.995733,-31.406352],[-57.995346,-31.405723],[-57.99504,-31.405726],[-57.994976,-31.40566],[-57.995009,-31.405511],[-57.995199,-31.405306],[-57.993813,-31.403822],[-57.993378,-31.403486],[-57.993055,-31.402958],[-57.992572,-31.402665],[-57.992155,-31.402078],[-57.991167,-31.401138],[-57.990256,-31.400416],[-57.989829,-31.399876],[-57.989095,-31.399517],[-57.988838,-31.398935],[-57.988047,-31.397838],[-57.987607,-31.397631],[-57.987346,-31.397631],[-57.987294,-31.397516],[-57.987225,-31.397553],[-57.986782,-31.39712],[-57.985641,-31.396682],[-57.984525,-31.396032],[-57.98338,-31.395751],[-57.983041,-31.395537],[-57.98256,-31.39555],[-57.982322,-31.395144],[-57.981913,-31.394932],[-57.981595,-31.394482],[-57.98065,-31.393913],[-57.980231,-31.393274],[-57.979572,-31.392564],[-57.979029,-31.391646],[-57.978688,-31.391447],[-57.978635,-31.391174],[-57.978179,-31.390672],[-57.977753,-31.38984],[-57.977042,-31.38935],[-57.977141,-31.389177],[-57.977078,-31.389088],[-57.977175,-31.38908],[-57.977138,-31.38893],[-57.976843,-31.388774],[-57.976504,-31.388718],[-57.976464,-31.388644],[-57.976938,-31.388481],[-57.977056,-31.388366],[-57.977019,-31.388243],[-57.976575,-31.38792],[-57.976203,-31.387797],[-57.975316,-31.387937],[-57.975445,-31.387818],[-57.975915,-31.387679],[-57.976307,-31.387664],[-57.976708,-31.387847],[-57.977061,-31.387896],[-57.977155,-31.387772],[-57.97713,-31.387406],[-57.976867,-31.387023],[-57.975585,-31.386835],[-57.974993,-31.38707],[-57.974807,-31.386709],[-57.975671,-31.386367],[-57.976798,-31.386543],[-57.976775,-31.386383],[-57.976868,-31.386388],[-57.976949,-31.386578],[-57.977121,-31.386589],[-57.976883,-31.385398],[-57.975779,-31.385272],[-57.975648,-31.384549],[-57.975084,-31.38462],[-57.974814,-31.384224],[-57.974838,-31.384109],[-57.976909,-31.383836],[-57.976898,-31.383719],[-57.975979,-31.383844],[-57.975729,-31.383616],[-57.975567,-31.38284],[-57.975655,-31.382932],[-57.975777,-31.382878],[-57.975958,-31.382248],[-57.976239,-31.381045],[-57.976161,-31.380469],[-57.976722,-31.380406],[-57.976719,-31.380312],[-57.976144,-31.380348],[-57.976051,-31.380205],[-57.976089,-31.379971],[-57.9762,-31.379818],[-57.976579,-31.37988],[-57.97672,-31.379721],[-57.977109,-31.378727],[-57.977218,-31.378163],[-57.977322,-31.378117],[-57.9775,-31.378184],[-57.977774,-31.378009],[-57.977983,-31.377778],[-57.978095,-31.377496],[-57.978456,-31.377106],[-57.978487,-31.376902],[-57.978633,-31.376696],[-57.979019,-31.376379],[-57.979244,-31.376291],[-57.979283,-31.376034],[-57.979461,-31.375755],[-57.980009,-31.375144],[-57.980408,-31.374347],[-57.9813,-31.373352],[-57.981707,-31.372616],[-57.982215,-31.3714],[-57.982335,-31.370817],[-57.982607,-31.370491],[-57.982855,-31.369898],[-57.983143,-31.369141],[-57.983262,-31.368535],[-57.98347,-31.368415],[-57.983581,-31.367859],[-57.984017,-31.367236],[-57.984077,-31.366623],[-57.984328,-31.366306],[-57.984469,-31.365808],[-57.984392,-31.365583],[-57.984423,-31.365396],[-57.984533,-31.36513],[-57.984641,-31.365083],[-57.984587,-31.364949],[-57.98394,-31.364738],[-57.983449,-31.364409],[-57.983105,-31.364396],[-57.965956,-31.366991],[-57.96547,-31.367202],[-57.965327,-31.367103],[-57.96541,-31.366741],[-57.965049,-31.36461],[-57.964143,-31.36468],[-57.964256,-31.365598],[-57.963781,-31.36564],[-57.963959,-31.367212],[-57.962514,-31.367364],[-57.962117,-31.365112],[-57.962008,-31.365057],[-57.96125,-31.365142],[-57.961166,-31.365225],[-57.960619,-31.364885],[-57.960361,-31.364124],[-57.960224,-31.363276],[-57.957426,-31.363886],[-57.958008,-31.367369],[-57.957939,-31.367796],[-57.900736,-31.372395],[-57.878864,-31.374488],[-57.879563,-31.375878],[-57.880038,-31.376631],[-57.883994,-31.382116],[-57.88405,-31.382281],[-57.883981,-31.382493],[-57.883299,-31.382592],[-57.88477,-31.383322],[-57.885315,-31.38386],[-57.886041,-31.384997],[-57.887124,-31.388111],[-57.887424,-31.388718],[-57.88805,-31.389529],[-57.889139,-31.390382],[-57.890266,-31.390872],[-57.902603,-31.394259],[-57.90402,-31.394725],[-57.933459,-31.406623],[-57.934709,-31.407246],[-57.942784,-31.412637],[-57.943451,-31.413153],[-57.944271,-31.413056],[-57.946089,-31.413167],[-57.951926,-31.413114],[-57.953643,-31.413344],[-57.957241,-31.414223],[-57.958386,-31.414331],[-57.970681,-31.412519],[-57.971351,-31.41243],[-57.97158,-31.412472],[-57.971803,-31.412356],[-57.979493,-31.411162],[-57.98011,-31.411013],[-57.980942,-31.410602],[-57.981278,-31.41031],[-57.981823,-31.409599]]]]}},{"type":"Feature","properties":{"nombre":"Villa del Rosario","departamento":"Lavalleja"},"geometry":{"type":"MultiPolygon","coordinates":[[[[-55.477296,-34.315393],[-55.478473,-34.315681],[-55.479244,-34.314193],[-55.477965,-34.313905],[-55.478091,-34.313658],[-55.478498,-34.313768],[-55.478882,-34.313046],[-55.47879,-34.31303],[-55.47901,-34.312754],[-55.479461,-34.312843],[-55.480471,-34.312082],[-55.479543,-34.311544],[-55.478902,-34.311872],[-55.478292,-34.310775],[-55.477061,-34.311249],[-55.477357,-34.311904],[-55.476753,-34.312088],[-55.476782,-34.31219],[-55.476217,-34.312407],[-55.476254,-34.312484],[-55.475078,-34.312897],[-55.475229,-34.313013],[-55.474776,-34.313403],[-55.475449,-34.313968],[-55.475051,-34.314635],[-55.475802,-34.314897],[-55.475733,-34.315021],[-55.477296,-34.315393]]]]}},{"type":"Feature","properties":{"nombre":"Costa de Pedernal","departamento":"Canelones"},"geometry":{"type":"MultiPolygon","coordinates":[[[[-55.79498,-34.388187],[-55.79433,-34.388198],[-55.794385,-34.390999],[-55.799167,-34.391046],[-55.799252,-34.390849],[-55.799443,-34.390827],[-55.804046,-34.391425],[-55.804043,-34.390554],[-55.800073,-34.390104],[-55.800147,-34.389267],[-55.801874,-34.389513],[-55.801895,-34.386999],[-55.800026,-34.386769],[-55.79999,-34.387219],[-55.798235,-34.387225],[-55.798086,-34.386814],[-55.798601,-34.386656],[-55.798251,-34.38582],[-55.797406,-34.385927],[-55.796424,-34.383657],[-55.796305,-34.38381],[-55.796208,-34.386763],[-55.796206,-34.387574],[-55.796346,-34.388181],[-55.79498,-34.388187]]]]}},{"type":"Feature","properties":{"nombre":"Campana","departamento":"Colonia"},"geometry":{"type":"MultiPolygon","coordinates":[[[[-57.902633,-34.035292],[-57.903629,-34.034756],[-57.902785,-34.033684],[-57.904321,-34.033248],[-57.904338,-34.033108],[-57.905292,-34.032821],[-57.905349,-34.032908],[-57.905854,-34.032773],[-57.905406,-34.032029],[-57.9053,-34.03208],[-57.904945,-34.031164],[-57.904227,-34.029873],[-57.903514,-34.0301],[-57.900842,-34.031543],[-57.900497,-34.031056],[-57.900289,-34.031164],[-57.899733,-34.031187],[-57.899186,-34.031458],[-57.89791,-34.030117],[-57.89781,-34.030211],[-57.898365,-34.030717],[-57.895721,-34.031852],[-57.894642,-34.031129],[-57.894259,-34.031397],[-57.895332,-34.032092],[-57.895816,-34.032586],[-57.897057,-34.032066],[-57.897755,-34.031665],[-57.898044,-34.031704],[-57.900357,-34.034444],[-57.901213,-34.034034],[-57.902319,-34.035485],[-57.902633,-34.035292]]]]}},{"type":"Feature","properties":{"nombre":"Queguayar","departamento":"Paysandú"},"geometry":{"type":"MultiPolygon","coordinates":[[[[-57.848925,-32.033543],[-57.850927,-32.033597],[-57.850662,-32.032139],[-57.849131,-32.03092],[-57.847541,-32.03023],[-57.848051,-32.032839],[-57.848453,-32.032787],[-57.84859,-32.033474],[-57.848925,-32.033543]]]]}},{"type":"Feature","properties":{"nombre":"Aramendia","departamento":"Lavalleja"},"geometry":{"type":"MultiPolygon","coordinates":[[[[-54.623844,-33.642065],[-54.624009,-33.642011],[-54.618977,-33.636063],[-54.61736,-33.636314],[-54.61745,-33.636952],[-54.615407,-33.637201],[-54.614056,-33.63746],[-54.613835,-33.636712],[-54.613443,-33.635949],[-54.612639,-33.636558],[-54.613476,-33.638315],[-54.613988,-33.639143],[-54.613506,-33.639231],[-54.613748,-33.641349],[-54.614259,-33.641348],[-54.614213,-33.641665],[-54.615953,-33.641611],[-54.615785,-33.640484],[-54.621545,-33.639418],[-54.621883,-33.639803],[-54.621975,-33.642158],[-54.622051,-33.642213],[-54.622084,-33.642503],[-54.623968,-33.642374],[-54.623779,-33.642081],[-54.623844,-33.642065]]]]}},{"type":"Feature","properties":{"nombre":"Estacion Porvenir","departamento":"Paysandú"},"geometry":{"type":"MultiPolygon","coordinates":[[[[-57.860096,-32.37219],[-57.860047,-32.371505],[-57.858598,-32.371313],[-57.858492,-32.371381],[-57.858094,-32.37108],[-57.85785,-32.370638],[-57.857263,-32.370627],[-57.856597,-32.371024],[-57.855475,-32.36811],[-57.853342,-32.36962],[-57.853158,-32.369567],[-57.852668,-32.370126],[-57.851748,-32.369921],[-57.851569,-32.370662],[-57.850865,-32.370739],[-57.850791,-32.370862],[-57.851373,-32.370886],[-57.851887,-32.371221],[-57.852998,-32.371544],[-57.853855,-32.372037],[-57.855886,-32.372753],[-57.857472,-32.373461],[-57.859635,-32.373588],[-57.861057,-32.373428],[-57.861221,-32.373346],[-57.86129,-32.373261],[-57.86118,-32.372367],[-57.860096,-32.37219]]]]}},{"type":"Feature","properties":{"nombre":"Marco de los Reyes","departamento":"Lavalleja"},"geometry":{"type":"MultiPolygon","coordinates":[[[[-55.023492,-34.326663],[-55.031731,-34.318458],[-55.033329,-34.316206],[-55.03357,-34.315603],[-55.030881,-34.315058],[-55.027093,-34.314691],[-55.017416,-34.325037],[-55.004633,-34.31962],[-55.001884,-34.321472],[-55.007615,-34.323792],[-55.019568,-34.331439],[-55.023492,-34.326663]]]]}},{"type":"Feature","properties":{"nombre":"Cañada del Pueblo","departamento":"Paysandú"},"geometry":{"type":"MultiPolygon","coordinates":[[[[-57.183901,-31.949065],[-57.18532,-31.949528],[-57.184988,-31.94559],[-57.179578,-31.945753],[-57.179621,-31.946087],[-57.179474,-31.946502],[-57.178916,-31.947041],[-57.178765,-31.947527],[-57.178489,-31.947678],[-57.177659,-31.947647],[-57.177388,-31.94773],[-57.177063,-31.948624],[-57.177307,-31.949264],[-57.17834,-31.95022],[-57.178422,-31.949949],[-57.178784,-31.950054],[-57.178915,-31.949809],[-57.179537,-31.949925],[-57.179577,-31.94971],[-57.180289,-31.949733],[-57.180506,-31.949635],[-57.180542,-31.949534],[-57.181184,-31.949539],[-57.181389,-31.949459],[-57.181644,-31.949569],[-57.181996,-31.949538],[-57.182353,-31.949611],[-57.182935,-31.949464],[-57.182787,-31.949357],[-57.182927,-31.949264],[-57.183901,-31.949065]]]]}},{"type":"Feature","properties":{"nombre":"Chacras del Golf","departamento":"Maldonado"},"geometry":{"type":"MultiPolygon","coordinates":[[[[-54.824082,-34.883332],[-54.824325,-34.885207],[-54.824314,-34.885761],[-54.828604,-34.884647],[-54.832009,-34.882583],[-54.835074,-34.880936],[-54.835339,-34.876611],[-54.83103,-34.876331],[-54.83125,-34.873989],[-54.827487,-34.873674],[-54.827339,-34.874805],[-54.827291,-34.878444],[-54.826666,-34.880464],[-54.826599,-34.880579],[-54.826297,-34.880668],[-54.823769,-34.881036],[-54.824082,-34.883332]]]]}},{"type":"Feature","properties":{"nombre":"Lomas de Carrasco","departamento":"Canelones"},"geometry":{"type":"MultiPolygon","coordinates":[[[[-55.975885,-34.791645],[-55.978694,-34.790933],[-55.97548,-34.782727],[-55.972468,-34.777681],[-55.971924,-34.776047],[-55.965894,-34.778455],[-55.966658,-34.780563],[-55.968365,-34.786038],[-55.970325,-34.79276],[-55.975885,-34.791645]]]]}},{"type":"Feature","properties":{"nombre":"Agraciada","departamento":"Soriano"},"geometry":{"type":"MultiPolygon","coordinates":[[[[-58.270936,-33.806743],[-58.269863,-33.806531],[-58.271395,-33.801075],[-58.271407,-33.800603],[-58.266035,-33.807535],[-58.262952,-33.805932],[-58.263103,-33.804505],[-58.261509,-33.804444],[-58.260836,-33.805182],[-58.2594,-33.805015],[-58.259294,-33.806463],[-58.259147,-33.806732],[-58.260236,-33.807331],[-58.260618,-33.807711],[-58.261266,-33.808674],[-58.262058,-33.807662],[-58.262169,-33.807726],[-58.262785,-33.806954],[-58.262865,-33.807067],[-58.264536,-33.807974],[-58.263933,-33.808731],[-58.269166,-33.811548],[-58.26944,-33.810592],[-58.27369,-33.812866],[-58.274099,-33.812315],[-58.271073,-33.810717],[-58.271303,-33.810403],[-58.270046,-33.809744],[-58.270936,-33.806743]]]]}},{"type":"Feature","properties":{"nombre":"Arrocera las Palmas","departamento":"Treinta y Tres"},"geometry":{"type":"MultiPolygon","coordinates":[[[[-53.991029,-33.100554],[-53.9922,-33.100467],[-53.992135,-33.098101],[-53.992936,-33.09811],[-53.992183,-33.097705],[-53.992296,-33.097562],[-53.992151,-33.097532],[-53.992379,-33.097188],[-53.991717,-33.097426],[-53.991217,-33.097464],[-53.991189,-33.097736],[-53.99083,-33.097713],[-53.990813,-33.097954],[-53.991159,-33.098046],[-53.991021,-33.099245],[-53.99092,-33.09933],[-53.990162,-33.099451],[-53.98796,-33.099524],[-53.987966,-33.099796],[-53.990408,-33.100659],[-53.991029,-33.100554]]]]}},{"type":"Feature","properties":{"nombre":"Tres Islas","departamento":"Cerro Largo"},"geometry":{"type":"MultiPolygon","coordinates":[[[[-54.688308,-32.518414],[-54.689049,-32.51868],[-54.689645,-32.518648],[-54.689851,-32.518713],[-54.689497,-32.517752],[-54.69012,-32.517608],[-54.692158,-32.516821],[-54.691494,-32.516206],[-54.692137,-32.515787],[-54.690943,-32.515438],[-54.688531,-32.513108],[-54.686103,-32.510549],[-54.686049,-32.510381],[-54.684231,-32.508503],[-54.684107,-32.508462],[-54.682707,-32.509428],[-54.684455,-32.511207],[-54.683518,-32.511436],[-54.683796,-32.511874],[-54.684704,-32.511455],[-54.686642,-32.513494],[-54.685717,-32.514054],[-54.68713,-32.515572],[-54.68508,-32.516926],[-54.688125,-32.51822],[-54.688308,-32.518414]]],[[[-54.684269,-32.51919],[-54.683879,-32.518219],[-54.68353,-32.517689],[-54.682548,-32.51807],[-54.683511,-32.519906],[-54.684325,-32.519606],[-54.684247,-32.519418],[-54.684269,-32.51919]]],[[[-54.677587,-32.517335],[-54.677347,-32.517059],[-54.676003,-32.517101],[-54.677741,-32.521289],[-54.680427,-32.5207],[-54.679048,-32.517385],[-54.677754,-32.517773],[-54.677587,-32.517335]]]]}},{"type":"Feature","properties":{"nombre":"Puntas de Cinco Sauces","departamento":"Tacuarembó"},"geometry":{"type":"MultiPolygon","coordinates":[[[[-55.0443,-31.956997],[-55.042212,-31.956128],[-55.041875,-31.956075],[-55.039789,-31.955075],[-55.039702,-31.955469],[-55.039395,-31.956111],[-55.038817,-31.956911],[-55.040643,-31.957838],[-55.043298,-31.95871],[-55.0443,-31.956997]]]]}},{"type":"Feature","properties":{"nombre":"Egaña","departamento":"Soriano"},"geometry":{"type":"MultiPolygon","coordinates":[[[[-57.628056,-33.606292],[-57.628385,-33.606299],[-57.631544,-33.604243],[-57.632878,-33.603364],[-57.632998,-33.60307],[-57.627398,-33.596865],[-57.624479,-33.598805],[-57.620575,-33.601259],[-57.62046,-33.601643],[-57.620607,-33.601757],[-57.620584,-33.601939],[-57.620343,-33.601938],[-57.620257,-33.602011],[-57.62034,-33.602105],[-57.619893,-33.602308],[-57.619519,-33.60273],[-57.619313,-33.603112],[-57.619766,-33.603592],[-57.619651,-33.603676],[-57.620784,-33.6049],[-57.61785,-33.606811],[-57.617286,-33.607212],[-57.617259,-33.607319],[-57.619861,-33.610257],[-57.621527,-33.609645],[-57.621629,-33.609847],[-57.623109,-33.609061],[-57.627812,-33.606027],[-57.628056,-33.606292]]]]}},{"type":"Feature","properties":{"nombre":"Caserio el Cerro","departamento":"Colonia"},"geometry":{"type":"MultiPolygon","coordinates":[[[[-58.238085,-33.989771],[-58.237716,-33.98917],[-58.238081,-33.989115],[-58.237944,-33.988498],[-58.237634,-33.988542],[-58.237702,-33.987727],[-58.237571,-33.987273],[-58.238552,-33.987133],[-58.238054,-33.985279],[-58.23796,-33.985159],[-58.233497,-33.985874],[-58.233363,-33.986034],[-58.23353,-33.986775],[-58.23399,-33.987333],[-58.234546,-33.987682],[-58.235391,-33.987764],[-58.235821,-33.987922],[-58.235748,-33.988801],[-58.236049,-33.990441],[-58.23583,-33.99031],[-58.235246,-33.990334],[-58.234485,-33.990177],[-58.23277,-33.990265],[-58.232812,-33.991475],[-58.233155,-33.99213],[-58.233657,-33.992723],[-58.23409,-33.992914],[-58.236085,-33.99299],[-58.236439,-33.993102],[-58.238764,-33.992808],[-58.238607,-33.992505],[-58.238344,-33.990747],[-58.238085,-33.989771]]]]}},{"type":"Feature","properties":{"nombre":"Villa Passano","departamento":"Treinta y Tres"},"geometry":{"type":"MultiPolygon","coordinates":[[[[-53.898857,-33.29404],[-53.898812,-33.294255],[-53.907706,-33.293716],[-53.906157,-33.293198],[-53.904182,-33.291689],[-53.903781,-33.29156],[-53.903703,-33.290579],[-53.903365,-33.290604],[-53.903274,-33.289732],[-53.897955,-33.290054],[-53.898494,-33.291551],[-53.898723,-33.291528],[-53.898881,-33.293378],[-53.898857,-33.29404]]]]}},{"type":"Feature","properties":{"nombre":"Colonia Palma","departamento":"Artigas"},"geometry":{"type":"MultiPolygon","coordinates":[[[[-57.681863,-30.58649],[-57.679459,-30.582559],[-57.679136,-30.581731],[-57.678877,-30.580337],[-57.677671,-30.580423],[-57.677865,-30.5814],[-57.677264,-30.581488],[-57.67742,-30.582325],[-57.678097,-30.582204],[-57.678177,-30.582589],[-57.677885,-30.582699],[-57.674718,-30.583025],[-57.674886,-30.584122],[-57.675973,-30.583983],[-57.676842,-30.585508],[-57.681309,-30.585958],[-57.681604,-30.586422],[-57.681715,-30.586509],[-57.681863,-30.58649]]]]}},{"type":"Feature","properties":{"nombre":"Saucedo","departamento":"Salto"},"geometry":{"type":"MultiPolygon","coordinates":[[[[-57.5269,-31.109076],[-57.52703,-31.109232],[-57.527916,-31.108988],[-57.530299,-31.108753],[-57.530274,-31.108803],[-57.530874,-31.10877],[-57.530841,-31.108085],[-57.533254,-31.107045],[-57.533244,-31.106931],[-57.533447,-31.106654],[-57.53386,-31.106523],[-57.53414,-31.106206],[-57.53412,-31.106107],[-57.534369,-31.106033],[-57.534577,-31.10607],[-57.53474,-31.106002],[-57.534813,-31.105867],[-57.526723,-31.106648],[-57.5269,-31.109076]]]]}},{"type":"Feature","properties":{"nombre":"Mones Quintela","departamento":"Artigas"},"geometry":{"type":"MultiPolygon","coordinates":[[[[-57.665913,-30.375122],[-57.665661,-30.374874],[-57.666555,-30.374537],[-57.666935,-30.374588],[-57.667007,-30.374492],[-57.667073,-30.373896],[-57.667394,-30.37377],[-57.667052,-30.37275],[-57.666583,-30.372899],[-57.66631,-30.37259],[-57.66534,-30.371979],[-57.664382,-30.371538],[-57.664394,-30.372258],[-57.663164,-30.372211],[-57.662237,-30.372075],[-57.662125,-30.371722],[-57.661144,-30.371596],[-57.661151,-30.371675],[-57.66143,-30.371799],[-57.661394,-30.37253],[-57.661126,-30.372719],[-57.660704,-30.372818],[-57.660504,-30.37295],[-57.658205,-30.372539],[-57.65807,-30.374233],[-57.661205,-30.374488],[-57.660203,-30.37597],[-57.661054,-30.376721],[-57.662504,-30.377241],[-57.66276,-30.377212],[-57.662918,-30.376533],[-57.663381,-30.376548],[-57.663642,-30.376314],[-57.66482,-30.377016],[-57.665293,-30.376282],[-57.665276,-30.375759],[-57.665913,-30.375122]]]]}},{"type":"Feature","properties":{"nombre":"Diego Lamas","departamento":"Artigas"},"geometry":{"type":"MultiPolygon","coordinates":[[[[-57.05552,-30.758748],[-57.055693,-30.758276],[-57.056412,-30.758415],[-57.056615,-30.757416],[-57.056909,-30.756697],[-57.056028,-30.756149],[-57.055239,-30.755375],[-57.055602,-30.755099],[-57.054293,-30.753248],[-57.054079,-30.753392],[-57.053501,-30.752621],[-57.053338,-30.752721],[-57.053065,-30.752378],[-57.052924,-30.752341],[-57.052765,-30.75248],[-57.05228,-30.752677],[-57.052187,-30.752965],[-57.055017,-30.757509],[-57.055314,-30.758094],[-57.055066,-30.75863],[-57.05552,-30.758748]]]]}},{"type":"Feature","properties":{"nombre":"Rincon de Pacheco","departamento":"Artigas"},"geometry":{"type":"MultiPolygon","coordinates":[[[[-56.15431,-30.700774],[-56.154147,-30.702377],[-56.154202,-30.703463],[-56.154355,-30.703804],[-56.154957,-30.704356],[-56.15909,-30.703598],[-56.159714,-30.703554],[-56.159821,-30.703638],[-56.161027,-30.703537],[-56.161287,-30.703402],[-56.162091,-30.703355],[-56.16369,-30.70482],[-56.165001,-30.706168],[-56.165678,-30.706735],[-56.165231,-30.706017],[-56.165162,-30.705756],[-56.165242,-30.704647],[-56.165833,-30.704223],[-56.166812,-30.703827],[-56.169125,-30.702462],[-56.168288,-30.702568],[-56.16654,-30.70248],[-56.165272,-30.702835],[-56.16524,-30.701575],[-56.164194,-30.700377],[-56.16539,-30.698943],[-56.164398,-30.698203],[-56.161147,-30.702204],[-56.16076,-30.701963],[-56.159522,-30.70198],[-56.158599,-30.701771],[-56.157909,-30.70146],[-56.158427,-30.700593],[-56.156598,-30.699657],[-56.156172,-30.699346],[-56.154852,-30.700636],[-56.154834,-30.700806],[-56.15431,-30.700774]]]]}},{"type":"Feature","properties":{"nombre":"Coronado","departamento":"Artigas"},"geometry":{"type":"MultiPolygon","coordinates":[[[[-57.602717,-30.305174],[-57.602835,-30.30526],[-57.602964,-30.305206],[-57.60371,-30.305321],[-57.60771,-30.306148],[-57.617264,-30.308263],[-57.617576,-30.308387],[-57.62366,-30.309573],[-57.624165,-30.309222],[-57.624281,-30.309041],[-57.624287,-30.308806],[-57.624112,-30.308555],[-57.624101,-30.308274],[-57.624612,-30.307665],[-57.625214,-30.307289],[-57.62536,-30.306522],[-57.625131,-30.306089],[-57.625168,-30.304879],[-57.625074,-30.304672],[-57.6256,-30.304252],[-57.625481,-30.303801],[-57.624727,-30.302156],[-57.624318,-30.301526],[-57.623929,-30.300122],[-57.623514,-30.299301],[-57.622823,-30.297365],[-57.622747,-30.29688],[-57.622447,-30.296191],[-57.622423,-30.295765],[-57.620912,-30.291874],[-57.620674,-30.290858],[-57.620715,-30.290707],[-57.620108,-30.288776],[-57.620137,-30.288038],[-57.619961,-30.287738],[-57.619934,-30.287352],[-57.619014,-30.284161],[-57.618491,-30.283576],[-57.618265,-30.283151],[-57.618171,-30.282813],[-57.618217,-30.282273],[-57.61815,-30.282101],[-57.617637,-30.281081],[-57.617226,-30.280463],[-57.616872,-30.280111],[-57.616591,-30.279195],[-57.615894,-30.277858],[-57.615462,-30.277936],[-57.614808,-30.277615],[-57.614449,-30.277631],[-57.61302,-30.27731],[-57.612638,-30.277382],[-57.612266,-30.277337],[-57.587333,-30.271349],[-57.578184,-30.299815],[-57.588359,-30.3022],[-57.602717,-30.305174]]]]}},{"type":"Feature","properties":{"nombre":"Paso Campamento","departamento":"Artigas"},"geometry":{"type":"MultiPolygon","coordinates":[[[[-56.782704,-30.78873],[-56.782957,-30.789294],[-56.783197,-30.789343],[-56.783512,-30.789547],[-56.783401,-30.789769],[-56.78349,-30.789987],[-56.784175,-30.78977],[-56.784504,-30.790416],[-56.785251,-30.790104],[-56.784249,-30.788739],[-56.785842,-30.787656],[-56.781034,-30.78411],[-56.781003,-30.784267],[-56.781189,-30.785139],[-56.781007,-30.785167],[-56.780666,-30.785493],[-56.780675,-30.785579],[-56.780165,-30.785881],[-56.780077,-30.786028],[-56.780208,-30.786172],[-56.780265,-30.786641],[-56.780731,-30.787018],[-56.779476,-30.787927],[-56.777763,-30.788672],[-56.777953,-30.789129],[-56.777958,-30.789559],[-56.777672,-30.790974],[-56.781719,-30.789144],[-56.781484,-30.78883],[-56.781851,-30.788621],[-56.782039,-30.788562],[-56.782231,-30.788637],[-56.782344,-30.788603],[-56.782353,-30.788511],[-56.782704,-30.78873]]]]}},{"type":"Feature","properties":{"nombre":"Chamizo","departamento":"Florida"},"geometry":{"type":"MultiPolygon","coordinates":[[[[-55.919059,-34.247415],[-55.919336,-34.247597],[-55.919707,-34.246814],[-55.919378,-34.246493],[-55.919946,-34.2447],[-55.920514,-34.242338],[-55.921782,-34.238313],[-55.914943,-34.239208],[-55.914813,-34.239341],[-55.913482,-34.24375],[-55.910642,-34.243186],[-55.910122,-34.243221],[-55.909839,-34.243352],[-55.911108,-34.243697],[-55.917999,-34.246616],[-55.917586,-34.247507],[-55.918909,-34.247905],[-55.919059,-34.247415]]]]}},{"type":"Feature","properties":{"nombre":"Chakras del Este","departamento":"Maldonado"},"geometry":{"type":"MultiPolygon","coordinates":[[[[-54.852447,-34.876235],[-54.853107,-34.876062],[-54.863299,-34.876125],[-54.863654,-34.869178],[-54.866867,-34.868923],[-54.867427,-34.868653],[-54.867684,-34.868354],[-54.867865,-34.867771],[-54.868648,-34.864376],[-54.865457,-34.863915],[-54.864908,-34.866222],[-54.863657,-34.866752],[-54.851453,-34.867005],[-54.851492,-34.873173],[-54.851629,-34.876233],[-54.852447,-34.876235]]]]}},{"type":"Feature","properties":{"nombre":"San Gabriel","departamento":"Florida"},"geometry":{"type":"MultiPolygon","coordinates":[[[[-55.885723,-34.040859],[-55.889626,-34.040661],[-55.887142,-34.03707],[-55.886202,-34.036397],[-55.884445,-34.035582],[-55.883241,-34.038337],[-55.883334,-34.03938],[-55.883644,-34.039106],[-55.884993,-34.039533],[-55.884476,-34.040904],[-55.885718,-34.04075],[-55.885723,-34.040859]]]]}},{"type":"Feature","properties":{"nombre":"Berrondo","departamento":"Florida"},"geometry":{"type":"MultiPolygon","coordinates":[[[[-56.279823,-34.149944],[-56.280148,-34.149252],[-56.280132,-34.148587],[-56.279741,-34.14853],[-56.279715,-34.148129],[-56.279971,-34.1467],[-56.279291,-34.146577],[-56.279663,-34.14533],[-56.278551,-34.145046],[-56.2788,-34.143431],[-56.276419,-34.143047],[-56.275902,-34.144576],[-56.276336,-34.144662],[-56.276569,-34.147911],[-56.276643,-34.147945],[-56.276709,-34.148751],[-56.276641,-34.148771],[-56.2767,-34.149452],[-56.2781,-34.149044],[-56.278771,-34.15029],[-56.279466,-34.150455],[-56.279823,-34.149944]]]]}},{"type":"Feature","properties":{"nombre":"La Esmeralda","departamento":"Rocha"},"geometry":{"type":"MultiPolygon","coordinates":[[[[-53.690071,-34.175116],[-53.694977,-34.179923],[-53.707506,-34.171501],[-53.720013,-34.1634],[-53.705158,-34.149878],[-53.709682,-34.145137],[-53.708562,-34.144137],[-53.708452,-34.143843],[-53.708028,-34.143762],[-53.704554,-34.142217],[-53.690982,-34.136842],[-53.690177,-34.137484],[-53.680677,-34.143562],[-53.665714,-34.152953],[-53.678147,-34.163833],[-53.690071,-34.175116]]]]}},{"type":"Feature","properties":{"nombre":"Cerros de San Juan","departamento":"Colonia"},"geometry":{"type":"MultiPolygon","coordinates":[[[[-57.932298,-34.220707],[-57.933572,-34.21798],[-57.933572,-34.217644],[-57.933443,-34.217429],[-57.931556,-34.216596],[-57.931287,-34.216392],[-57.930693,-34.217303],[-57.928986,-34.216619],[-57.928448,-34.217528],[-57.928124,-34.217407],[-57.927965,-34.217734],[-57.928326,-34.217866],[-57.927805,-34.21895],[-57.927678,-34.218939],[-57.927233,-34.219808],[-57.928816,-34.220441],[-57.929119,-34.220712],[-57.931618,-34.221611],[-57.931242,-34.222343],[-57.932787,-34.222922],[-57.933152,-34.222196],[-57.931718,-34.221649],[-57.932298,-34.220707]]],[[[-57.916903,-34.219102],[-57.917876,-34.216407],[-57.917539,-34.216284],[-57.917922,-34.215511],[-57.917079,-34.215197],[-57.91685,-34.215613],[-57.915653,-34.215168],[-57.915472,-34.215517],[-57.91512,-34.215326],[-57.914612,-34.216065],[-57.915215,-34.216316],[-57.9143,-34.218587],[-57.915097,-34.218773],[-57.915147,-34.218695],[-57.916903,-34.219102]]]]}},{"type":"Feature","properties":{"nombre":"Arrivillaga","departamento":"Colonia"},"geometry":{"type":"MultiPolygon","coordinates":[[[[-57.467482,-34.417849],[-57.47036,-34.417861],[-57.470373,-34.415414],[-57.46749,-34.415397],[-57.467482,-34.417849]]]]}},{"type":"Feature","properties":{"nombre":"Puntas de Gregorio","departamento":"San José"},"geometry":{"type":"MultiPolygon","coordinates":[[[[-56.758613,-34.488748],[-56.760087,-34.491825],[-56.760551,-34.491683],[-56.761032,-34.492752],[-56.7618,-34.492514],[-56.761329,-34.491456],[-56.762072,-34.491222],[-56.761091,-34.488831],[-56.759273,-34.483967],[-56.758976,-34.483391],[-56.756993,-34.480722],[-56.756328,-34.481017],[-56.75626,-34.480891],[-56.759831,-34.488356],[-56.758613,-34.488748]]]]}},{"type":"Feature","properties":{"nombre":"Riachuelo","departamento":"Colonia"},"geometry":{"type":"MultiPolygon","coordinates":[[[[-57.707339,-34.434309],[-57.707601,-34.434777],[-57.708538,-34.43449],[-57.709186,-34.43497],[-57.709743,-34.434475],[-57.710759,-34.435268],[-57.71199,-34.433504],[-57.711008,-34.432822],[-57.712057,-34.431788],[-57.711873,-34.431483],[-57.713025,-34.43043],[-57.711869,-34.429531],[-57.710915,-34.430344],[-57.710284,-34.429753],[-57.710175,-34.429922],[-57.709594,-34.430069],[-57.709446,-34.430178],[-57.709352,-34.430537],[-57.709145,-34.430675],[-57.708489,-34.430791],[-57.708047,-34.430967],[-57.707766,-34.431475],[-57.70779,-34.431764],[-57.707971,-34.432134],[-57.707963,-34.432335],[-57.707413,-34.433051],[-57.707208,-34.433472],[-57.707339,-34.434309]]]]}},{"type":"Feature","properties":{"nombre":"Juan Carlos Caseros","departamento":"Colonia"},"geometry":{"type":"MultiPolygon","coordinates":[[[[-57.729925,-34.430754],[-57.727846,-34.433745],[-57.729116,-34.434447],[-57.73109,-34.431655],[-57.731666,-34.431842],[-57.732322,-34.430935],[-57.733209,-34.431184],[-57.733346,-34.4311],[-57.727921,-34.429532],[-57.727887,-34.429644],[-57.730221,-34.430317],[-57.729925,-34.430754]]]]}},{"type":"Feature","properties":{"nombre":"Estanzuela","departamento":"Colonia"},"geometry":{"type":"MultiPolygon","coordinates":[[[[-57.731165,-34.330567],[-57.729854,-34.330051],[-57.730764,-34.328645],[-57.726212,-34.326236],[-57.726081,-34.32624],[-57.726032,-34.326093],[-57.724423,-34.324984],[-57.723605,-34.326094],[-57.72117,-34.325172],[-57.720674,-34.325966],[-57.720382,-34.325856],[-57.719399,-34.327047],[-57.719433,-34.327218],[-57.720651,-34.329247],[-57.723536,-34.329629],[-57.722987,-34.330255],[-57.724713,-34.331356],[-57.725843,-34.329729],[-57.727194,-34.330387],[-57.727318,-34.330311],[-57.730636,-34.331633],[-57.731165,-34.330567]]]]}},{"type":"Feature","properties":{"nombre":"Villa Serrana","departamento":"Lavalleja"},"geometry":{"type":"MultiPolygon","coordinates":[[[[-54.989396,-34.326438],[-54.989346,-34.327038],[-54.989525,-34.327219],[-54.990247,-34.327544],[-54.989562,-34.327862],[-54.992481,-34.331397],[-54.994821,-34.332046],[-55.002623,-34.334569],[-55.004288,-34.334273],[-55.004458,-34.332429],[-55.005352,-34.332198],[-55.006296,-34.332319],[-55.007345,-34.332584],[-55.008148,-34.332552],[-55.008974,-34.332162],[-55.009839,-34.331635],[-55.009957,-34.33154],[-55.010129,-34.331141],[-55.011481,-34.33028],[-55.012259,-34.330167],[-55.013479,-34.329632],[-55.014474,-34.329968],[-55.01539,-34.32964],[-55.016465,-34.329453],[-55.007615,-34.323792],[-55.001884,-34.321472],[-54.998791,-34.321032],[-54.99665,-34.320929],[-54.991237,-34.320965],[-54.99132,-34.320783],[-54.991709,-34.32057],[-54.991852,-34.320013],[-54.992116,-34.319603],[-54.992443,-34.318036],[-54.992753,-34.317243],[-54.994121,-34.315234],[-54.994344,-34.314784],[-54.994345,-34.314617],[-54.994229,-34.314416],[-54.99392,-34.314236],[-54.993635,-34.314392],[-54.992623,-34.31438],[-54.992282,-34.314348],[-54.991686,-34.3141],[-54.990873,-34.313542],[-54.99051,-34.313196],[-54.990113,-34.312613],[-54.989738,-34.312471],[-54.989448,-34.311752],[-54.989331,-34.311064],[-54.989277,-34.31039],[-54.989332,-34.310037],[-54.990015,-34.309158],[-54.990051,-34.30848],[-54.990968,-34.307003],[-54.989958,-34.306191],[-54.989852,-34.306172],[-54.989548,-34.30641],[-54.988998,-34.305973],[-54.98881,-34.306001],[-54.988721,-34.305834],[-54.988529,-34.305826],[-54.988469,-34.305676],[-54.988248,-34.305494],[-54.986862,-34.305126],[-54.984923,-34.305161],[-54.983605,-34.304995],[-54.981054,-34.305306],[-54.976649,-34.325491],[-54.976941,-34.325376],[-54.977739,-34.3254],[-54.980792,-34.325941],[-54.98067,-34.326534],[-54.980376,-34.326645],[-54.980328,-34.326738],[-54.980474,-34.327544],[-54.979927,-34.328276],[-54.98013,-34.328788],[-54.980077,-34.329035],[-54.979929,-34.329241],[-54.979105,-34.329731],[-54.978945,-34.330155],[-54.978763,-34.330306],[-54.978194,-34.33046],[-54.977309,-34.330866],[-54.976293,-34.330891],[-54.975977,-34.331018],[-54.975702,-34.331359],[-54.975625,-34.33161],[-54.97567,-34.332215],[-54.9759,-34.332487],[-54.975914,-34.332793],[-54.975417,-34.333646],[-54.974904,-34.333989],[-54.974364,-34.333833],[-54.972775,-34.333936],[-54.971499,-34.334486],[-54.968983,-34.334987],[-54.970162,-34.338023],[-54.970287,-34.338096],[-54.970472,-34.337353],[-54.971127,-34.337008],[-54.971656,-34.337069],[-54.972816,-34.337486],[-54.973016,-34.337382],[-54.973521,-34.337585],[-54.973904,-34.337568],[-54.974178,-34.33774],[-54.974287,-34.337752],[-54.974523,-34.337489],[-54.974674,-34.337431],[-54.975239,-34.337459],[-54.975579,-34.337086],[-54.975653,-34.336764],[-54.976312,-34.336651],[-54.976562,-34.336753],[-54.976708,-34.336732],[-54.97775,-34.336366],[-54.978499,-34.335858],[-54.978982,-34.335171],[-54.979122,-34.334666],[-54.979614,-34.334447],[-54.980462,-34.333558],[-54.980752,-34.333859],[-54.98097,-34.33384],[-54.981449,-34.334011],[-54.982489,-34.333755],[-54.982947,-34.333821],[-54.983809,-34.333772],[-54.983962,-34.333694],[-54.984988,-34.332486],[-54.984968,-34.33216],[-54.985114,-34.33189],[-54.985553,-34.332057],[-54.986685,-34.331471],[-54.986957,-34.331473],[-54.987229,-34.33122],[-54.987226,-34.330258],[-54.987661,-34.329928],[-54.987741,-34.329301],[-54.987503,-34.328513],[-54.987415,-34.327726],[-54.98728,-34.327479],[-54.986983,-34.327265],[-54.986668,-34.326657],[-54.986559,-34.326235],[-54.98666,-34.325983],[-54.9866,-34.325658],[-54.98702,-34.325296],[-54.987791,-34.324995],[-54.98965,-34.326077],[-54.989396,-34.326438]]]]}},{"type":"Feature","properties":{"nombre":"Paso Antolin","departamento":"Colonia"},"geometry":{"type":"MultiPolygon","coordinates":[[[[-57.78515,-34.19931],[-57.785528,-34.200197],[-57.785737,-34.199624],[-57.788947,-34.199121],[-57.789122,-34.19741],[-57.788575,-34.197493],[-57.786801,-34.198459],[-57.786736,-34.19818],[-57.786867,-34.198159],[-57.786756,-34.197195],[-57.787255,-34.196994],[-57.787058,-34.196115],[-57.783933,-34.197756],[-57.784381,-34.197821],[-57.784643,-34.197981],[-57.78515,-34.19931]]]]}},{"type":"Feature","properties":{"nombre":"San Luis Al Medio","departamento":"Rocha"},"geometry":{"type":"MultiPolygon","coordinates":[[[[-53.720101,-33.607607],[-53.720059,-33.607546],[-53.724152,-33.603778],[-53.724585,-33.60365],[-53.724963,-33.603679],[-53.725144,-33.601401],[-53.725148,-33.600151],[-53.724995,-33.59951],[-53.724747,-33.599144],[-53.723983,-33.598607],[-53.723705,-33.598243],[-53.723549,-33.597905],[-53.723548,-33.597598],[-53.723708,-33.597064],[-53.723294,-33.597363],[-53.720616,-33.600124],[-53.719827,-33.599556],[-53.717354,-33.601753],[-53.716749,-33.601255],[-53.717329,-33.600779],[-53.716415,-33.600028],[-53.714251,-33.602158],[-53.712143,-33.602073],[-53.710466,-33.601755],[-53.708712,-33.603403],[-53.711111,-33.604937],[-53.712365,-33.603729],[-53.713715,-33.604684],[-53.71418,-33.604308],[-53.714919,-33.604844],[-53.714691,-33.605081],[-53.714596,-33.605343],[-53.714649,-33.605536],[-53.714354,-33.605753],[-53.714964,-33.606149],[-53.715414,-33.60576],[-53.716658,-33.606648],[-53.715711,-33.607624],[-53.717959,-33.609566],[-53.720101,-33.607607]]]]}},{"type":"Feature","properties":{"nombre":"Campo Militar","departamento":"Canelones"},"geometry":{"type":"MultiPolygon","coordinates":[[[[-56.393003,-34.577624],[-56.39214,-34.57759],[-56.392522,-34.57702],[-56.392948,-34.57658],[-56.398704,-34.572559],[-56.397291,-34.570889],[-56.39662,-34.57135],[-56.395132,-34.569766],[-56.394844,-34.572346],[-56.391465,-34.572021],[-56.390205,-34.577494],[-56.387946,-34.577384],[-56.389292,-34.579304],[-56.390774,-34.579913],[-56.390598,-34.58021],[-56.393867,-34.58151],[-56.394731,-34.585013],[-56.395671,-34.585096],[-56.394761,-34.581607],[-56.396319,-34.581304],[-56.396283,-34.581185],[-56.397044,-34.581014],[-56.397115,-34.581219],[-56.397599,-34.581116],[-56.39749,-34.58085],[-56.399173,-34.580382],[-56.39843,-34.578556],[-56.39909,-34.578446],[-56.398852,-34.577928],[-56.393003,-34.577624]]]]}},{"type":"Feature","properties":{"nombre":"Tacuarembo","departamento":"Tacuarembó"},"geometry":{"type":"MultiPolygon","coordinates":[[[[-56.014651,-31.749938],[-56.014764,-31.74951],[-56.015581,-31.75031],[-56.017074,-31.74841],[-56.016393,-31.748036],[-56.016079,-31.747623],[-56.017733,-31.745878],[-56.015527,-31.745471],[-56.013417,-31.745888],[-56.013007,-31.743975],[-56.017392,-31.744017],[-56.018605,-31.744211],[-56.018796,-31.744128],[-56.021316,-31.73929],[-56.021766,-31.738167],[-56.022366,-31.737784],[-56.022981,-31.737434],[-56.023183,-31.737405],[-56.024449,-31.737554],[-56.025836,-31.737962],[-56.026204,-31.738977],[-56.027281,-31.738831],[-56.026129,-31.740887],[-56.029818,-31.741051],[-56.027763,-31.738008],[-56.037435,-31.737801],[-56.03775,-31.737607],[-56.03893,-31.736542],[-56.040923,-31.734558],[-56.042384,-31.733524],[-56.025158,-31.719369],[-56.023472,-31.717886],[-56.022118,-31.716839],[-56.021147,-31.715241],[-56.020244,-31.713962],[-56.023082,-31.712395],[-56.02093,-31.710172],[-56.027243,-31.710203],[-56.028695,-31.710394],[-56.030934,-31.710896],[-56.031602,-31.710881],[-56.031014,-31.71024],[-56.030927,-31.709887],[-56.030673,-31.709552],[-56.030294,-31.709497],[-56.029513,-31.708986],[-56.029433,-31.70875],[-56.029139,-31.708722],[-56.028694,-31.708277],[-56.028501,-31.708198],[-56.028391,-31.707723],[-56.028414,-31.707463],[-56.028564,-31.707269],[-56.02843,-31.707038],[-56.028193,-31.706917],[-56.028319,-31.706544],[-56.028033,-31.7061],[-56.027935,-31.705257],[-56.027708,-31.705147],[-56.027528,-31.704876],[-56.027308,-31.704845],[-56.027239,-31.704608],[-56.027481,-31.704543],[-56.027504,-31.704017],[-56.027278,-31.703725],[-56.027048,-31.703644],[-56.026405,-31.702456],[-56.02559,-31.701326],[-56.025408,-31.700839],[-56.025251,-31.700682],[-56.025197,-31.70041],[-56.025268,-31.700195],[-56.025453,-31.700085],[-56.025391,-31.699836],[-56.024614,-31.699125],[-56.024524,-31.698363],[-56.024748,-31.697683],[-56.024484,-31.697676],[-56.024441,-31.697598],[-56.024742,-31.697105],[-56.024755,-31.696861],[-56.024602,-31.696709],[-56.024467,-31.696356],[-56.024312,-31.69624],[-56.024191,-31.695733],[-56.024059,-31.695586],[-56.023365,-31.69507],[-56.02327,-31.694851],[-56.021946,-31.69521],[-56.021438,-31.695443],[-56.021241,-31.695316],[-56.021084,-31.695332],[-56.020364,-31.695795],[-56.019982,-31.695803],[-56.018836,-31.695344],[-56.018809,-31.695222],[-56.018987,-31.694892],[-56.018929,-31.694286],[-56.018689,-31.693777],[-56.018501,-31.693604],[-56.017975,-31.693328],[-56.017339,-31.69349],[-56.016402,-31.693194],[-56.015705,-31.69344],[-56.015437,-31.693916],[-56.01502,-31.693904],[-56.014833,-31.694165],[-56.014444,-31.694288],[-56.013584,-31.694768],[-56.012232,-31.695171],[-56.011546,-31.695643],[-56.011299,-31.69603],[-56.010793,-31.696577],[-56.010141,-31.696829],[-56.008269,-31.697235],[-56.007536,-31.697255],[-56.006733,-31.696913],[-56.005784,-31.69705],[-56.005374,-31.697451],[-56.004759,-31.697571],[-56.004341,-31.697468],[-56.004002,-31.697258],[-56.003529,-31.697426],[-56.002794,-31.697477],[-56.002495,-31.697434],[-56.002137,-31.697187],[-56.001539,-31.697238],[-56.000915,-31.697016],[-56.000753,-31.696785],[-56.000625,-31.696426],[-56.000599,-31.696059],[-56.000591,-31.695794],[-56.000699,-31.695546],[-56.000539,-31.695324],[-55.999096,-31.69523],[-55.998139,-31.695838],[-55.997809,-31.696124],[-55.997666,-31.696432],[-55.997327,-31.696802],[-55.996584,-31.697289],[-55.996131,-31.697409],[-55.995405,-31.697298],[-55.994927,-31.697451],[-55.99415,-31.697503],[-55.993218,-31.698135],[-55.99239,-31.698511],[-55.991313,-31.698502],[-55.99104,-31.698289],[-55.989949,-31.698255],[-55.989844,-31.698323],[-55.989733,-31.698861],[-55.98918,-31.699437],[-55.987914,-31.700202],[-55.987589,-31.70074],[-55.987223,-31.701011],[-55.986673,-31.701106],[-55.985786,-31.701014],[-55.984394,-31.701227],[-55.983195,-31.701566],[-55.982754,-31.70156],[-55.98247,-31.701665],[-55.98205,-31.701557],[-55.981473,-31.701637],[-55.980926,-31.702167],[-55.980781,-31.702406],[-55.980812,-31.703173],[-55.980417,-31.703799],[-55.979226,-31.704498],[-55.978567,-31.704124],[-55.977236,-31.703894],[-55.976393,-31.70335],[-55.975646,-31.703233],[-55.975362,-31.703388],[-55.975023,-31.703833],[-55.97516,-31.704354],[-55.975516,-31.704841],[-55.97557,-31.705071],[-55.975476,-31.705421],[-55.975296,-31.705567],[-55.974369,-31.705779],[-55.973712,-31.704692],[-55.972423,-31.702867],[-55.972677,-31.702812],[-55.972948,-31.703016],[-55.973301,-31.702765],[-55.973176,-31.701769],[-55.973414,-31.700723],[-55.97321,-31.700553],[-55.973193,-31.700443],[-55.97375,-31.699046],[-55.973263,-31.69893],[-55.974484,-31.695347],[-55.974893,-31.695121],[-55.975135,-31.69509],[-55.974905,-31.694997],[-55.973622,-31.693847],[-55.972852,-31.693048],[-55.97275,-31.692742],[-55.971156,-31.691428],[-55.963661,-31.684541],[-55.963122,-31.684565],[-55.962048,-31.684394],[-55.961982,-31.684328],[-55.961001,-31.684539],[-55.960517,-31.684487],[-55.960118,-31.684888],[-55.959841,-31.684875],[-55.959643,-31.685119],[-55.958622,-31.685824],[-55.957924,-31.685738],[-55.957443,-31.685962],[-55.957509,-31.6861],[-55.957391,-31.686265],[-55.957272,-31.686272],[-55.957279,-31.686456],[-55.95718,-31.686456],[-55.957081,-31.686667],[-55.956943,-31.68666],[-55.956989,-31.686397],[-55.956633,-31.685995],[-55.956554,-31.685731],[-55.956719,-31.685389],[-55.95712,-31.685198],[-55.957114,-31.685059],[-55.9566,-31.684322],[-55.956633,-31.684091],[-55.956251,-31.683913],[-55.956244,-31.683696],[-55.956434,-31.683265],[-55.956435,-31.682779],[-55.956703,-31.682454],[-55.956385,-31.682523],[-55.951688,-31.684533],[-55.948213,-31.685916],[-55.948355,-31.683071],[-55.946821,-31.680368],[-55.944013,-31.683165],[-55.944156,-31.685052],[-55.943986,-31.687489],[-55.944145,-31.688833],[-55.945478,-31.692191],[-55.948207,-31.69662],[-55.951302,-31.697061],[-55.954572,-31.69765],[-55.957748,-31.699063],[-55.959816,-31.700882],[-55.960674,-31.701323],[-55.961224,-31.701455],[-55.963261,-31.701604],[-55.965499,-31.701907],[-55.969184,-31.702049],[-55.96933,-31.702108],[-55.970838,-31.702099],[-55.971654,-31.702207],[-55.972137,-31.702649],[-55.973552,-31.704651],[-55.974264,-31.705811],[-55.97371,-31.705885],[-55.97321,-31.706442],[-55.973103,-31.706999],[-55.97326,-31.707813],[-55.973203,-31.708213],[-55.973095,-31.708478],[-55.972788,-31.708792],[-55.972417,-31.708935],[-55.971926,-31.708939],[-55.971295,-31.708788],[-55.970981,-31.708556],[-55.970482,-31.707027],[-55.970405,-31.705876],[-55.970217,-31.705599],[-55.969538,-31.705571],[-55.968981,-31.705921],[-55.96821,-31.706956],[-55.967824,-31.707328],[-55.967302,-31.707628],[-55.966459,-31.707906],[-55.965645,-31.708421],[-55.964288,-31.709035],[-55.962963,-31.709934],[-55.962712,-31.710314],[-55.962686,-31.710771],[-55.963118,-31.711004],[-55.96342,-31.711289],[-55.963904,-31.711842],[-55.963955,-31.712101],[-55.963224,-31.713405],[-55.963189,-31.713641],[-55.963292,-31.713841],[-55.963893,-31.714427],[-55.96464,-31.71489],[-55.965076,-31.714997],[-55.965362,-31.715174],[-55.965509,-31.717134],[-55.965772,-31.718904],[-55.96563,-31.721804],[-55.965388,-31.722477],[-55.965172,-31.722649],[-55.96456,-31.722641],[-55.963482,-31.722913],[-55.962687,-31.722959],[-55.960649,-31.722211],[-55.95828,-31.721617],[-55.957961,-31.721455],[-55.956133,-31.719385],[-55.955646,-31.719077],[-55.953911,-31.718471],[-55.950448,-31.718068],[-55.948235,-31.718012],[-55.947911,-31.718036],[-55.946831,-31.718479],[-55.946353,-31.718935],[-55.946072,-31.719759],[-55.945882,-31.720634],[-55.9457,-31.721038],[-55.944849,-31.722075],[-55.944382,-31.722359],[-55.941941,-31.722878],[-55.938453,-31.723122],[-55.935462,-31.723479],[-55.933632,-31.724029],[-55.933349,-31.724193],[-55.932724,-31.724848],[-55.932367,-31.725384],[-55.932218,-31.726321],[-55.932382,-31.726738],[-55.932679,-31.727139],[-55.933203,-31.72717],[-55.933572,-31.727065],[-55.934361,-31.726306],[-55.93521,-31.725975],[-55.935685,-31.725949],[-55.936122,-31.726134],[-55.936424,-31.726335],[-55.936586,-31.726605],[-55.936574,-31.727066],[-55.936398,-31.727652],[-55.934902,-31.730526],[-55.934839,-31.731154],[-55.934902,-31.731899],[-55.934849,-31.732196],[-55.934652,-31.732566],[-55.934915,-31.732592],[-55.935104,-31.732522],[-55.935694,-31.73194],[-55.9361,-31.731662],[-55.937281,-31.732213],[-55.937807,-31.732189],[-55.937881,-31.731718],[-55.938243,-31.731654],[-55.938379,-31.731748],[-55.93857,-31.732262],[-55.939253,-31.732418],[-55.939317,-31.732367],[-55.939314,-31.732153],[-55.939839,-31.73209],[-55.940316,-31.732494],[-55.940895,-31.73252],[-55.941213,-31.73324],[-55.942135,-31.733722],[-55.942559,-31.733683],[-55.942735,-31.733934],[-55.943239,-31.734237],[-55.943715,-31.734743],[-55.943792,-31.735114],[-55.943724,-31.735197],[-55.943734,-31.735804],[-55.944035,-31.735896],[-55.944126,-31.736194],[-55.944308,-31.736447],[-55.944457,-31.73652],[-55.94472,-31.737287],[-55.94476,-31.7378],[-55.944985,-31.737927],[-55.94513,-31.73828],[-55.944876,-31.738648],[-55.944861,-31.738819],[-55.945353,-31.739899],[-55.945414,-31.740198],[-55.945353,-31.740236],[-55.945371,-31.740509],[-55.945442,-31.740655],[-55.945136,-31.740922],[-55.94525,-31.741101],[-55.945117,-31.741504],[-55.944795,-31.741608],[-55.944512,-31.741791],[-55.944485,-31.741885],[-55.944727,-31.742582],[-55.944943,-31.742806],[-55.944983,-31.743158],[-55.945176,-31.743213],[-55.945012,-31.74348],[-55.945132,-31.743813],[-55.945116,-31.744017],[-55.945006,-31.744131],[-55.944955,-31.744361],[-55.944712,-31.744564],[-55.945216,-31.744739],[-55.945147,-31.744998],[-55.945426,-31.74565],[-55.947814,-31.744227],[-55.947945,-31.744292],[-55.950953,-31.747187],[-55.953078,-31.749951],[-55.954768,-31.75049],[-55.955592,-31.749489],[-55.955885,-31.749267],[-55.956191,-31.748744],[-55.957185,-31.74762],[-55.958626,-31.745779],[-55.958714,-31.745759],[-55.960321,-31.746996],[-55.96056,-31.747034],[-55.960601,-31.74685],[-55.96176,-31.745328],[-55.962086,-31.744662],[-55.963131,-31.743937],[-55.963239,-31.744387],[-55.964237,-31.745603],[-55.966681,-31.748118],[-55.968839,-31.750676],[-55.971655,-31.757038],[-55.972886,-31.759034],[-55.975828,-31.755582],[-55.976513,-31.754723],[-55.976755,-31.754264],[-55.976884,-31.753678],[-55.976884,-31.750454],[-55.976947,-31.749987],[-55.981496,-31.748032],[-55.982353,-31.747833],[-55.983954,-31.747051],[-55.986168,-31.74615],[-55.983566,-31.742738],[-55.983476,-31.742388],[-55.98352,-31.742197],[-55.983819,-31.741881],[-55.984446,-31.741467],[-55.991312,-31.737048],[-55.992706,-31.738535],[-55.994846,-31.740343],[-55.999126,-31.743119],[-56.000244,-31.743805],[-56.001318,-31.744333],[-56.002573,-31.744759],[-56.003852,-31.745039],[-56.009513,-31.745895],[-56.010032,-31.746045],[-56.011103,-31.746535],[-56.012085,-31.74729],[-56.012815,-31.748235],[-56.013197,-31.749115],[-56.013568,-31.75123],[-56.014169,-31.750389],[-56.014217,-31.750447],[-56.014651,-31.749938]]]]}},{"type":"Feature","properties":{"nombre":"Pando","departamento":"Canelones"},"geometry":{"type":"MultiPolygon","coordinates":[[[[-55.974125,-34.725315],[-55.974441,-34.72517],[-55.975168,-34.725036],[-55.975261,-34.72504],[-55.975305,-34.725215],[-55.975538,-34.725243],[-55.976457,-34.725067],[-55.976794,-34.724828],[-55.976632,-34.724578],[-55.976491,-34.724008],[-55.976379,-34.723878],[-55.976062,-34.723782],[-55.975965,-34.723454],[-55.976167,-34.722689],[-55.976671,-34.722456],[-55.977102,-34.722459],[-55.977276,-34.722247],[-55.976993,-34.72167],[-55.975991,-34.720686],[-55.975492,-34.719952],[-55.975317,-34.71952],[-55.975484,-34.719029],[-55.975476,-34.718363],[-55.978765,-34.718989],[-55.979338,-34.718799],[-55.980016,-34.718818],[-55.981603,-34.71953],[-55.982104,-34.719651],[-55.982621,-34.719501],[-55.983005,-34.71926],[-55.984111,-34.71895],[-55.984294,-34.718954],[-55.98451,-34.719281],[-55.984819,-34.719392],[-55.985379,-34.7194],[-55.986077,-34.719167],[-55.988065,-34.71958],[-55.98862,-34.719304],[-55.98882,-34.718979],[-55.989153,-34.718735],[-55.990112,-34.718487],[-55.990591,-34.718707],[-55.990924,-34.719039],[-55.991204,-34.719729],[-55.991778,-34.719872],[-55.992528,-34.72037],[-55.99303,-34.720533],[-55.993452,-34.720845],[-55.993693,-34.720906],[-55.993956,-34.720785],[-55.994415,-34.720324],[-55.994474,-34.720169],[-55.994517,-34.719898],[-55.99438,-34.719461],[-55.994121,-34.719496],[-55.99396,-34.719377],[-55.993971,-34.719242],[-55.994467,-34.718945],[-55.994756,-34.718893],[-55.994857,-34.718679],[-55.995183,-34.718638],[-55.995209,-34.718485],[-55.99512,-34.71832],[-55.995185,-34.71801],[-55.995301,-34.717756],[-55.995547,-34.717653],[-55.994494,-34.717513],[-55.995577,-34.715747],[-55.99601,-34.715791],[-55.996028,-34.71555],[-55.996593,-34.713948],[-55.995203,-34.713938],[-55.971995,-34.711321],[-55.972697,-34.710198],[-55.97275,-34.709965],[-55.97265,-34.706877],[-55.97042,-34.70664],[-55.970442,-34.706536],[-55.969488,-34.706415],[-55.969617,-34.705765],[-55.969066,-34.705682],[-55.969013,-34.705942],[-55.965521,-34.705384],[-55.965445,-34.70582],[-55.962643,-34.705359],[-55.962836,-34.704629],[-55.960258,-34.704186],[-55.960411,-34.703595],[-55.956236,-34.702831],[-55.956662,-34.701147],[-55.953613,-34.700597],[-55.952429,-34.705315],[-55.947071,-34.704466],[-55.946847,-34.70433],[-55.946686,-34.704325],[-55.946033,-34.703561],[-55.945212,-34.703962],[-55.944363,-34.704145],[-55.942313,-34.70413],[-55.941207,-34.704281],[-55.940155,-34.704303],[-55.938821,-34.704528],[-55.937694,-34.705156],[-55.93718,-34.705559],[-55.936993,-34.705817],[-55.936826,-34.706657],[-55.936966,-34.706998],[-55.937471,-34.707537],[-55.93741,-34.707927],[-55.93751,-34.708324],[-55.937474,-34.709235],[-55.937556,-34.710297],[-55.937918,-34.710873],[-55.938481,-34.711367],[-55.939336,-34.712414],[-55.939465,-34.712869],[-55.939854,-34.713635],[-55.940231,-34.714917],[-55.940523,-34.715605],[-55.940733,-34.71584],[-55.941424,-34.71592],[-55.942327,-34.715372],[-55.943216,-34.715555],[-55.94372,-34.715896],[-55.944307,-34.71611],[-55.944851,-34.716438],[-55.946656,-34.718426],[-55.946747,-34.719439],[-55.946641,-34.71999],[-55.946318,-34.720477],[-55.945927,-34.720748],[-55.94465,-34.720974],[-55.94409,-34.720993],[-55.943261,-34.721231],[-55.943147,-34.721422],[-55.94329,-34.722011],[-55.943189,-34.722417],[-55.942755,-34.722655],[-55.942368,-34.723019],[-55.942037,-34.723801],[-55.94159,-34.724356],[-55.941114,-34.724783],[-55.940385,-34.724955],[-55.939889,-34.725193],[-55.93972,-34.725563],[-55.939676,-34.725917],[-55.939898,-34.726293],[-55.940712,-34.727082],[-55.941275,-34.727363],[-55.941518,-34.727371],[-55.941702,-34.727281],[-55.942289,-34.726774],[-55.942828,-34.72656],[-55.94317,-34.72654],[-55.943739,-34.726705],[-55.944062,-34.727111],[-55.944156,-34.727386],[-55.94407,-34.728888],[-55.944823,-34.730953],[-55.944921,-34.732137],[-55.944808,-34.732485],[-55.944601,-34.732709],[-55.943776,-34.733118],[-55.943479,-34.733406],[-55.941644,-34.734716],[-55.941337,-34.735369],[-55.941252,-34.735951],[-55.941555,-34.736435],[-55.941969,-34.736719],[-55.942317,-34.736816],[-55.943057,-34.736897],[-55.944397,-34.736686],[-55.945915,-34.73678],[-55.946668,-34.736959],[-55.947054,-34.737253],[-55.948286,-34.738666],[-55.948783,-34.73944],[-55.948867,-34.739988],[-55.948845,-34.740522],[-55.948702,-34.740862],[-55.948224,-34.741388],[-55.947119,-34.742168],[-55.94686,-34.742513],[-55.94671,-34.743012],[-55.946849,-34.743493],[-55.94708,-34.743668],[-55.947604,-34.743685],[-55.948674,-34.743451],[-55.949486,-34.743521],[-55.950116,-34.743768],[-55.950313,-34.74347],[-55.950494,-34.743348],[-55.951328,-34.743185],[-55.95237,-34.742743],[-55.952611,-34.74232],[-55.952612,-34.741669],[-55.952703,-34.741439],[-55.953126,-34.74094],[-55.953539,-34.740595],[-55.954414,-34.74017],[-55.954668,-34.739791],[-55.954827,-34.739368],[-55.954889,-34.739025],[-55.954842,-34.738811],[-55.95441,-34.738258],[-55.953618,-34.738146],[-55.953322,-34.737953],[-55.953322,-34.737623],[-55.953472,-34.737223],[-55.954103,-34.736584],[-55.955077,-34.736016],[-55.956044,-34.73602],[-55.9563,-34.735922],[-55.957603,-34.734826],[-55.958165,-34.734529],[-55.959186,-34.733812],[-55.959315,-34.733601],[-55.959349,-34.733273],[-55.958965,-34.732542],[-55.959089,-34.732335],[-55.959045,-34.732143],[-55.959118,-34.731973],[-55.960416,-34.730484],[-55.960537,-34.730303],[-55.96045,-34.730036],[-55.960617,-34.72985],[-55.961415,-34.729596],[-55.961949,-34.729534],[-55.96272,-34.729889],[-55.963022,-34.729946],[-55.963404,-34.729905],[-55.964116,-34.729563],[-55.964335,-34.729169],[-55.964541,-34.728494],[-55.964983,-34.72791],[-55.965224,-34.727317],[-55.96443,-34.726923],[-55.964487,-34.726834],[-55.965284,-34.727214],[-55.965277,-34.727061],[-55.964974,-34.726813],[-55.96552,-34.726155],[-55.965805,-34.72593],[-55.96637,-34.725848],[-55.967344,-34.726212],[-55.968432,-34.726408],[-55.970049,-34.727594],[-55.970908,-34.726828],[-55.971534,-34.725851],[-55.972059,-34.725381],[-55.972115,-34.724923],[-55.971944,-34.724463],[-55.971978,-34.723962],[-55.972068,-34.723765],[-55.972355,-34.723719],[-55.972771,-34.723934],[-55.972908,-34.724106],[-55.973264,-34.724988],[-55.973629,-34.725189],[-55.974125,-34.725315]]]]}},{"type":"Feature","properties":{"nombre":"Playa Parant","departamento":"Colonia"},"geometry":{"type":"MultiPolygon","coordinates":[[[[-57.25985,-34.435434],[-57.259781,-34.435117],[-57.259853,-34.434454],[-57.259936,-34.43434],[-57.260936,-34.433809],[-57.261212,-34.43351],[-57.261465,-34.433036],[-57.261547,-34.432692],[-57.261744,-34.432493],[-57.262096,-34.430581],[-57.262013,-34.43015],[-57.261223,-34.430147],[-57.261105,-34.430248],[-57.259186,-34.430137],[-57.258429,-34.432546],[-57.257264,-34.432457],[-57.25468,-34.431979],[-57.253585,-34.43569],[-57.253578,-34.436294],[-57.256444,-34.436173],[-57.25721,-34.436077],[-57.259291,-34.436105],[-57.259582,-34.436011],[-57.259923,-34.436017],[-57.25985,-34.435434]]]]}},{"type":"Feature","properties":{"nombre":"Barrio Torres","departamento":"Rocha"},"geometry":{"type":"MultiPolygon","coordinates":[[[[-53.842393,-34.210528],[-53.843781,-34.21192],[-53.843532,-34.212137],[-53.844984,-34.213469],[-53.845092,-34.213341],[-53.847554,-34.211984],[-53.848224,-34.211411],[-53.847387,-34.210519],[-53.843973,-34.207525],[-53.842393,-34.210528]]]]}},{"type":"Feature","properties":{"nombre":"Villa Aeroparque","departamento":"Canelones"},"geometry":{"type":"MultiPolygon","coordinates":[[[[-56.002895,-34.795729],[-56.003068,-34.795693],[-56.000908,-34.788023],[-56.000723,-34.787086],[-56.000552,-34.786758],[-56.000558,-34.786459],[-55.999739,-34.784966],[-55.999364,-34.784508],[-55.99862,-34.783872],[-55.995999,-34.784353],[-55.996829,-34.787488],[-55.988728,-34.789082],[-55.989429,-34.791791],[-55.988144,-34.792042],[-55.988391,-34.792947],[-55.988568,-34.793148],[-55.988908,-34.794535],[-55.988856,-34.794547],[-55.989961,-34.798561],[-56.00297,-34.796192],[-56.002895,-34.795729]]]]}},{"type":"Feature","properties":{"nombre":"Isla Patrulla (Maria Isabel)","departamento":"Treinta y Tres"},"geometry":{"type":"MultiPolygon","coordinates":[[[[-54.564336,-32.994459],[-54.564415,-32.994955],[-54.564685,-32.995285],[-54.564881,-32.995212],[-54.564898,-32.995385],[-54.565804,-32.995239],[-54.565662,-32.994705],[-54.565507,-32.993134],[-54.568119,-32.99287],[-54.568754,-32.992899],[-54.568324,-32.990165],[-54.568199,-32.989984],[-54.567114,-32.990057],[-54.56697,-32.988723],[-54.565762,-32.988809],[-54.565711,-32.988376],[-54.564484,-32.988282],[-54.564322,-32.988738],[-54.563215,-32.988474],[-54.563257,-32.989692],[-54.561763,-32.989913],[-54.561767,-32.989854],[-54.556595,-32.990099],[-54.555868,-32.989857],[-54.554645,-32.993732],[-54.553156,-32.993373],[-54.554441,-32.994218],[-54.554176,-32.995085],[-54.55724,-32.996915],[-54.559911,-32.996676],[-54.559911,-32.996597],[-54.560263,-32.996572],[-54.560318,-32.997234],[-54.561536,-32.997314],[-54.561387,-32.997988],[-54.56278,-32.998098],[-54.563163,-32.995252],[-54.564032,-32.994443],[-54.564132,-32.994233],[-54.564277,-32.994272],[-54.564336,-32.994459]]]]}},{"type":"Feature","properties":{"nombre":"Laguna de los Cisnes - Lomas del Sauce","departamento":"Maldonado"},"geometry":{"type":"MultiPolygon","coordinates":[[[[-55.153147,-34.863391],[-55.159228,-34.860326],[-55.162427,-34.857903],[-55.15873,-34.853758],[-55.163508,-34.850997],[-55.15248,-34.837864],[-55.151695,-34.838637],[-55.151335,-34.838847],[-55.151188,-34.839542],[-55.150775,-34.839714],[-55.150463,-34.840115],[-55.15004,-34.840329],[-55.149362,-34.841276],[-55.149244,-34.841809],[-55.149214,-34.842505],[-55.149552,-34.842677],[-55.149919,-34.843457],[-55.149976,-34.84383],[-55.149792,-34.844648],[-55.150109,-34.845085],[-55.149926,-34.84518],[-55.149463,-34.84506],[-55.149279,-34.844876],[-55.149089,-34.844863],[-55.14895,-34.845092],[-55.148772,-34.844572],[-55.148848,-34.84435],[-55.148829,-34.844046],[-55.147778,-34.84437],[-55.147453,-34.844681],[-55.147354,-34.844893],[-55.145332,-34.84597],[-55.141767,-34.846953],[-55.138366,-34.849036],[-55.137914,-34.84916],[-55.138019,-34.849438],[-55.141568,-34.853838],[-55.14177,-34.854198],[-55.149036,-34.862857],[-55.150441,-34.864636],[-55.150957,-34.864458],[-55.153147,-34.863391]]]]}},{"type":"Feature","properties":{"nombre":"Juanico","departamento":"Canelones"},"geometry":{"type":"MultiPolygon","coordinates":[[[[-56.256684,-34.597355],[-56.256753,-34.597337],[-56.256138,-34.595452],[-56.256341,-34.595412],[-56.256272,-34.595159],[-56.259259,-34.594512],[-56.259425,-34.591885],[-56.255299,-34.592744],[-56.251626,-34.59339],[-56.251149,-34.59316],[-56.250957,-34.593474],[-56.250682,-34.593546],[-56.250568,-34.593732],[-56.250467,-34.593479],[-56.249495,-34.593355],[-56.249311,-34.594534],[-56.248421,-34.596027],[-56.248983,-34.596106],[-56.248642,-34.596675],[-56.248645,-34.596766],[-56.248914,-34.596714],[-56.247801,-34.598474],[-56.25057,-34.598061],[-56.250794,-34.599066],[-56.254991,-34.598188],[-56.25496,-34.598076],[-56.256759,-34.597694],[-56.256684,-34.597355]]]]}},{"type":"Feature","properties":{"nombre":"La Hilera","departamento":"Tacuarembó"},"geometry":{"type":"MultiPolygon","coordinates":[[[[-55.659851,-32.081597],[-55.660322,-32.080198],[-55.660441,-32.080142],[-55.659841,-32.079081],[-55.660795,-32.078689],[-55.660346,-32.077977],[-55.659956,-32.076928],[-55.658868,-32.077261],[-55.654552,-32.069363],[-55.653677,-32.069801],[-55.651598,-32.070299],[-55.650897,-32.070907],[-55.651095,-32.071696],[-55.651729,-32.072496],[-55.653088,-32.07385],[-55.653799,-32.07438],[-55.652251,-32.075412],[-55.651676,-32.076033],[-55.65434,-32.077825],[-55.652839,-32.079454],[-55.653434,-32.079855],[-55.653137,-32.080174],[-55.653285,-32.080269],[-55.653187,-32.080374],[-55.653841,-32.080843],[-55.655728,-32.078804],[-55.659851,-32.081597]]]]}},{"type":"Feature","properties":{"nombre":"La Macana","departamento":"Florida"},"geometry":{"type":"MultiPolygon","coordinates":[[[[-56.194722,-34.036549],[-56.194029,-34.034229],[-56.191548,-34.034773],[-56.191921,-34.036002],[-56.192009,-34.036034],[-56.192046,-34.036259],[-56.192384,-34.036891],[-56.192619,-34.036956],[-56.193476,-34.03672],[-56.193501,-34.036816],[-56.194722,-34.036549]]]]}},{"type":"Feature","properties":{"nombre":"El Caracol","departamento":"Rocha"},"geometry":{"type":"MultiPolygon","coordinates":[[[[-54.567324,-34.801256],[-54.568892,-34.80205],[-54.569278,-34.801399],[-54.568085,-34.800778],[-54.56782,-34.801154],[-54.567318,-34.800848],[-54.566926,-34.80037],[-54.566815,-34.800051],[-54.56684,-34.799586],[-54.566991,-34.799273],[-54.567454,-34.798778],[-54.566962,-34.798504],[-54.566712,-34.799152],[-54.566388,-34.799259],[-54.566185,-34.79891],[-54.565884,-34.798757],[-54.565775,-34.798387],[-54.565104,-34.798556],[-54.563568,-34.79832],[-54.5637,-34.799451],[-54.567324,-34.801256]]]]}},{"type":"Feature","properties":{"nombre":"Colonia Cosmopolita","departamento":"Colonia"},"geometry":{"type":"MultiPolygon","coordinates":[[[[-57.399908,-34.386439],[-57.401161,-34.386451],[-57.401171,-34.386182],[-57.40194,-34.386182],[-57.401937,-34.385633],[-57.402645,-34.385636],[-57.402654,-34.384196],[-57.402169,-34.384189],[-57.402186,-34.3828],[-57.404599,-34.38282],[-57.40459,-34.381755],[-57.401177,-34.381705],[-57.401177,-34.381631],[-57.400538,-34.381605],[-57.400534,-34.381821],[-57.400234,-34.381812],[-57.400253,-34.382699],[-57.399552,-34.382726],[-57.399544,-34.384952],[-57.39893,-34.384942],[-57.398903,-34.385619],[-57.399921,-34.385617],[-57.399908,-34.386439]]]]}},{"type":"Feature","properties":{"nombre":"Masoller","departamento":"Rivera"},"geometry":{"type":"MultiPolygon","coordinates":[[[[-56.010755,-31.083075],[-56.009826,-31.082667],[-56.011124,-31.082091],[-56.011208,-31.081674],[-56.008513,-31.08202],[-56.008255,-31.082117],[-56.006699,-31.082201],[-56.005168,-31.082119],[-56.002941,-31.082369],[-56.001473,-31.08286],[-55.999035,-31.083393],[-55.999319,-31.083567],[-55.999732,-31.084104],[-56.000034,-31.084861],[-56.002706,-31.084192],[-56.00279,-31.084466],[-56.009145,-31.082858],[-56.009344,-31.082941],[-56.009609,-31.084339],[-56.010163,-31.084221],[-56.010114,-31.083866],[-56.010585,-31.083393],[-56.011038,-31.083888],[-56.011284,-31.083987],[-56.011618,-31.084525],[-56.012692,-31.085197],[-56.013065,-31.084791],[-56.011255,-31.083378],[-56.010755,-31.083075]]]]}},{"type":"Feature","properties":{"nombre":"Olmos","departamento":"Canelones"},"geometry":{"type":"MultiPolygon","coordinates":[[[[-55.929479,-34.702922],[-55.930253,-34.701722],[-55.933165,-34.702632],[-55.933872,-34.699859],[-55.935314,-34.700687],[-55.937499,-34.698042],[-55.935857,-34.697274],[-55.93501,-34.696997],[-55.933557,-34.696713],[-55.932701,-34.696653],[-55.932639,-34.696972],[-55.932294,-34.696907],[-55.927768,-34.697117],[-55.927705,-34.696678],[-55.927594,-34.696456],[-55.927329,-34.696243],[-55.926613,-34.69592],[-55.926156,-34.696233],[-55.925306,-34.696547],[-55.925036,-34.696552],[-55.924888,-34.696675],[-55.924986,-34.696772],[-55.926596,-34.696914],[-55.926283,-34.69832],[-55.926366,-34.699579],[-55.927643,-34.69917],[-55.926797,-34.702488],[-55.929479,-34.702922]]]]}},{"type":"Feature","properties":{"nombre":"Estacion Pedrera","departamento":"Canelones"},"geometry":{"type":"MultiPolygon","coordinates":[[[[-55.8166,-34.613014],[-55.816786,-34.612343],[-55.817065,-34.611783],[-55.816887,-34.61168],[-55.817384,-34.608005],[-55.813394,-34.607988],[-55.813081,-34.607317],[-55.811489,-34.607377],[-55.811362,-34.606912],[-55.811093,-34.606945],[-55.811138,-34.607133],[-55.810325,-34.607239],[-55.812233,-34.609361],[-55.813083,-34.610195],[-55.813471,-34.610514],[-55.814227,-34.610917],[-55.8166,-34.613014]]]]}},{"type":"Feature","properties":{"nombre":"Shangrila","departamento":"Canelones"},"geometry":{"type":"MultiPolygon","coordinates":[[[[-56.003904,-34.847746],[-56.014356,-34.842307],[-56.013961,-34.841912],[-56.013233,-34.840852],[-56.012823,-34.840539],[-56.012932,-34.839861],[-56.012298,-34.836757],[-56.01219,-34.836307],[-56.012026,-34.836258],[-56.011908,-34.836074],[-55.986343,-34.850975],[-55.986251,-34.850821],[-55.983589,-34.852443],[-55.983828,-34.852588],[-55.983204,-34.85322],[-55.982988,-34.85328],[-55.982445,-34.852975],[-55.981664,-34.852681],[-55.980869,-34.852593],[-55.98142,-34.853121],[-55.981177,-34.853403],[-55.987039,-34.856911],[-55.987889,-34.856198],[-55.98828,-34.855973],[-55.988689,-34.855573],[-56.003904,-34.847746]]]]}},{"type":"Feature","properties":{"nombre":"Termas de Almiron","departamento":"Paysandú"},"geometry":{"type":"MultiPolygon","coordinates":[[[[-57.271361,-32.360406],[-57.273486,-32.360164],[-57.272271,-32.355304],[-57.271743,-32.355334],[-57.27001,-32.355739],[-57.267243,-32.356103],[-57.265947,-32.355253],[-57.265218,-32.355205],[-57.265229,-32.355864],[-57.265686,-32.35648],[-57.266478,-32.357214],[-57.26691,-32.357397],[-57.267674,-32.357912],[-57.268214,-32.358834],[-57.268246,-32.359033],[-57.268086,-32.359419],[-57.26741,-32.359732],[-57.26697,-32.360213],[-57.266808,-32.360587],[-57.266897,-32.360916],[-57.271361,-32.360406]]]]}},{"type":"Feature","properties":{"nombre":"Barrio Frigorifico","departamento":"Maldonado"},"geometry":{"type":"MultiPolygon","coordinates":[[[[-54.891258,-34.790271],[-54.895031,-34.7848],[-54.889878,-34.781789],[-54.886806,-34.779747],[-54.885494,-34.778764],[-54.885306,-34.778464],[-54.876776,-34.783783],[-54.876075,-34.78376],[-54.875532,-34.785263],[-54.877262,-34.785992],[-54.877899,-34.786991],[-54.879068,-34.787345],[-54.880249,-34.788687],[-54.88052,-34.788905],[-54.880703,-34.788938],[-54.881478,-34.789605],[-54.88338,-34.790147],[-54.884624,-34.790389],[-54.885439,-34.79095],[-54.886126,-34.791088],[-54.886249,-34.791174],[-54.886748,-34.791225],[-54.8871,-34.791407],[-54.887356,-34.791719],[-54.887508,-34.791774],[-54.888288,-34.791756],[-54.88846,-34.791966],[-54.888397,-34.792371],[-54.888509,-34.792729],[-54.888368,-34.793014],[-54.888351,-34.793306],[-54.888606,-34.793485],[-54.88943,-34.792863],[-54.891258,-34.790271]]]]}},{"type":"Feature","properties":{"nombre":"Piedra del Toro","departamento":"Canelones"},"geometry":{"type":"MultiPolygon","coordinates":[[[[-55.888831,-34.703698],[-55.894973,-34.704725],[-55.895801,-34.701726],[-55.895546,-34.701634],[-55.895184,-34.701645],[-55.889197,-34.701956],[-55.887753,-34.701851],[-55.88755,-34.701877],[-55.887162,-34.702092],[-55.887193,-34.701665],[-55.887336,-34.701583],[-55.886823,-34.701527],[-55.885318,-34.701062],[-55.880677,-34.699447],[-55.875147,-34.697235],[-55.875053,-34.697373],[-55.874879,-34.697986],[-55.880178,-34.699707],[-55.880511,-34.699895],[-55.880837,-34.700434],[-55.880576,-34.700617],[-55.87947,-34.702149],[-55.888831,-34.703698]]]]}},{"type":"Feature","properties":{"nombre":"Arbolito","departamento":"Cerro Largo"},"geometry":{"type":"MultiPolygon","coordinates":[[[[-54.211333,-32.617225],[-54.212297,-32.61797],[-54.212424,-32.617739],[-54.21238,-32.616763],[-54.21255,-32.616334],[-54.212459,-32.616076],[-54.212564,-32.615845],[-54.2127,-32.615834],[-54.212817,-32.615644],[-54.212761,-32.615364],[-54.212866,-32.61498],[-54.213015,-32.614866],[-54.215085,-32.614666],[-54.214663,-32.615901],[-54.218503,-32.614094],[-54.21576,-32.612653],[-54.217196,-32.611265],[-54.215686,-32.609918],[-54.214696,-32.610852],[-54.211931,-32.60839],[-54.210816,-32.609156],[-54.210053,-32.608189],[-54.209811,-32.607654],[-54.209627,-32.606945],[-54.209219,-32.60408],[-54.206868,-32.604902],[-54.207366,-32.605474],[-54.205326,-32.606092],[-54.205953,-32.606859],[-54.207216,-32.608096],[-54.20957,-32.607807],[-54.210124,-32.608672],[-54.208597,-32.609671],[-54.210263,-32.611539],[-54.205375,-32.612318],[-54.20623,-32.61321],[-54.206432,-32.613543],[-54.206363,-32.613763],[-54.207007,-32.614013],[-54.207188,-32.614589],[-54.207063,-32.614937],[-54.207335,-32.615256],[-54.207392,-32.615642],[-54.208492,-32.615039],[-54.211333,-32.617225]]]]}},{"type":"Feature","properties":{"nombre":"El Semillero","departamento":"Colonia"},"geometry":{"type":"MultiPolygon","coordinates":[[[[-57.69529,-34.3362],[-57.698594,-34.335547],[-57.702473,-34.334191],[-57.703242,-34.334179],[-57.703585,-34.332343],[-57.699624,-34.332067],[-57.699484,-34.331973],[-57.697503,-34.331702],[-57.697634,-34.33091],[-57.695106,-34.330477],[-57.695031,-34.330501],[-57.694782,-34.331317],[-57.694649,-34.331961],[-57.694754,-34.331989],[-57.69458,-34.332666],[-57.694458,-34.332724],[-57.693872,-34.335274],[-57.693919,-34.335327],[-57.692452,-34.335616],[-57.689834,-34.335244],[-57.689727,-34.335353],[-57.689539,-34.336209],[-57.689451,-34.336238],[-57.689116,-34.336095],[-57.687835,-34.334562],[-57.686717,-34.335217],[-57.687061,-34.335643],[-57.687658,-34.335315],[-57.688504,-34.33626],[-57.688332,-34.337481],[-57.689181,-34.337623],[-57.689271,-34.337558],[-57.689415,-34.336551],[-57.689526,-34.336269],[-57.692588,-34.336714],[-57.69529,-34.3362]]]]}},{"type":"Feature","properties":{"nombre":"Paraje Minuano","departamento":"Colonia"},"geometry":{"type":"MultiPolygon","coordinates":[[[[-57.470742,-34.370455],[-57.471286,-34.370384],[-57.473316,-34.370726],[-57.473458,-34.370598],[-57.473467,-34.369419],[-57.473747,-34.368868],[-57.470534,-34.368205],[-57.470542,-34.367616],[-57.471665,-34.367616],[-57.471662,-34.366027],[-57.471582,-34.365924],[-57.471485,-34.365868],[-57.467941,-34.365814],[-57.467716,-34.36587],[-57.467408,-34.36717],[-57.467276,-34.367145],[-57.467231,-34.367284],[-57.464741,-34.366797],[-57.464668,-34.366988],[-57.466663,-34.367394],[-57.466667,-34.368661],[-57.469277,-34.368643],[-57.469294,-34.369385],[-57.469853,-34.369503],[-57.469896,-34.36958],[-57.470511,-34.36963],[-57.470498,-34.370424],[-57.470742,-34.370455]]]]}},{"type":"Feature","properties":{"nombre":"San Bautista","departamento":"Canelones"},"geometry":{"type":"MultiPolygon","coordinates":[[[[-55.967641,-34.447137],[-55.967927,-34.447512],[-55.968144,-34.447556],[-55.974238,-34.446122],[-55.973115,-34.443845],[-55.971759,-34.444409],[-55.971067,-34.442975],[-55.97278,-34.442426],[-55.971608,-34.439748],[-55.973973,-34.439147],[-55.973436,-34.437894],[-55.972768,-34.438054],[-55.96944,-34.434996],[-55.964146,-34.437241],[-55.96342,-34.437278],[-55.96294,-34.437131],[-55.962378,-34.43679],[-55.961497,-34.435945],[-55.961049,-34.435403],[-55.96087,-34.435003],[-55.960288,-34.432742],[-55.959988,-34.432787],[-55.959843,-34.433091],[-55.95993,-34.435075],[-55.958869,-34.435464],[-55.957684,-34.43327],[-55.955072,-34.433993],[-55.955701,-34.434784],[-55.956949,-34.436021],[-55.956249,-34.4363],[-55.95655,-34.436771],[-55.955071,-34.437173],[-55.955465,-34.438048],[-55.955938,-34.437888],[-55.957098,-34.440259],[-55.955085,-34.441117],[-55.954395,-34.440005],[-55.953491,-34.440316],[-55.954189,-34.441489],[-55.954319,-34.441439],[-55.955193,-34.443009],[-55.954906,-34.443119],[-55.955059,-34.443426],[-55.955365,-34.443321],[-55.955611,-34.443808],[-55.955226,-34.443943],[-55.955319,-34.444316],[-55.955075,-34.444347],[-55.955276,-34.44512],[-55.955704,-34.445009],[-55.955974,-34.445599],[-55.95651,-34.445554],[-55.957181,-34.44696],[-55.96631,-34.445801],[-55.967381,-34.447177],[-55.967641,-34.447137]]]]}},{"type":"Feature","properties":{"nombre":"La Bolsa","departamento":"Artigas"},"geometry":{"type":"MultiPolygon","coordinates":[[[[-56.336179,-30.84745],[-56.336133,-30.847803],[-56.336855,-30.847661],[-56.336894,-30.84693],[-56.337085,-30.846603],[-56.33745,-30.846736],[-56.337741,-30.845767],[-56.336209,-30.845416],[-56.336267,-30.845667],[-56.33621,-30.845614],[-56.3355,-30.845684],[-56.335754,-30.846011],[-56.336179,-30.84745]]]]}},{"type":"Feature","properties":{"nombre":"Rincon de la Laguna","departamento":"Rocha"},"geometry":{"type":"MultiPolygon","coordinates":[[[[-54.262833,-34.676034],[-54.267402,-34.677463],[-54.269833,-34.678106],[-54.269811,-34.677087],[-54.269557,-34.676468],[-54.268988,-34.676094],[-54.268609,-34.67596],[-54.26731,-34.675619],[-54.267033,-34.675465],[-54.265592,-34.675425],[-54.263877,-34.675226],[-54.262558,-34.674754],[-54.261029,-34.674423],[-54.259971,-34.674013],[-54.257859,-34.67356],[-54.255672,-34.672786],[-54.255336,-34.673546],[-54.262833,-34.676034]]]]}},{"type":"Feature","properties":{"nombre":"Los Titanes","departamento":"Canelones"},"geometry":{"type":"MultiPolygon","coordinates":[[[[-55.569716,-34.78297],[-55.569371,-34.779619],[-55.568808,-34.775144],[-55.568725,-34.775027],[-55.570844,-34.773744],[-55.570712,-34.773604],[-55.570037,-34.774056],[-55.56976,-34.773685],[-55.56959,-34.771952],[-55.568447,-34.772029],[-55.568482,-34.772345],[-55.567252,-34.772442],[-55.567124,-34.771343],[-55.565775,-34.771481],[-55.565885,-34.772332],[-55.563343,-34.772494],[-55.563743,-34.776189],[-55.562022,-34.776733],[-55.562258,-34.777132],[-55.563828,-34.776662],[-55.564505,-34.782558],[-55.564685,-34.783358],[-55.564351,-34.783779],[-55.565267,-34.784129],[-55.567842,-34.783965],[-55.568694,-34.784029],[-55.569641,-34.783869],[-55.569554,-34.783081],[-55.569716,-34.78297]]]]}},{"type":"Feature","properties":{"nombre":"Quebracho","departamento":"Cerro Largo"},"geometry":{"type":"MultiPolygon","coordinates":[[[[-54.753861,-32.624096],[-54.752842,-32.621785],[-54.750619,-32.622278],[-54.75006,-32.622282],[-54.75008,-32.62302],[-54.750838,-32.623035],[-54.750869,-32.622924],[-54.752308,-32.622609],[-54.753109,-32.624323],[-54.753861,-32.624096]]]]}},{"type":"Feature","properties":{"nombre":"Instituto Adventista","departamento":"Canelones"},"geometry":{"type":"MultiPolygon","coordinates":[[[[-56.255979,-34.632078],[-56.255932,-34.631532],[-56.259416,-34.631009],[-56.25859,-34.62705],[-56.254214,-34.627942],[-56.253859,-34.628729],[-56.253635,-34.6287],[-56.253952,-34.628003],[-56.246685,-34.628227],[-56.246713,-34.629453],[-56.253188,-34.629712],[-56.252526,-34.631222],[-56.254713,-34.632221],[-56.255979,-34.632078]]]]}},{"type":"Feature","properties":{"nombre":"Villa Maria","departamento":"San José"},"geometry":{"type":"MultiPolygon","coordinates":[[[[-56.762344,-34.518378],[-56.764221,-34.518994],[-56.764494,-34.51716],[-56.769235,-34.518625],[-56.765694,-34.516273],[-56.766198,-34.515093],[-56.76197,-34.513805],[-56.762146,-34.512542],[-56.763529,-34.512959],[-56.763682,-34.512573],[-56.763887,-34.512637],[-56.764042,-34.512072],[-56.762284,-34.511562],[-56.762308,-34.511386],[-56.759456,-34.511168],[-56.758815,-34.515545],[-56.758998,-34.516127],[-56.7587,-34.518657],[-56.76133,-34.518476],[-56.761435,-34.517693],[-56.761797,-34.517749],[-56.761753,-34.518189],[-56.762344,-34.518378]]]]}},{"type":"Feature","properties":{"nombre":"Ituzaingo","departamento":"San José"},"geometry":{"type":"MultiPolygon","coordinates":[[[[-56.431819,-34.421802],[-56.429294,-34.421241],[-56.429954,-34.419227],[-56.430572,-34.418003],[-56.430406,-34.417839],[-56.430719,-34.416816],[-56.425828,-34.415801],[-56.425527,-34.416728],[-56.425581,-34.416845],[-56.426684,-34.417069],[-56.426602,-34.417231],[-56.42662,-34.417415],[-56.423099,-34.416631],[-56.422946,-34.416694],[-56.423031,-34.416438],[-56.421885,-34.416194],[-56.4215,-34.417382],[-56.421434,-34.417367],[-56.419581,-34.423352],[-56.419666,-34.423424],[-56.42802,-34.425234],[-56.428564,-34.423586],[-56.428696,-34.42356],[-56.428851,-34.423335],[-56.429751,-34.423501],[-56.431248,-34.423951],[-56.431819,-34.421802]]]]}},{"type":"Feature","properties":{"nombre":"Villa San Felipe","departamento":"Canelones"},"geometry":{"type":"MultiPolygon","coordinates":[[[[-56.059344,-34.712498],[-56.059487,-34.712628],[-56.059691,-34.712655],[-56.059879,-34.712487],[-56.058704,-34.707756],[-56.053049,-34.708729],[-56.059182,-34.712219],[-56.059501,-34.712239],[-56.059349,-34.71239],[-56.059344,-34.712498]]]]}},{"type":"Feature","properties":{"nombre":"Rafael Peraza","departamento":"San José"},"geometry":{"type":"MultiPolygon","coordinates":[[[[-56.800709,-34.524947],[-56.801841,-34.52425],[-56.801091,-34.523406],[-56.802535,-34.522501],[-56.801151,-34.520832],[-56.799179,-34.518685],[-56.79658,-34.520309],[-56.796499,-34.520304],[-56.795534,-34.519272],[-56.793476,-34.519311],[-56.793643,-34.523946],[-56.792577,-34.523964],[-56.792532,-34.525122],[-56.792042,-34.525066],[-56.791925,-34.525596],[-56.793008,-34.525921],[-56.792989,-34.52843],[-56.795855,-34.52666],[-56.797753,-34.527219],[-56.79858,-34.527039],[-56.798741,-34.527057],[-56.798928,-34.527212],[-56.800612,-34.52656],[-56.800431,-34.526281],[-56.799163,-34.525927],[-56.800709,-34.524947]]],[[[-56.790596,-34.525185],[-56.790607,-34.525087],[-56.790689,-34.5251],[-56.79083,-34.521758],[-56.79029,-34.521627],[-56.79013,-34.521672],[-56.787894,-34.522748],[-56.787613,-34.524165],[-56.788978,-34.524579],[-56.788945,-34.524691],[-56.790596,-34.525185]]]]}},{"type":"Feature","properties":{"nombre":"El Tala","departamento":"Soriano"},"geometry":{"type":"MultiPolygon","coordinates":[[[[-57.411949,-33.204865],[-57.414851,-33.204467],[-57.414162,-33.203419],[-57.412405,-33.201853],[-57.410372,-33.202351],[-57.410266,-33.202446],[-57.410353,-33.202653],[-57.411338,-33.203774],[-57.411335,-33.20391],[-57.410942,-33.204149],[-57.411802,-33.204011],[-57.411949,-33.204865]]]]}},{"type":"Feature","properties":{"nombre":"Los Tilos","departamento":"Canelones"},"geometry":{"type":"MultiPolygon","coordinates":[[[[-55.990125,-34.777095],[-55.990712,-34.777559],[-55.994518,-34.776719],[-55.993221,-34.772043],[-55.990279,-34.772632],[-55.991046,-34.775525],[-55.990165,-34.7757],[-55.989794,-34.776837],[-55.990125,-34.777095]]]]}},{"type":"Feature","properties":{"nombre":"Estacion Ataques","departamento":"Rivera"},"geometry":{"type":"MultiPolygon","coordinates":[[[[-55.690318,-31.097072],[-55.690863,-31.097136],[-55.691285,-31.097747],[-55.691958,-31.097692],[-55.692213,-31.097521],[-55.692737,-31.096858],[-55.6933,-31.096517],[-55.693483,-31.096225],[-55.693865,-31.095919],[-55.694163,-31.095963],[-55.694441,-31.095866],[-55.694267,-31.095546],[-55.694173,-31.094875],[-55.694385,-31.094573],[-55.695018,-31.094093],[-55.695039,-31.093961],[-55.694722,-31.093522],[-55.694692,-31.093234],[-55.694368,-31.092971],[-55.694495,-31.092597],[-55.694419,-31.092021],[-55.694535,-31.091889],[-55.694338,-31.091465],[-55.694394,-31.091278],[-55.694298,-31.091192],[-55.693393,-31.090717],[-55.693327,-31.090717],[-55.693166,-31.091005],[-55.692817,-31.09103],[-55.692231,-31.091288],[-55.692176,-31.091259],[-55.692271,-31.090965],[-55.691644,-31.091147],[-55.691584,-31.091268],[-55.691422,-31.091318],[-55.691321,-31.091293],[-55.691084,-31.090914],[-55.690902,-31.090909],[-55.689941,-31.091344],[-55.689861,-31.091647],[-55.689562,-31.092127],[-55.689072,-31.092627],[-55.6889,-31.092501],[-55.688875,-31.092203],[-55.688744,-31.092147],[-55.688386,-31.092217],[-55.687961,-31.092597],[-55.687662,-31.092674],[-55.688152,-31.093336],[-55.688322,-31.093977],[-55.687906,-31.094286],[-55.687746,-31.094703],[-55.687182,-31.094865],[-55.687489,-31.095346],[-55.68726,-31.095241],[-55.686888,-31.094719],[-55.686315,-31.095198],[-55.686017,-31.095941],[-55.685825,-31.096933],[-55.686273,-31.097296],[-55.687607,-31.097616],[-55.688424,-31.097685],[-55.688318,-31.097289],[-55.689849,-31.096816],[-55.690318,-31.097072]]]]}},{"type":"Feature","properties":{"nombre":"Cuchilla del Ombu","departamento":"Tacuarembó"},"geometry":{"type":"MultiPolygon","coordinates":[[[[-55.69703,-31.779819],[-55.696775,-31.778572],[-55.693825,-31.776262],[-55.693598,-31.775769],[-55.693452,-31.77643],[-55.693476,-31.776864],[-55.693408,-31.776912],[-55.693474,-31.778142],[-55.694178,-31.778956],[-55.695513,-31.778188],[-55.696038,-31.778347],[-55.696334,-31.78036],[-55.697088,-31.780263],[-55.69703,-31.779819]]]]}},{"type":"Feature","properties":{"nombre":"Barrio la Cinacina","departamento":"Canelones"},"geometry":{"type":"MultiPolygon","coordinates":[[[[-56.115034,-34.710221],[-56.115573,-34.709661],[-56.114485,-34.709134],[-56.112505,-34.707997],[-56.110199,-34.710466],[-56.110673,-34.711014],[-56.112016,-34.713475],[-56.113429,-34.711873],[-56.115034,-34.710221]]]]}},{"type":"Feature","properties":{"nombre":"Costas de Pereira","departamento":"San José"},"geometry":{"type":"MultiPolygon","coordinates":[[[[-56.896804,-34.460153],[-56.899009,-34.46225],[-56.903093,-34.459747],[-56.902417,-34.459025],[-56.901765,-34.459619],[-56.901467,-34.459364],[-56.90046,-34.459998],[-56.899606,-34.459171],[-56.899121,-34.459536],[-56.897787,-34.458332],[-56.896144,-34.459602],[-56.896804,-34.460153]]]]}},{"type":"Feature","properties":{"nombre":"Puntas de Valdez","departamento":"San José"},"geometry":{"type":"MultiPolygon","coordinates":[[[[-56.706247,-34.589229],[-56.710636,-34.584419],[-56.710394,-34.584401],[-56.709797,-34.584689],[-56.709082,-34.58471],[-56.709226,-34.584232],[-56.709208,-34.583846],[-56.709749,-34.583173],[-56.707723,-34.581501],[-56.70792,-34.581374],[-56.70797,-34.581122],[-56.707419,-34.580464],[-56.70623,-34.581375],[-56.704575,-34.579998],[-56.699482,-34.584178],[-56.695117,-34.58053],[-56.690411,-34.584384],[-56.691154,-34.584678],[-56.692017,-34.585401],[-56.692402,-34.585985],[-56.692781,-34.586227],[-56.692977,-34.586489],[-56.693644,-34.587037],[-56.693694,-34.587392],[-56.694112,-34.587639],[-56.694439,-34.588137],[-56.694602,-34.588167],[-56.695054,-34.588801],[-56.695195,-34.588878],[-56.695168,-34.589018],[-56.695293,-34.589233],[-56.696065,-34.58874],[-56.696684,-34.589287],[-56.697281,-34.588818],[-56.697559,-34.589057],[-56.698307,-34.588527],[-56.699668,-34.589707],[-56.700278,-34.589064],[-56.699104,-34.588176],[-56.700097,-34.587421],[-56.704304,-34.590935],[-56.706247,-34.589229]]]]}},{"type":"Feature","properties":{"nombre":"El Ombu","departamento":"Río Negro"},"geometry":{"type":"MultiPolygon","coordinates":[[[[-57.45632,-32.857157],[-57.456191,-32.856742],[-57.455914,-32.856806],[-57.455786,-32.856209],[-57.455564,-32.856249],[-57.455419,-32.855636],[-57.455758,-32.855539],[-57.455488,-32.855192],[-57.455047,-32.855036],[-57.454725,-32.855132],[-57.454656,-32.854838],[-57.453955,-32.854783],[-57.452832,-32.854985],[-57.45308,-32.855779],[-57.452731,-32.855623],[-57.453093,-32.858265],[-57.453339,-32.858274],[-57.453436,-32.859958],[-57.454098,-32.859931],[-57.454151,-32.860482],[-57.454628,-32.860394],[-57.45453,-32.859282],[-57.454716,-32.859248],[-57.454534,-32.858746],[-57.458613,-32.858035],[-57.457556,-32.856813],[-57.45632,-32.857157]]]]}},{"type":"Feature","properties":{"nombre":"Mirador de la Tahona","departamento":"Canelones"},"geometry":{"type":"MultiPolygon","coordinates":[[[[-55.964034,-34.778961],[-55.965515,-34.778604],[-55.971924,-34.776047],[-55.970427,-34.771384],[-55.967233,-34.772022],[-55.966758,-34.770468],[-55.963953,-34.770975],[-55.964731,-34.774012],[-55.959437,-34.774895],[-55.960854,-34.779596],[-55.960915,-34.779647],[-55.964034,-34.778961]]]]}},{"type":"Feature","properties":{"nombre":"Estanque de Pando","departamento":"Canelones"},"geometry":{"type":"MultiPolygon","coordinates":[[[[-55.973492,-34.695341],[-55.973571,-34.693133],[-55.96793,-34.692459],[-55.967696,-34.695405],[-55.97346,-34.69608],[-55.973492,-34.695341]]]]}},{"type":"Feature","properties":{"nombre":"Ismael Cortinas","departamento":"Flores"},"geometry":{"type":"MultiPolygon","coordinates":[[[[-57.094242,-33.967261],[-57.095555,-33.968549],[-57.09602,-33.968294],[-57.093328,-33.965373],[-57.092876,-33.964393],[-57.092682,-33.963462],[-57.092642,-33.963064],[-57.092757,-33.961955],[-57.093055,-33.960975],[-57.093248,-33.959861],[-57.093374,-33.958244],[-57.093905,-33.955296],[-57.089409,-33.9544],[-57.089891,-33.956184],[-57.086542,-33.955572],[-57.086196,-33.95682],[-57.084492,-33.95649],[-57.084403,-33.956535],[-57.084161,-33.957474],[-57.081523,-33.95698],[-57.081275,-33.958084],[-57.078943,-33.957651],[-57.081483,-33.960288],[-57.081515,-33.960475],[-57.087487,-33.961076],[-57.088099,-33.961453],[-57.087301,-33.964351],[-57.086934,-33.966018],[-57.087135,-33.966247],[-57.089487,-33.968102],[-57.090349,-33.967561],[-57.09069,-33.967248],[-57.092157,-33.968648],[-57.092323,-33.968679],[-57.094242,-33.967261]]]]}},{"type":"Feature","properties":{"nombre":"Cruz de los Caminos","departamento":"Tacuarembó"},"geometry":{"type":"MultiPolygon","coordinates":[[[[-54.97714,-32.230905],[-54.977656,-32.230284],[-54.982849,-32.225476],[-54.988695,-32.220255],[-54.985543,-32.218385],[-54.985352,-32.218179],[-54.984747,-32.217812],[-54.981656,-32.216036],[-54.981557,-32.21615],[-54.980721,-32.215646],[-54.976816,-32.219677],[-54.976474,-32.219355],[-54.976167,-32.219596],[-54.976486,-32.219879],[-54.976026,-32.22022],[-54.976204,-32.220311],[-54.966908,-32.229658],[-54.966335,-32.229256],[-54.965793,-32.230021],[-54.966109,-32.230192],[-54.965721,-32.230609],[-54.964583,-32.23153],[-54.965771,-32.232708],[-54.963641,-32.233817],[-54.963732,-32.233961],[-54.96368,-32.234121],[-54.963908,-32.234428],[-54.964634,-32.233955],[-54.965114,-32.234479],[-54.965767,-32.234026],[-54.965964,-32.234256],[-54.966254,-32.234054],[-54.966728,-32.234618],[-54.96642,-32.234847],[-54.966854,-32.235825],[-54.966969,-32.235686],[-54.967609,-32.235332],[-54.968092,-32.235442],[-54.968223,-32.23535],[-54.969658,-32.23687],[-54.970072,-32.237207],[-54.973235,-32.238287],[-54.973011,-32.237988],[-54.973974,-32.236572],[-54.974598,-32.235854],[-54.974671,-32.235638],[-54.974705,-32.235068],[-54.974558,-32.233576],[-54.974609,-32.233221],[-54.974821,-32.232939],[-54.976912,-32.230994],[-54.97714,-32.230905]]]]}},{"type":"Feature","properties":{"nombre":"Faro de Jose Ignacio","departamento":"Maldonado"},"geometry":{"type":"MultiPolygon","coordinates":[[[[-54.641992,-34.841569],[-54.642803,-34.840912],[-54.643769,-34.840409],[-54.64446,-34.840167],[-54.644604,-34.840029],[-54.645535,-34.839596],[-54.64733,-34.839026],[-54.647891,-34.838932],[-54.648049,-34.839143],[-54.64816,-34.839149],[-54.648241,-34.83912],[-54.648223,-34.839041],[-54.648417,-34.839127],[-54.648408,-34.839044],[-54.648895,-34.838981],[-54.649035,-34.838859],[-54.649465,-34.838907],[-54.651361,-34.838778],[-54.655308,-34.838755],[-54.655853,-34.838684],[-54.659838,-34.838951],[-54.662798,-34.839428],[-54.665523,-34.840053],[-54.666921,-34.840528],[-54.667761,-34.840955],[-54.668729,-34.841259],[-54.669362,-34.841642],[-54.670881,-34.842168],[-54.671324,-34.842537],[-54.671774,-34.84261],[-54.671899,-34.842799],[-54.672788,-34.843226],[-54.674274,-34.841883],[-54.660952,-34.837779],[-54.658714,-34.837457],[-54.646958,-34.836686],[-54.645133,-34.836305],[-54.642531,-34.835444],[-54.642335,-34.835319],[-54.642361,-34.835019],[-54.646097,-34.828616],[-54.646277,-34.828437],[-54.646871,-34.82819],[-54.650201,-34.828545],[-54.650688,-34.828346],[-54.650983,-34.827943],[-54.644012,-34.826281],[-54.640876,-34.82409],[-54.638676,-34.822663],[-54.637834,-34.82445],[-54.637074,-34.825304],[-54.633308,-34.832162],[-54.63499,-34.832802],[-54.634554,-34.833552],[-54.633836,-34.834709],[-54.633488,-34.834607],[-54.633286,-34.835015],[-54.631949,-34.835401],[-54.63041,-34.836056],[-54.631569,-34.837703],[-54.632652,-34.839827],[-54.632889,-34.840642],[-54.633035,-34.842268],[-54.632803,-34.843278],[-54.632569,-34.843881],[-54.63219,-34.844482],[-54.632118,-34.844825],[-54.632227,-34.845168],[-54.632468,-34.845238],[-54.632749,-34.845449],[-54.632896,-34.845748],[-54.632815,-34.845914],[-54.632309,-34.846324],[-54.632324,-34.846382],[-54.632451,-34.84647],[-54.632596,-34.846423],[-54.632726,-34.846491],[-54.633159,-34.846324],[-54.633362,-34.846337],[-54.633867,-34.846483],[-54.634455,-34.846787],[-54.634437,-34.846922],[-54.634549,-34.846972],[-54.634716,-34.846937],[-54.635326,-34.84752],[-54.635364,-34.847675],[-54.635264,-34.84794],[-54.63547,-34.84829],[-54.635956,-34.848351],[-54.636019,-34.848228],[-54.636285,-34.848226],[-54.636298,-34.848063],[-54.636553,-34.847867],[-54.636842,-34.847894],[-54.637514,-34.84768],[-54.638193,-34.847597],[-54.638294,-34.847449],[-54.638961,-34.84697],[-54.639229,-34.846889],[-54.639554,-34.846622],[-54.639875,-34.846652],[-54.640141,-34.846229],[-54.640577,-34.84606],[-54.641137,-34.845648],[-54.641144,-34.845402],[-54.641412,-34.844928],[-54.641445,-34.844587],[-54.641588,-34.844359],[-54.641242,-34.84414],[-54.640975,-34.844093],[-54.640907,-34.843597],[-54.64097,-34.843111],[-54.641304,-34.842913],[-54.641298,-34.842692],[-54.641111,-34.842692],[-54.641118,-34.842587],[-54.641434,-34.842332],[-54.641803,-34.842218],[-54.641971,-34.842016],[-54.641992,-34.841569]]]]}},{"type":"Feature","properties":{"nombre":"Toledo","departamento":"Cerro Largo"},"geometry":{"type":"MultiPolygon","coordinates":[[[[-54.532484,-32.532697],[-54.536352,-32.532972],[-54.535353,-32.529662],[-54.535335,-32.528621],[-54.528482,-32.528214],[-54.52542,-32.527949],[-54.522826,-32.52785],[-54.522858,-32.528364],[-54.522757,-32.529318],[-54.522306,-32.530969],[-54.522236,-32.532011],[-54.532484,-32.532697]]]]}},{"type":"Feature","properties":{"nombre":"Barker","departamento":"Colonia"},"geometry":{"type":"MultiPolygon","coordinates":[[[[-57.459178,-34.262814],[-57.461981,-34.259824],[-57.462535,-34.259987],[-57.465098,-34.260331],[-57.465301,-34.259837],[-57.465021,-34.257287],[-57.464404,-34.256605],[-57.463918,-34.257016],[-57.461526,-34.259506],[-57.461138,-34.259316],[-57.461249,-34.259097],[-57.46115,-34.259014],[-57.460355,-34.258539],[-57.460226,-34.258572],[-57.459102,-34.259764],[-57.458113,-34.258899],[-57.457264,-34.259751],[-57.457938,-34.260196],[-57.456454,-34.261831],[-57.456764,-34.262108],[-57.456007,-34.262914],[-57.455482,-34.262838],[-57.456105,-34.264217],[-57.456981,-34.264299],[-57.458676,-34.262497],[-57.459178,-34.262814]]]]}},{"type":"Feature","properties":{"nombre":"San Pedro","departamento":"Colonia"},"geometry":{"type":"MultiPolygon","coordinates":[[[[-57.825869,-34.293631],[-57.826055,-34.293732],[-57.826419,-34.293757],[-57.82687,-34.294189],[-57.827317,-34.294438],[-57.828216,-34.294273],[-57.828239,-34.294358],[-57.830668,-34.294098],[-57.830498,-34.293083],[-57.828048,-34.293412],[-57.825806,-34.293604],[-57.825869,-34.293631]]]]}},{"type":"Feature","properties":{"nombre":"Picada Varela","departamento":"San José"},"geometry":{"type":"MultiPolygon","coordinates":[[[[-56.706067,-34.313332],[-56.70666,-34.314699],[-56.710742,-34.313487],[-56.710246,-34.312078],[-56.706067,-34.313332]]]]}},{"type":"Feature","properties":{"nombre":"Zagarzazu","departamento":"Colonia"},"geometry":{"type":"MultiPolygon","coordinates":[[[[-58.335452,-33.966461],[-58.33636,-33.966242],[-58.335943,-33.964847],[-58.335841,-33.964151],[-58.33532,-33.962274],[-58.335093,-33.960985],[-58.334357,-33.958182],[-58.32859,-33.95937],[-58.329354,-33.962918],[-58.329903,-33.965001],[-58.329681,-33.965076],[-58.327419,-33.966637],[-58.327795,-33.968169],[-58.328096,-33.968127],[-58.32916,-33.967243],[-58.330329,-33.966477],[-58.330499,-33.967032],[-58.331631,-33.96677],[-58.332888,-33.966594],[-58.334421,-33.966443],[-58.335452,-33.966461]]]]}},{"type":"Feature","properties":{"nombre":"El Faro","departamento":"Colonia"},"geometry":{"type":"MultiPolygon","coordinates":[[[[-58.345944,-33.962341],[-58.34615,-33.962399],[-58.346604,-33.962004],[-58.347843,-33.961653],[-58.34875,-33.960858],[-58.34942,-33.960574],[-58.350125,-33.960147],[-58.351059,-33.959849],[-58.353533,-33.958852],[-58.353914,-33.958596],[-58.354027,-33.958265],[-58.354134,-33.958173],[-58.354587,-33.958168],[-58.354996,-33.958039],[-58.355086,-33.957877],[-58.355579,-33.957785],[-58.356185,-33.957797],[-58.356955,-33.957941],[-58.357573,-33.957862],[-58.357944,-33.957451],[-58.35867,-33.957025],[-58.35903,-33.95664],[-58.35954,-33.955713],[-58.359993,-33.955414],[-58.36176,-33.954773],[-58.364115,-33.9542],[-58.364192,-33.954054],[-58.364166,-33.953625],[-58.364306,-33.953384],[-58.363777,-33.953382],[-58.363748,-33.953433],[-58.363905,-33.953588],[-58.363713,-33.953743],[-58.362792,-33.953973],[-58.362044,-33.95395],[-58.361962,-33.953834],[-58.361989,-33.953559],[-58.361805,-33.95347],[-58.361328,-33.953873],[-58.36081,-33.954056],[-58.359334,-33.95512],[-58.359268,-33.955046],[-58.359505,-33.954851],[-58.359293,-33.95473],[-58.35917,-33.954452],[-58.358845,-33.954242],[-58.358745,-33.953973],[-58.358923,-33.95339],[-58.359671,-33.952928],[-58.359816,-33.952733],[-58.360165,-33.951838],[-58.360617,-33.951372],[-58.361185,-33.950983],[-58.361234,-33.950816],[-58.361399,-33.950899],[-58.361882,-33.950618],[-58.362336,-33.95051],[-58.362479,-33.950604],[-58.362571,-33.950453],[-58.362722,-33.950579],[-58.36282,-33.95039],[-58.363813,-33.950428],[-58.36404,-33.950294],[-58.364493,-33.950201],[-58.364669,-33.950274],[-58.364809,-33.950534],[-58.365078,-33.950597],[-58.365036,-33.95082],[-58.36521,-33.951212],[-58.365401,-33.951212],[-58.365508,-33.950885],[-58.365474,-33.950648],[-58.365604,-33.949894],[-58.365466,-33.949326],[-58.364504,-33.947721],[-58.364471,-33.947415],[-58.363706,-33.946688],[-58.363434,-33.946758],[-58.350514,-33.950509],[-58.332352,-33.956109],[-58.330821,-33.956478],[-58.331368,-33.958844],[-58.334357,-33.958182],[-58.335093,-33.960985],[-58.33532,-33.962274],[-58.335841,-33.964151],[-58.335943,-33.964847],[-58.336363,-33.966242],[-58.337433,-33.966113],[-58.337863,-33.965691],[-58.338023,-33.965681],[-58.338126,-33.965511],[-58.338351,-33.96542],[-58.339317,-33.96536],[-58.339632,-33.965255],[-58.339965,-33.965311],[-58.340605,-33.96484],[-58.340881,-33.964758],[-58.340943,-33.964622],[-58.341343,-33.964596],[-58.341565,-33.964769],[-58.341751,-33.964767],[-58.342917,-33.963967],[-58.343118,-33.963617],[-58.343342,-33.963418],[-58.343391,-33.963147],[-58.343499,-33.963023],[-58.344254,-33.962902],[-58.344593,-33.96299],[-58.344724,-33.962832],[-58.345026,-33.962682],[-58.345041,-33.962495],[-58.344884,-33.96232],[-58.345122,-33.962204],[-58.345761,-33.962101],[-58.3459,-33.962176],[-58.345944,-33.962341]]]]}},{"type":"Feature","properties":{"nombre":"Garzon","departamento":"Maldonado"},"geometry":{"type":"MultiPolygon","coordinates":[[[[-54.547089,-34.594524],[-54.546931,-34.594368],[-54.547643,-34.593961],[-54.547712,-34.594032],[-54.548408,-34.593621],[-54.548558,-34.593549],[-54.548595,-34.593617],[-54.55064,-34.59263],[-54.54967,-34.592332],[-54.548941,-34.591716],[-54.548834,-34.591393],[-54.54898,-34.590822],[-54.54895,-34.590644],[-54.548044,-34.589816],[-54.54658,-34.59066],[-54.544403,-34.589892],[-54.542514,-34.590907],[-54.541406,-34.592925],[-54.540498,-34.592523],[-54.536169,-34.594007],[-54.540565,-34.597412],[-54.545029,-34.595343],[-54.545227,-34.595642],[-54.546502,-34.594986],[-54.546872,-34.595118],[-54.547089,-34.594524]]]]}},{"type":"Feature","properties":{"nombre":"Bañado de Medina","departamento":"Cerro Largo"},"geometry":{"type":"MultiPolygon","coordinates":[[[[-54.352187,-32.405299],[-54.355353,-32.404193],[-54.354809,-32.403084],[-54.354506,-32.403221],[-54.352391,-32.398065],[-54.351197,-32.402263],[-54.350928,-32.402436],[-54.350456,-32.401538],[-54.350474,-32.401322],[-54.349995,-32.400222],[-54.344747,-32.402651],[-54.347939,-32.406156],[-54.348448,-32.405893],[-54.348486,-32.405797],[-54.351796,-32.404441],[-54.352187,-32.405299]]]]}},{"type":"Feature","properties":{"nombre":"Independencia","departamento":"Florida"},"geometry":{"type":"MultiPolygon","coordinates":[[[[-56.399423,-34.356396],[-56.399707,-34.356594],[-56.400885,-34.357106],[-56.401255,-34.356243],[-56.401078,-34.356273],[-56.40079,-34.355362],[-56.402063,-34.352623],[-56.40193,-34.352522],[-56.402164,-34.351804],[-56.401977,-34.3518],[-56.399959,-34.352434],[-56.399529,-34.35119],[-56.397694,-34.351182],[-56.394434,-34.352208],[-56.395573,-34.354676],[-56.395299,-34.35506],[-56.395632,-34.355217],[-56.396207,-34.354635],[-56.399423,-34.356396]]]]}},{"type":"Feature","properties":{"nombre":"Bellaco","departamento":"Río Negro"},"geometry":{"type":"MultiPolygon","coordinates":[[[[-57.881933,-32.765738],[-57.881848,-32.763343],[-57.881898,-32.763172],[-57.880483,-32.762709],[-57.880059,-32.763474],[-57.879285,-32.765257],[-57.880298,-32.765455],[-57.879569,-32.767205],[-57.881953,-32.767146],[-57.881933,-32.765738]]]]}},{"type":"Feature","properties":{"nombre":"Villa General Borges","departamento":"Río Negro"},"geometry":{"type":"MultiPolygon","coordinates":[[[[-57.391421,-32.560963],[-57.391643,-32.560503],[-57.391335,-32.559316],[-57.393851,-32.558817],[-57.393846,-32.55833],[-57.393653,-32.557716],[-57.393356,-32.557382],[-57.392676,-32.556975],[-57.390528,-32.556357],[-57.38898,-32.555739],[-57.388738,-32.555485],[-57.388129,-32.555438],[-57.38795,-32.555586],[-57.387344,-32.555696],[-57.387156,-32.555803],[-57.386639,-32.556463],[-57.386465,-32.556882],[-57.386145,-32.55734],[-57.385395,-32.558012],[-57.384857,-32.558749],[-57.384669,-32.558888],[-57.384381,-32.558945],[-57.384071,-32.558902],[-57.383592,-32.558692],[-57.383325,-32.55901],[-57.383227,-32.55897],[-57.383203,-32.559039],[-57.383024,-32.559041],[-57.383008,-32.559166],[-57.382871,-32.559102],[-57.383398,-32.560977],[-57.384808,-32.560643],[-57.385237,-32.561852],[-57.388017,-32.561015],[-57.388198,-32.561592],[-57.38884,-32.561381],[-57.388781,-32.561145],[-57.389019,-32.561066],[-57.389425,-32.562379],[-57.390873,-32.562089],[-57.391421,-32.560963]]]]}},{"type":"Feature","properties":{"nombre":"Pueblo Ferrer","departamento":"Florida"},"geometry":{"type":"MultiPolygon","coordinates":[[[[-55.567781,-33.484938],[-55.567553,-33.485523],[-55.571141,-33.486487],[-55.571349,-33.485954],[-55.570153,-33.48562],[-55.570951,-33.483611],[-55.570375,-33.483456],[-55.57063,-33.482823],[-55.570087,-33.482705],[-55.569824,-33.483308],[-55.568506,-33.482971],[-55.568127,-33.484054],[-55.567016,-33.48375],[-55.566672,-33.484612],[-55.567781,-33.484938]]]]}},{"type":"Feature","properties":{"nombre":"Costa y Guillamon","departamento":"Canelones"},"geometry":{"type":"MultiPolygon","coordinates":[[[[-56.23661,-34.76146],[-56.239866,-34.761472],[-56.239405,-34.759326],[-56.236566,-34.758938],[-56.23661,-34.76146]]]]}},{"type":"Feature","properties":{"nombre":"Oceania del Polonio","departamento":"Rocha"},"geometry":{"type":"MultiPolygon","coordinates":[[[[-53.90693,-34.452551],[-53.911352,-34.454985],[-53.914256,-34.456155],[-53.932645,-34.443256],[-53.924309,-34.439038],[-53.917619,-34.444122],[-53.91708,-34.443942],[-53.916208,-34.443411],[-53.9135,-34.442003],[-53.913118,-34.441618],[-53.912778,-34.441404],[-53.908518,-34.439166],[-53.908737,-34.438911],[-53.907411,-34.437269],[-53.907193,-34.436091],[-53.906356,-34.435888],[-53.905901,-34.435569],[-53.905327,-34.435409],[-53.905089,-34.435048],[-53.904768,-34.435006],[-53.903951,-34.435167],[-53.903258,-34.435155],[-53.902042,-34.434454],[-53.901374,-34.434255],[-53.90117,-34.433826],[-53.900837,-34.433509],[-53.900308,-34.433337],[-53.899205,-34.433214],[-53.898074,-34.43385],[-53.897493,-34.434057],[-53.896539,-34.434033],[-53.8963,-34.434312],[-53.896212,-34.434626],[-53.896188,-34.435258],[-53.895686,-34.435738],[-53.895426,-34.436252],[-53.895521,-34.436748],[-53.895345,-34.437389],[-53.895776,-34.438128],[-53.895819,-34.439047],[-53.896195,-34.440191],[-53.896381,-34.441403],[-53.896365,-34.441846],[-53.89661,-34.442484],[-53.896839,-34.442772],[-53.897629,-34.442875],[-53.897839,-34.442993],[-53.897821,-34.443685],[-53.898244,-34.444755],[-53.898242,-34.445476],[-53.896541,-34.447214],[-53.901922,-34.449834],[-53.905104,-34.451818],[-53.90693,-34.452551]]]]}},{"type":"Feature","properties":{"nombre":"Javier de Viana","departamento":"Artigas"},"geometry":{"type":"MultiPolygon","coordinates":[[[[-56.785907,-30.435986],[-56.786753,-30.436298],[-56.787773,-30.434248],[-56.788141,-30.43436],[-56.788431,-30.433432],[-56.790433,-30.433872],[-56.790598,-30.433491],[-56.793334,-30.434249],[-56.794326,-30.434749],[-56.794514,-30.434392],[-56.793619,-30.433866],[-56.793885,-30.433283],[-56.792931,-30.432889],[-56.792523,-30.432802],[-56.792108,-30.43283],[-56.791553,-30.43308],[-56.791282,-30.432733],[-56.791667,-30.432024],[-56.788968,-30.431316],[-56.788714,-30.432361],[-56.784227,-30.43119],[-56.783918,-30.431381],[-56.779384,-30.430156],[-56.778485,-30.431691],[-56.780406,-30.432276],[-56.780667,-30.431449],[-56.782944,-30.432152],[-56.783073,-30.431844],[-56.784192,-30.432247],[-56.783447,-30.433771],[-56.782969,-30.433622],[-56.782727,-30.434106],[-56.786133,-30.435439],[-56.785907,-30.435986]]]]}},{"type":"Feature","properties":{"nombre":"Pintado","departamento":"Florida"},"geometry":{"type":"MultiPolygon","coordinates":[[[[-56.306588,-33.835297],[-56.3125,-33.83247],[-56.301974,-33.831699],[-56.302926,-33.832096],[-56.303599,-33.83278],[-56.2991,-33.834984],[-56.301155,-33.837893],[-56.301282,-33.837826],[-56.301933,-33.838685],[-56.30218,-33.838622],[-56.306588,-33.836467],[-56.306684,-33.83631],[-56.306085,-33.835411],[-56.306588,-33.835297]]]]}},{"type":"Feature","properties":{"nombre":"Carrasco del Sauce","departamento":"Canelones"},"geometry":{"type":"MultiPolygon","coordinates":[[[[-56.10998,-34.689868],[-56.112466,-34.691259],[-56.111782,-34.688812],[-56.111989,-34.688924],[-56.112903,-34.687678],[-56.112154,-34.68722],[-56.112957,-34.686006],[-56.110906,-34.684939],[-56.110579,-34.686409],[-56.10865,-34.685352],[-56.10776,-34.686499],[-56.10875,-34.687041],[-56.107779,-34.688122],[-56.106726,-34.687521],[-56.105931,-34.688492],[-56.107413,-34.689322],[-56.10705,-34.68978],[-56.108273,-34.690414],[-56.107687,-34.692986],[-56.108747,-34.693556],[-56.109079,-34.692926],[-56.108489,-34.692596],[-56.109047,-34.691602],[-56.108958,-34.691553],[-56.10998,-34.689868]]],[[[-56.115573,-34.68407],[-56.11959,-34.686331],[-56.119778,-34.686186],[-56.120235,-34.686101],[-56.120758,-34.686276],[-56.120898,-34.68625],[-56.121446,-34.685271],[-56.112007,-34.67991],[-56.111586,-34.681825],[-56.115573,-34.68407]]]]}},{"type":"Feature","properties":{"nombre":"Osimani y Llerena","departamento":"Salto"},"geometry":{"type":"MultiPolygon","coordinates":[[[[-57.963598,-31.331703],[-57.963554,-31.331985],[-57.964301,-31.332643],[-57.961814,-31.334687],[-57.962569,-31.334859],[-57.966614,-31.331513],[-57.966993,-31.33112],[-57.966057,-31.330307],[-57.963598,-31.331703]]]]}},{"type":"Feature","properties":{"nombre":"Agraciada","departamento":"Colonia"},"geometry":{"type":"MultiPolygon","coordinates":[[[[-58.269985,-33.813129],[-58.270424,-33.813336],[-58.271166,-33.812455],[-58.271958,-33.812833],[-58.27244,-33.81219],[-58.26944,-33.810592],[-58.269166,-33.811548],[-58.263933,-33.808731],[-58.264536,-33.807974],[-58.262865,-33.807067],[-58.262785,-33.806954],[-58.262169,-33.807726],[-58.262058,-33.807662],[-58.261266,-33.808674],[-58.263478,-33.812328],[-58.262828,-33.812612],[-58.264081,-33.813336],[-58.264647,-33.814309],[-58.266483,-33.811966],[-58.269376,-33.813603],[-58.269445,-33.81387],[-58.269985,-33.813129]]]]}},{"type":"Feature","properties":{"nombre":"Boca del Rosario","departamento":"Colonia"},"geometry":{"type":"MultiPolygon","coordinates":[[[[-57.333374,-34.437501],[-57.335927,-34.437093],[-57.334824,-34.432912],[-57.335512,-34.432796],[-57.335339,-34.432113],[-57.334674,-34.432233],[-57.334136,-34.430241],[-57.334163,-34.430111],[-57.334566,-34.429687],[-57.334752,-34.428848],[-57.334139,-34.429064],[-57.333587,-34.428648],[-57.332972,-34.428667],[-57.33292,-34.429046],[-57.331157,-34.429209],[-57.333374,-34.437501]]]]}},{"type":"Feature","properties":{"nombre":"Paso de los Mellizos","departamento":"Río Negro"},"geometry":{"type":"MultiPolygon","coordinates":[[[[-57.16677,-32.520324],[-57.166185,-32.519289],[-57.165501,-32.519607],[-57.165026,-32.518856],[-57.164786,-32.518728],[-57.163649,-32.519161],[-57.163255,-32.5185],[-57.156391,-32.521375],[-57.156711,-32.522106],[-57.156187,-32.522329],[-57.157214,-32.524012],[-57.158145,-32.523613],[-57.158955,-32.524934],[-57.166202,-32.520715],[-57.166166,-32.520575],[-57.16677,-32.520324]]]]}},{"type":"Feature","properties":{"nombre":"Canteras de Marelli","departamento":"Maldonado"},"geometry":{"type":"MultiPolygon","coordinates":[[[[-54.94191,-34.845956],[-54.942073,-34.84593],[-54.941998,-34.845217],[-54.950356,-34.844436],[-54.949474,-34.842354],[-54.941806,-34.842769],[-54.941733,-34.844803],[-54.941856,-34.845952],[-54.94191,-34.845956]]]]}},{"type":"Feature","properties":{"nombre":"Cuchilla de Peralta","departamento":"Tacuarembó"},"geometry":{"type":"MultiPolygon","coordinates":[[[[-56.356801,-32.496396],[-56.357414,-32.496093],[-56.357442,-32.496009],[-56.357551,-32.496126],[-56.358575,-32.495641],[-56.35681,-32.492968],[-56.355933,-32.491465],[-56.358325,-32.489501],[-56.356978,-32.488314],[-56.354667,-32.489264],[-56.35346,-32.487168],[-56.353294,-32.487372],[-56.353352,-32.487601],[-56.352649,-32.487837],[-56.352964,-32.488268],[-56.353304,-32.488513],[-56.353565,-32.489138],[-56.352993,-32.489235],[-56.352817,-32.489916],[-56.353795,-32.490134],[-56.353819,-32.490291],[-56.353363,-32.492428],[-56.35305,-32.492467],[-56.353018,-32.492911],[-56.353396,-32.492825],[-56.353492,-32.493324],[-56.354162,-32.493146],[-56.354331,-32.493802],[-56.353465,-32.494014],[-56.354748,-32.49749],[-56.356769,-32.496504],[-56.356728,-32.496416],[-56.356801,-32.496396]]]]}},{"type":"Feature","properties":{"nombre":"Arrocera Rincon","departamento":"Treinta y Tres"},"geometry":{"type":"MultiPolygon","coordinates":[[[[-53.492219,-32.789138],[-53.491666,-32.789506],[-53.491417,-32.789787],[-53.492364,-32.790405],[-53.492197,-32.790515],[-53.492578,-32.790673],[-53.492677,-32.790546],[-53.493063,-32.790674],[-53.49353,-32.791052],[-53.494773,-32.790462],[-53.494802,-32.79058],[-53.495578,-32.790285],[-53.495279,-32.789435],[-53.495315,-32.789297],[-53.494602,-32.787917],[-53.494375,-32.787795],[-53.493004,-32.789254],[-53.492219,-32.789138]]],[[[-53.488266,-32.783207],[-53.488618,-32.783371],[-53.489769,-32.782954],[-53.490662,-32.783839],[-53.491168,-32.783479],[-53.490021,-32.782409],[-53.489672,-32.78249],[-53.489182,-32.781978],[-53.488285,-32.782234],[-53.487997,-32.782188],[-53.488,-32.782691],[-53.487064,-32.782795],[-53.487261,-32.783478],[-53.488266,-32.783207]]]]}},{"type":"Feature","properties":{"nombre":"Artilleros","departamento":"Colonia"},"geometry":{"type":"MultiPolygon","coordinates":[[[[-57.578518,-34.424716],[-57.578143,-34.42386],[-57.576647,-34.423448],[-57.576712,-34.422858],[-57.576554,-34.423113],[-57.576119,-34.422944],[-57.575836,-34.423232],[-57.575518,-34.42306],[-57.575277,-34.423359],[-57.5751,-34.423402],[-57.574142,-34.424452],[-57.574147,-34.424601],[-57.574444,-34.424794],[-57.573805,-34.425505],[-57.573471,-34.425299],[-57.573376,-34.425426],[-57.57295,-34.425161],[-57.572599,-34.425598],[-57.57236,-34.425569],[-57.572152,-34.425643],[-57.572012,-34.425476],[-57.571291,-34.425127],[-57.570566,-34.425373],[-57.570195,-34.425118],[-57.570034,-34.425936],[-57.569523,-34.425727],[-57.566849,-34.425384],[-57.566214,-34.426266],[-57.566985,-34.426798],[-57.56739,-34.427219],[-57.567997,-34.427223],[-57.569065,-34.426957],[-57.569721,-34.426965],[-57.570168,-34.426836],[-57.570988,-34.427334],[-57.571365,-34.427679],[-57.571459,-34.428025],[-57.571585,-34.428103],[-57.573816,-34.427779],[-57.574007,-34.427836],[-57.574064,-34.427985],[-57.574252,-34.428022],[-57.57445,-34.427936],[-57.574392,-34.427784],[-57.574498,-34.427662],[-57.575003,-34.427647],[-57.57502,-34.427512],[-57.575205,-34.427413],[-57.575858,-34.427275],[-57.576168,-34.427388],[-57.57639,-34.427357],[-57.576825,-34.426972],[-57.576779,-34.426659],[-57.576893,-34.426522],[-57.578351,-34.426359],[-57.579002,-34.426124],[-57.578518,-34.424716]]]]}},{"type":"Feature","properties":{"nombre":"El Ensueño","departamento":"Colonia"},"geometry":{"type":"MultiPolygon","coordinates":[[[[-57.606293,-34.42157],[-57.607566,-34.418352],[-57.601964,-34.416871],[-57.59957,-34.422725],[-57.599226,-34.42383],[-57.598745,-34.424997],[-57.598427,-34.425289],[-57.602591,-34.425748],[-57.603552,-34.426022],[-57.604539,-34.426109],[-57.604722,-34.42621],[-57.606293,-34.42157]]]]}},{"type":"Feature","properties":{"nombre":"Rincon de la Aldea","departamento":"Tacuarembó"},"geometry":{"type":"MultiPolygon","coordinates":[[[[-56.092428,-31.73452],[-56.09348,-31.731751],[-56.088895,-31.730295],[-56.088123,-31.733183],[-56.08941,-31.733513],[-56.092428,-31.73452]]]]}},{"type":"Feature","properties":{"nombre":"Baygorria","departamento":"Durazno"},"geometry":{"type":"MultiPolygon","coordinates":[[[[-56.813093,-32.879824],[-56.81328,-32.879004],[-56.81369,-32.879085],[-56.814509,-32.877309],[-56.814713,-32.876614],[-56.81455,-32.875974],[-56.814025,-32.875592],[-56.814249,-32.875375],[-56.813757,-32.875043],[-56.812658,-32.874687],[-56.81232,-32.875614],[-56.810386,-32.875404],[-56.810382,-32.874704],[-56.809036,-32.874426],[-56.808161,-32.87308],[-56.807297,-32.87377],[-56.807093,-32.873877],[-56.806499,-32.873962],[-56.806211,-32.874136],[-56.807702,-32.876388],[-56.807847,-32.877228],[-56.807726,-32.877849],[-56.807131,-32.878757],[-56.803993,-32.882492],[-56.805292,-32.883326],[-56.806315,-32.883046],[-56.806742,-32.882297],[-56.807172,-32.882183],[-56.807365,-32.882005],[-56.807667,-32.88206],[-56.80875,-32.88165],[-56.808947,-32.881712],[-56.808863,-32.882214],[-56.809579,-32.882107],[-56.809636,-32.881821],[-56.810898,-32.881898],[-56.811119,-32.881678],[-56.811005,-32.881518],[-56.808553,-32.881248],[-56.808852,-32.880683],[-56.809464,-32.880892],[-56.809613,-32.880867],[-56.809668,-32.880775],[-56.809299,-32.88031],[-56.80908,-32.879834],[-56.809126,-32.879325],[-56.810565,-32.879131],[-56.810662,-32.87895],[-56.810542,-32.878628],[-56.811201,-32.878579],[-56.811321,-32.879113],[-56.811511,-32.879301],[-56.812318,-32.879323],[-56.812273,-32.879801],[-56.813093,-32.879824]]]]}},{"type":"Feature","properties":{"nombre":"Conchillas","departamento":"Colonia"},"geometry":{"type":"MultiPolygon","coordinates":[[[[-58.037033,-34.166503],[-58.036153,-34.164298],[-58.036899,-34.164155],[-58.036746,-34.163621],[-58.036641,-34.162767],[-58.036486,-34.162689],[-58.035427,-34.162761],[-58.035017,-34.162093],[-58.035431,-34.162004],[-58.035289,-34.161205],[-58.033939,-34.161523],[-58.033764,-34.160225],[-58.032323,-34.160718],[-58.03169,-34.158814],[-58.031511,-34.158469],[-58.031141,-34.158204],[-58.029342,-34.157264],[-58.029053,-34.156935],[-58.028886,-34.157407],[-58.027353,-34.159196],[-58.027428,-34.159332],[-58.028176,-34.159778],[-58.027447,-34.160641],[-58.027418,-34.160823],[-58.02811,-34.161456],[-58.028144,-34.161573],[-58.029146,-34.160575],[-58.030702,-34.158719],[-58.031331,-34.160776],[-58.030378,-34.160897],[-58.030587,-34.161622],[-58.030783,-34.161727],[-58.030588,-34.161938],[-58.030428,-34.162463],[-58.030147,-34.163781],[-58.030193,-34.163858],[-58.028672,-34.163685],[-58.028366,-34.166111],[-58.029776,-34.165864],[-58.030312,-34.16562],[-58.030757,-34.165573],[-58.031127,-34.165763],[-58.032136,-34.166555],[-58.032844,-34.16686],[-58.032958,-34.167109],[-58.032905,-34.167413],[-58.033063,-34.167669],[-58.037033,-34.166503]]]]}},{"type":"Feature","properties":{"nombre":"La Concordia","departamento":"Soriano"},"geometry":{"type":"MultiPolygon","coordinates":[[[[-58.42721,-33.568075],[-58.427441,-33.567205],[-58.42785,-33.566864],[-58.427639,-33.566676],[-58.427726,-33.566256],[-58.427928,-33.565918],[-58.428267,-33.565663],[-58.428161,-33.56547],[-58.428184,-33.56528],[-58.428705,-33.564547],[-58.428783,-33.563989],[-58.429585,-33.562163],[-58.429567,-33.561517],[-58.429462,-33.561031],[-58.429251,-33.560625],[-58.428735,-33.560195],[-58.428218,-33.560169],[-58.427878,-33.559981],[-58.427815,-33.561359],[-58.427526,-33.561434],[-58.427203,-33.561186],[-58.42529,-33.563055],[-58.425347,-33.563109],[-58.421176,-33.567135],[-58.421328,-33.567291],[-58.417072,-33.569156],[-58.425879,-33.571991],[-58.426154,-33.571621],[-58.426323,-33.57153],[-58.426571,-33.571078],[-58.426853,-33.570921],[-58.42725,-33.568747],[-58.42721,-33.568075]]]]}},{"type":"Feature","properties":{"nombre":"Getulio Vargas","departamento":"Cerro Largo"},"geometry":{"type":"MultiPolygon","coordinates":[[[[-53.546242,-32.679571],[-53.54596,-32.6797],[-53.549059,-32.681277],[-53.549467,-32.680468],[-53.549737,-32.680526],[-53.550219,-32.679765],[-53.552374,-32.677436],[-53.552007,-32.677232],[-53.553039,-32.676151],[-53.551655,-32.675382],[-53.550585,-32.676675],[-53.552001,-32.677237],[-53.550177,-32.679241],[-53.547304,-32.677991],[-53.546242,-32.679571]]]]}},{"type":"Feature","properties":{"nombre":"Vergara","departamento":"Treinta y Tres"},"geometry":{"type":"MultiPolygon","coordinates":[[[[-53.948321,-32.945745],[-53.951417,-32.942836],[-53.956594,-32.945046],[-53.957708,-32.945455],[-53.95557,-32.944053],[-53.954206,-32.942894],[-53.947301,-32.936572],[-53.946815,-32.93637],[-53.94633,-32.936489],[-53.946572,-32.936149],[-53.946353,-32.935711],[-53.943309,-32.932923],[-53.94311,-32.933118],[-53.942493,-32.933234],[-53.942288,-32.933356],[-53.941347,-32.933602],[-53.941032,-32.933491],[-53.94076,-32.933162],[-53.940636,-32.933124],[-53.939536,-32.933336],[-53.939411,-32.933429],[-53.939508,-32.933749],[-53.939345,-32.934011],[-53.938988,-32.933965],[-53.938597,-32.934061],[-53.938299,-32.934003],[-53.937941,-32.934117],[-53.937357,-32.933923],[-53.936908,-32.933971],[-53.936841,-32.934253],[-53.937011,-32.934599],[-53.936922,-32.934731],[-53.936301,-32.934994],[-53.935851,-32.935539],[-53.935538,-32.935433],[-53.935035,-32.935049],[-53.934562,-32.935036],[-53.934193,-32.934782],[-53.933965,-32.934796],[-53.93315,-32.935189],[-53.932882,-32.935474],[-53.932494,-32.935651],[-53.93232,-32.93591],[-53.932277,-32.936258],[-53.931771,-32.936536],[-53.93119,-32.936404],[-53.930928,-32.936745],[-53.930502,-32.937059],[-53.930166,-32.937051],[-53.929945,-32.936906],[-53.929911,-32.936786],[-53.929996,-32.936577],[-53.92978,-32.936351],[-53.929873,-32.936255],[-53.930149,-32.936253],[-53.930201,-32.936168],[-53.929804,-32.935779],[-53.92966,-32.935743],[-53.92905,-32.936022],[-53.928852,-32.936406],[-53.928515,-32.936798],[-53.92845,-32.937216],[-53.928598,-32.937732],[-53.929089,-32.938046],[-53.929148,-32.938313],[-53.92822,-32.938929],[-53.927572,-32.939028],[-53.927392,-32.939151],[-53.927259,-32.939436],[-53.927393,-32.939609],[-53.927929,-32.939884],[-53.928734,-32.939787],[-53.929025,-32.939869],[-53.92928,-32.940449],[-53.929657,-32.94069],[-53.929728,-32.941042],[-53.929484,-32.941223],[-53.928896,-32.941379],[-53.928428,-32.941728],[-53.927346,-32.942126],[-53.926233,-32.942795],[-53.925689,-32.943237],[-53.925749,-32.943395],[-53.928274,-32.945171],[-53.929429,-32.946278],[-53.930048,-32.947004],[-53.929592,-32.947254],[-53.929462,-32.947452],[-53.933063,-32.95198],[-53.93371,-32.951283],[-53.935536,-32.953586],[-53.940615,-32.950934],[-53.940777,-32.951239],[-53.943538,-32.949828],[-53.943771,-32.95014],[-53.944577,-32.949709],[-53.943781,-32.94864],[-53.948307,-32.946286],[-53.948601,-32.945927],[-53.948321,-32.945745]]]]}},{"type":"Feature","properties":{"nombre":"Laguna Blanca","departamento":"Maldonado"},"geometry":{"type":"MultiPolygon","coordinates":[[[[-54.841742,-34.908423],[-54.844119,-34.90635],[-54.841837,-34.901033],[-54.841461,-34.901347],[-54.841052,-34.901384],[-54.840019,-34.90179],[-54.839422,-34.901888],[-54.839162,-34.902018],[-54.83897,-34.902242],[-54.838747,-34.902228],[-54.837728,-34.902473],[-54.83741,-34.902426],[-54.836852,-34.902608],[-54.836526,-34.902547],[-54.835065,-34.905665],[-54.835976,-34.905899],[-54.837061,-34.906402],[-54.840813,-34.909254],[-54.841742,-34.908423]]]]}},{"type":"Feature","properties":{"nombre":"Paso de la Cadena","departamento":"Canelones"},"geometry":{"type":"MultiPolygon","coordinates":[[[[-56.150996,-34.443372],[-56.151225,-34.443366],[-56.152884,-34.444],[-56.153268,-34.444013],[-56.153048,-34.443847],[-56.152511,-34.442473],[-56.152593,-34.442448],[-56.152308,-34.441705],[-56.152204,-34.441715],[-56.151591,-34.440293],[-56.151711,-34.440256],[-56.151377,-34.439383],[-56.149861,-34.439716],[-56.150095,-34.44041],[-56.149945,-34.440441],[-56.150421,-34.441962],[-56.150311,-34.442108],[-56.150649,-34.442322],[-56.150996,-34.443372]]]]}},{"type":"Feature","properties":{"nombre":"Colonia Valdense","departamento":"Colonia"},"geometry":{"type":"MultiPolygon","coordinates":[[[[-57.277815,-34.353986],[-57.279603,-34.352706],[-57.278751,-34.351929],[-57.277558,-34.352771],[-57.276498,-34.35179],[-57.276633,-34.35168],[-57.275653,-34.35082],[-57.277549,-34.349456],[-57.27661,-34.34855],[-57.275463,-34.349365],[-57.274576,-34.348487],[-57.275959,-34.347459],[-57.275082,-34.346639],[-57.277807,-34.344663],[-57.275941,-34.342853],[-57.278837,-34.340788],[-57.272633,-34.334875],[-57.272361,-34.334509],[-57.271202,-34.333379],[-57.270343,-34.333698],[-57.269604,-34.333651],[-57.269233,-34.333723],[-57.268741,-34.333648],[-57.266098,-34.331168],[-57.265836,-34.331304],[-57.263835,-34.330984],[-57.264622,-34.327977],[-57.262567,-34.328586],[-57.260982,-34.329163],[-57.259722,-34.329682],[-57.258341,-34.330413],[-57.256414,-34.331568],[-57.250198,-34.3359],[-57.248109,-34.33698],[-57.246803,-34.337495],[-57.247834,-34.33778],[-57.248393,-34.337815],[-57.247866,-34.33791],[-57.249996,-34.340102],[-57.249937,-34.340273],[-57.248895,-34.34102],[-57.2512,-34.343111],[-57.261673,-34.353029],[-57.265477,-34.350332],[-57.267385,-34.352126],[-57.270778,-34.34971],[-57.271357,-34.35028],[-57.272816,-34.349216],[-57.274052,-34.350402],[-57.271674,-34.352146],[-57.272697,-34.353132],[-57.273632,-34.353759],[-57.275674,-34.355534],[-57.277815,-34.353986]]]]}},{"type":"Feature","properties":{"nombre":"Ceramicas del Sur","departamento":"San José"},"geometry":{"type":"MultiPolygon","coordinates":[[[[-56.499269,-34.707894],[-56.499904,-34.707565],[-56.498113,-34.70513],[-56.49535,-34.706514],[-56.4947,-34.707432],[-56.494498,-34.707528],[-56.493962,-34.707586],[-56.494176,-34.708048],[-56.494099,-34.70854],[-56.494429,-34.709008],[-56.49458,-34.709419],[-56.49476,-34.70965],[-56.494845,-34.709648],[-56.495122,-34.710066],[-56.499269,-34.707894]]]]}},{"type":"Feature","properties":{"nombre":"Castillos","departamento":"Rocha"},"geometry":{"type":"MultiPolygon","coordinates":[[[[-53.873132,-34.204425],[-53.874394,-34.204232],[-53.875651,-34.204257],[-53.883513,-34.205974],[-53.883653,-34.205765],[-53.883574,-34.205615],[-53.881192,-34.204398],[-53.870204,-34.200772],[-53.870563,-34.198881],[-53.870702,-34.198748],[-53.870921,-34.197367],[-53.869857,-34.197343],[-53.869812,-34.197623],[-53.868462,-34.197775],[-53.868364,-34.195429],[-53.868239,-34.195258],[-53.868794,-34.194954],[-53.869002,-34.194739],[-53.869665,-34.192247],[-53.86526,-34.192979],[-53.864139,-34.19308],[-53.864181,-34.192603],[-53.863997,-34.19246],[-53.863082,-34.190472],[-53.862942,-34.190406],[-53.86343,-34.189859],[-53.863434,-34.189656],[-53.863159,-34.189332],[-53.863064,-34.188877],[-53.862632,-34.188375],[-53.862038,-34.187939],[-53.861672,-34.18781],[-53.861397,-34.187517],[-53.861012,-34.187281],[-53.860438,-34.187056],[-53.859594,-34.187201],[-53.859291,-34.187126],[-53.858586,-34.186645],[-53.857955,-34.186332],[-53.857762,-34.186311],[-53.856683,-34.185428],[-53.854434,-34.18627],[-53.856228,-34.188215],[-53.854538,-34.189437],[-53.853306,-34.188649],[-53.852754,-34.188426],[-53.852216,-34.187675],[-53.850527,-34.188306],[-53.853122,-34.192257],[-53.849175,-34.19227],[-53.848825,-34.193027],[-53.848647,-34.192964],[-53.848379,-34.193573],[-53.848541,-34.193645],[-53.848213,-34.194361],[-53.847223,-34.193939],[-53.846759,-34.195559],[-53.846621,-34.195528],[-53.846473,-34.195748],[-53.846339,-34.195741],[-53.846254,-34.195879],[-53.845279,-34.195476],[-53.843915,-34.194741],[-53.843037,-34.194417],[-53.842296,-34.194325],[-53.840892,-34.194374],[-53.838559,-34.192334],[-53.838367,-34.192372],[-53.837168,-34.193299],[-53.838886,-34.194906],[-53.839284,-34.194911],[-53.839159,-34.195189],[-53.838276,-34.195641],[-53.837271,-34.196296],[-53.836872,-34.196633],[-53.836832,-34.196815],[-53.836857,-34.196955],[-53.83752,-34.197711],[-53.838608,-34.199497],[-53.840533,-34.198729],[-53.842443,-34.198186],[-53.843747,-34.196251],[-53.847904,-34.199606],[-53.848066,-34.199818],[-53.848502,-34.201314],[-53.848249,-34.203785],[-53.849293,-34.204063],[-53.849456,-34.204218],[-53.849975,-34.204048],[-53.85013,-34.204122],[-53.850456,-34.204614],[-53.850537,-34.204921],[-53.850713,-34.205065],[-53.850681,-34.205265],[-53.85077,-34.205563],[-53.851137,-34.205733],[-53.851582,-34.205751],[-53.852605,-34.205962],[-53.852974,-34.205929],[-53.853069,-34.205851],[-53.853421,-34.205879],[-53.853674,-34.205754],[-53.85403,-34.205719],[-53.85432,-34.205491],[-53.855286,-34.206261],[-53.856494,-34.206848],[-53.858152,-34.207198],[-53.859035,-34.207178],[-53.873132,-34.204425]]]]}},{"type":"Feature","properties":{"nombre":"Lapuente","departamento":"Rivera"},"geometry":{"type":"MultiPolygon","coordinates":[[[[-54.965126,-31.478768],[-54.96606,-31.478566],[-54.96642,-31.478783],[-54.966393,-31.47931],[-54.966672,-31.479353],[-54.967064,-31.479721],[-54.968164,-31.479899],[-54.968223,-31.480264],[-54.968312,-31.48038],[-54.968881,-31.480198],[-54.969114,-31.48024],[-54.969405,-31.480713],[-54.969668,-31.480748],[-54.969804,-31.480519],[-54.969936,-31.480481],[-54.970552,-31.480368],[-54.970773,-31.48045],[-54.970939,-31.480585],[-54.970761,-31.480825],[-54.970967,-31.481302],[-54.97147,-31.481663],[-54.971946,-31.482172],[-54.972395,-31.481608],[-54.972863,-31.481404],[-54.972997,-31.481252],[-54.973742,-31.480826],[-54.974227,-31.480655],[-54.975454,-31.479887],[-54.975796,-31.479493],[-54.976462,-31.47898],[-54.976851,-31.478457],[-54.977374,-31.477328],[-54.977397,-31.47594],[-54.977064,-31.475625],[-54.976027,-31.475311],[-54.975676,-31.475024],[-54.975324,-31.474871],[-54.975181,-31.474598],[-54.975227,-31.474307],[-54.975171,-31.474085],[-54.974528,-31.472808],[-54.974468,-31.472127],[-54.97395,-31.471364],[-54.973538,-31.471262],[-54.97308,-31.471382],[-54.972145,-31.472266],[-54.971928,-31.472317],[-54.971095,-31.472257],[-54.969781,-31.471993],[-54.969499,-31.471896],[-54.96918,-31.4716],[-54.968717,-31.470647],[-54.968768,-31.470095],[-54.969125,-31.469299],[-54.969719,-31.468867],[-54.970152,-31.468307],[-54.970486,-31.466958],[-54.970831,-31.4665],[-54.96392,-31.464676],[-54.963107,-31.464647],[-54.959047,-31.46556],[-54.958227,-31.465482],[-54.958095,-31.465519],[-54.957922,-31.465779],[-54.956864,-31.465217],[-54.960138,-31.469193],[-54.958516,-31.470552],[-54.955723,-31.472708],[-54.955805,-31.47276],[-54.955879,-31.473307],[-54.956247,-31.474117],[-54.956662,-31.474198],[-54.957166,-31.474016],[-54.957441,-31.474016],[-54.958367,-31.474594],[-54.958964,-31.474729],[-54.95939,-31.474493],[-54.960033,-31.474566],[-54.960549,-31.474822],[-54.960789,-31.475376],[-54.961115,-31.475586],[-54.961425,-31.475609],[-54.961855,-31.475888],[-54.963312,-31.476012],[-54.963552,-31.476229],[-54.963718,-31.476515],[-54.963859,-31.476508],[-54.964719,-31.47688],[-54.964955,-31.477086],[-54.964758,-31.477647],[-54.964773,-31.478078],[-54.964634,-31.478345],[-54.964661,-31.478438],[-54.965126,-31.478768]]]]}},{"type":"Feature","properties":{"nombre":"Cebollati","departamento":"Rocha"},"geometry":{"type":"MultiPolygon","coordinates":[[[[-53.7958,-33.276196],[-53.79606,-33.276129],[-53.796693,-33.275756],[-53.79579,-33.274726],[-53.798309,-33.273179],[-53.797071,-33.272571],[-53.797171,-33.272424],[-53.800443,-33.27267],[-53.801293,-33.27035],[-53.800913,-33.270033],[-53.801652,-33.269403],[-53.802069,-33.268166],[-53.801633,-33.267807],[-53.801551,-33.266859],[-53.801228,-33.26626],[-53.800948,-33.266053],[-53.800755,-33.265971],[-53.800022,-33.266525],[-53.798585,-33.265341],[-53.798496,-33.265423],[-53.797632,-33.264725],[-53.796953,-33.265299],[-53.795998,-33.26451],[-53.796107,-33.264368],[-53.795276,-33.263665],[-53.793376,-33.265309],[-53.790367,-33.262834],[-53.790966,-33.26252],[-53.790983,-33.262411],[-53.789703,-33.260883],[-53.789832,-33.260792],[-53.789601,-33.260482],[-53.78835,-33.261149],[-53.78862,-33.262891],[-53.788329,-33.263022],[-53.788642,-33.265255],[-53.786079,-33.265727],[-53.786835,-33.267683],[-53.78357,-33.268591],[-53.78369,-33.268848],[-53.784496,-33.26862],[-53.784623,-33.268925],[-53.786289,-33.268485],[-53.78652,-33.269249],[-53.787253,-33.269198],[-53.787766,-33.271621],[-53.794264,-33.272163],[-53.794161,-33.27238],[-53.794183,-33.272796],[-53.794659,-33.273474],[-53.794118,-33.273662],[-53.79323,-33.273741],[-53.792754,-33.275269],[-53.793275,-33.275391],[-53.792998,-33.275524],[-53.792844,-33.275875],[-53.7958,-33.276196]]]]}},{"type":"Feature","properties":{"nombre":"Fernandez","departamento":"Salto"},"geometry":{"type":"MultiPolygon","coordinates":[[[[-56.375576,-31.182364],[-56.375752,-31.182116],[-56.375993,-31.182123],[-56.376406,-31.181991],[-56.376534,-31.182031],[-56.376673,-31.181927],[-56.376988,-31.181412],[-56.377247,-31.181245],[-56.377666,-31.180758],[-56.377385,-31.180256],[-56.37748,-31.180042],[-56.377296,-31.179531],[-56.377296,-31.17873],[-56.376664,-31.178028],[-56.376481,-31.177437],[-56.377491,-31.177461],[-56.378386,-31.177672],[-56.378158,-31.176875],[-56.381097,-31.17731],[-56.38089,-31.176852],[-56.380668,-31.176613],[-56.379521,-31.175955],[-56.37842,-31.173919],[-56.378261,-31.173751],[-56.379124,-31.173473],[-56.375735,-31.173721],[-56.375337,-31.174641],[-56.375174,-31.174553],[-56.374536,-31.17452],[-56.372584,-31.174779],[-56.372626,-31.174854],[-56.37242,-31.174934],[-56.371788,-31.174881],[-56.371156,-31.175273],[-56.370642,-31.175193],[-56.370339,-31.175028],[-56.369944,-31.17503],[-56.369451,-31.174812],[-56.368964,-31.174774],[-56.368371,-31.17432],[-56.368244,-31.174621],[-56.366623,-31.175832],[-56.366561,-31.176032],[-56.365999,-31.176495],[-56.36585,-31.176778],[-56.365342,-31.177308],[-56.36389,-31.178288],[-56.363467,-31.178394],[-56.363053,-31.178344],[-56.362151,-31.178056],[-56.361563,-31.178026],[-56.361323,-31.177856],[-56.360992,-31.177786],[-56.360747,-31.177796],[-56.360452,-31.177932],[-56.359853,-31.17834],[-56.35984,-31.178552],[-56.359024,-31.178976],[-56.358336,-31.179177],[-56.357957,-31.179575],[-56.35788,-31.179876],[-56.357598,-31.180338],[-56.357721,-31.180679],[-56.357327,-31.181217],[-56.357127,-31.181359],[-56.357063,-31.182556],[-56.356735,-31.184145],[-56.35698,-31.18481],[-56.357861,-31.185322],[-56.358063,-31.185591],[-56.358385,-31.185779],[-56.359805,-31.18791],[-56.360588,-31.18764],[-56.360497,-31.187365],[-56.361246,-31.187432],[-56.362903,-31.187237],[-56.363749,-31.186625],[-56.364286,-31.186703],[-56.364378,-31.18619],[-56.364661,-31.18578],[-56.364847,-31.185655],[-56.365375,-31.18551],[-56.365307,-31.185121],[-56.36491,-31.184409],[-56.364785,-31.184325],[-56.363277,-31.184357],[-56.362724,-31.184299],[-56.361952,-31.184066],[-56.361501,-31.183797],[-56.362159,-31.183492],[-56.363661,-31.181818],[-56.364071,-31.18124],[-56.364779,-31.180716],[-56.366238,-31.180221],[-56.366654,-31.180721],[-56.36791,-31.180088],[-56.368975,-31.180965],[-56.36882,-31.180374],[-56.369494,-31.1798],[-56.370112,-31.180036],[-56.371072,-31.180843],[-56.372852,-31.181488],[-56.373574,-31.182969],[-56.375576,-31.182364]]]]}},{"type":"Feature","properties":{"nombre":"Paso de las Piedras de Arerungua","departamento":"Salto"},"geometry":{"type":"MultiPolygon","coordinates":[[[[-56.618542,-31.660012],[-56.619888,-31.65981],[-56.620598,-31.660001],[-56.620921,-31.660006],[-56.620697,-31.659796],[-56.620946,-31.659633],[-56.620763,-31.659421],[-56.620883,-31.659321],[-56.620771,-31.659214],[-56.620898,-31.659103],[-56.620838,-31.658846],[-56.620718,-31.658666],[-56.620718,-31.658487],[-56.620559,-31.658327],[-56.620631,-31.65763],[-56.620168,-31.657352],[-56.620954,-31.656934],[-56.620528,-31.656421],[-56.62054,-31.656028],[-56.620219,-31.655714],[-56.620253,-31.655415],[-56.620126,-31.655272],[-56.619122,-31.655629],[-56.618284,-31.655809],[-56.616776,-31.656492],[-56.616306,-31.656574],[-56.614561,-31.657574],[-56.614156,-31.657721],[-56.613793,-31.658128],[-56.613561,-31.658094],[-56.612687,-31.659065],[-56.612133,-31.659818],[-56.612094,-31.660627],[-56.612182,-31.660893],[-56.612083,-31.661634],[-56.612524,-31.661875],[-56.614761,-31.660126],[-56.615327,-31.66079],[-56.616404,-31.660137],[-56.616779,-31.660485],[-56.618542,-31.660012]]]]}},{"type":"Feature","properties":{"nombre":"Las Flores","departamento":"Rivera"},"geometry":{"type":"MultiPolygon","coordinates":[[[[-55.192735,-31.785035],[-55.195598,-31.784382],[-55.200386,-31.78935],[-55.203346,-31.786913],[-55.203434,-31.786994],[-55.203618,-31.786998],[-55.203603,-31.787096],[-55.20393,-31.787265],[-55.20405,-31.787257],[-55.204354,-31.786942],[-55.203975,-31.78669],[-55.203581,-31.786589],[-55.203614,-31.786383],[-55.203363,-31.785831],[-55.203532,-31.78538],[-55.203351,-31.785191],[-55.202222,-31.785423],[-55.200411,-31.785513],[-55.199947,-31.785253],[-55.19988,-31.784881],[-55.199985,-31.784487],[-55.199853,-31.783793],[-55.199636,-31.783793],[-55.19944,-31.783376],[-55.200104,-31.782949],[-55.200024,-31.782428],[-55.200132,-31.781112],[-55.201415,-31.780573],[-55.201338,-31.780416],[-55.201367,-31.780239],[-55.201172,-31.780129],[-55.200965,-31.779864],[-55.200983,-31.779703],[-55.200819,-31.779471],[-55.20078,-31.779254],[-55.200514,-31.779072],[-55.200277,-31.778577],[-55.200213,-31.778286],[-55.200646,-31.777656],[-55.20088,-31.778273],[-55.201342,-31.778449],[-55.201461,-31.778343],[-55.201295,-31.777611],[-55.201168,-31.777367],[-55.200867,-31.777255],[-55.201145,-31.776842],[-55.200508,-31.776492],[-55.199665,-31.777724],[-55.199225,-31.777461],[-55.199114,-31.777619],[-55.197826,-31.776514],[-55.192839,-31.780527],[-55.192815,-31.781165],[-55.192692,-31.781205],[-55.192476,-31.781459],[-55.192153,-31.781552],[-55.19184,-31.781786],[-55.191669,-31.781796],[-55.191586,-31.781699],[-55.191236,-31.781797],[-55.191385,-31.78151],[-55.191475,-31.780139],[-55.191597,-31.780102],[-55.1909,-31.779374],[-55.190191,-31.779785],[-55.190435,-31.78009],[-55.189252,-31.780312],[-55.189337,-31.781211],[-55.189232,-31.781308],[-55.189306,-31.781364],[-55.189234,-31.781584],[-55.189324,-31.781753],[-55.188903,-31.781979],[-55.187508,-31.777732],[-55.181101,-31.779325],[-55.18053,-31.779402],[-55.181956,-31.783964],[-55.181927,-31.784265],[-55.182115,-31.784754],[-55.182086,-31.785121],[-55.181865,-31.785383],[-55.182241,-31.785459],[-55.182513,-31.785343],[-55.182762,-31.785345],[-55.183723,-31.785644],[-55.184005,-31.785644],[-55.184214,-31.785551],[-55.184716,-31.785641],[-55.185925,-31.78553],[-55.186207,-31.785185],[-55.186603,-31.786456],[-55.192518,-31.784998],[-55.192735,-31.785035]]]]}},{"type":"Feature","properties":{"nombre":"Cerro Pelado","departamento":"Rivera"},"geometry":{"type":"MultiPolygon","coordinates":[[[[-55.154261,-31.474919],[-55.153851,-31.474904],[-55.15382,-31.475514],[-55.154344,-31.47557],[-55.154879,-31.475445],[-55.155497,-31.475674],[-55.155622,-31.475354],[-55.157847,-31.476355],[-55.159931,-31.474435],[-55.157877,-31.472477],[-55.157747,-31.472565],[-55.15767,-31.471856],[-55.157781,-31.471577],[-55.157818,-31.470881],[-55.157554,-31.470089],[-55.156928,-31.470532],[-55.156302,-31.46889],[-55.154188,-31.469957],[-55.15414,-31.469888],[-55.15367,-31.47014],[-55.153801,-31.470398],[-55.154248,-31.470182],[-55.154351,-31.470422],[-55.155076,-31.470187],[-55.154938,-31.471147],[-55.15523,-31.47107],[-55.155501,-31.472014],[-55.156098,-31.471875],[-55.15611,-31.472794],[-55.156357,-31.473675],[-55.154888,-31.474868],[-55.154614,-31.474944],[-55.154261,-31.474919]]]]}},{"type":"Feature","properties":{"nombre":"Mangrullo","departamento":"San José"},"geometry":{"type":"MultiPolygon","coordinates":[[[[-56.837335,-34.584118],[-56.837422,-34.583997],[-56.837924,-34.584232],[-56.838663,-34.584032],[-56.839149,-34.585376],[-56.839691,-34.585656],[-56.840626,-34.584376],[-56.840756,-34.584034],[-56.8404,-34.583617],[-56.839755,-34.58232],[-56.838708,-34.582627],[-56.838795,-34.582949],[-56.83647,-34.583552],[-56.837263,-34.583922],[-56.837168,-34.583968],[-56.837335,-34.584118]]],[[[-56.838957,-34.580679],[-56.840425,-34.580514],[-56.840342,-34.579831],[-56.838599,-34.579954],[-56.838957,-34.580679]]]]}},{"type":"Feature","properties":{"nombre":"Fracc. Progreso","departamento":"Canelones"},"geometry":{"type":"MultiPolygon","coordinates":[[[[-56.242599,-34.646182],[-56.242121,-34.647166],[-56.242021,-34.647586],[-56.242076,-34.647837],[-56.242269,-34.647985],[-56.24553,-34.647035],[-56.249007,-34.645819],[-56.248695,-34.645567],[-56.244494,-34.643123],[-56.242599,-34.646182]]]]}},{"type":"Feature","properties":{"nombre":"San Antonio","departamento":"Rocha"},"geometry":{"type":"MultiPolygon","coordinates":[[[[-54.087843,-34.55301],[-54.089059,-34.552551],[-54.080302,-34.546546],[-54.080476,-34.546324],[-54.079802,-34.545868],[-54.079627,-34.546077],[-54.079345,-34.5461],[-54.079246,-34.54587],[-54.073655,-34.542103],[-54.073705,-34.542037],[-54.07042,-34.539799],[-54.069974,-34.533914],[-54.062174,-34.535669],[-54.058853,-34.536243],[-54.056944,-34.538143],[-54.057922,-34.53868],[-54.058684,-34.539308],[-54.060068,-34.540129],[-54.060256,-34.540162],[-54.060422,-34.540333],[-54.060672,-34.5404],[-54.060771,-34.540578],[-54.062541,-34.541666],[-54.062749,-34.541879],[-54.065192,-34.543397],[-54.066287,-34.544206],[-54.067943,-34.545164],[-54.070282,-34.546826],[-54.071106,-34.547266],[-54.0717,-34.547783],[-54.07182,-34.547784],[-54.072454,-34.548263],[-54.073065,-34.548562],[-54.074067,-34.549339],[-54.074591,-34.549612],[-54.075807,-34.550581],[-54.077136,-34.551407],[-54.07742,-34.551488],[-54.077551,-34.551651],[-54.077994,-34.55191],[-54.080114,-34.553537],[-54.082079,-34.554832],[-54.082603,-34.555059],[-54.087578,-34.553249],[-54.087703,-34.553024],[-54.087843,-34.55301]]]]}},{"type":"Feature","properties":{"nombre":"Paso Carrasco","departamento":"Canelones"},"geometry":{"type":"MultiPolygon","coordinates":[[[[-56.053661,-34.86938],[-56.058414,-34.868131],[-56.058985,-34.867726],[-56.059905,-34.866651],[-56.060726,-34.86603],[-56.060846,-34.865656],[-56.060363,-34.864266],[-56.060048,-34.863759],[-56.056871,-34.860856],[-56.056212,-34.859902],[-56.056111,-34.859146],[-56.056264,-34.856823],[-56.056189,-34.856573],[-56.056266,-34.856244],[-56.056227,-34.855971],[-56.054212,-34.851978],[-56.054244,-34.851343],[-56.054124,-34.8507],[-56.054195,-34.847172],[-56.054315,-34.845954],[-56.054216,-34.844845],[-56.054367,-34.842974],[-56.054366,-34.841208],[-56.054685,-34.835131],[-56.054669,-34.833876],[-56.054832,-34.82999],[-56.055048,-34.827155],[-56.054969,-34.826765],[-56.055048,-34.826481],[-56.054923,-34.826026],[-56.05462,-34.82584],[-56.054582,-34.825381],[-56.054027,-34.824734],[-56.053329,-34.823566],[-56.05303,-34.823239],[-56.052392,-34.822272],[-56.04816,-34.821473],[-56.047308,-34.821644],[-56.047197,-34.821766],[-56.046658,-34.821768],[-56.040222,-34.823026],[-56.039873,-34.823749],[-56.038442,-34.824693],[-56.036451,-34.822738],[-56.034027,-34.820099],[-56.032603,-34.81526],[-56.031045,-34.815815],[-56.030424,-34.81634],[-56.028315,-34.817553],[-56.027913,-34.817854],[-56.015162,-34.825105],[-56.009673,-34.825057],[-56.009523,-34.825004],[-56.011083,-34.832219],[-56.011848,-34.834831],[-56.012298,-34.836757],[-56.012932,-34.839861],[-56.012823,-34.840539],[-56.013233,-34.840852],[-56.014079,-34.842046],[-56.014792,-34.842678],[-56.015365,-34.843022],[-56.016646,-34.843543],[-56.022688,-34.845339],[-56.023187,-34.845554],[-56.023779,-34.846029],[-56.02377,-34.846343],[-56.023458,-34.847424],[-56.02349,-34.848],[-56.023643,-34.848512],[-56.028984,-34.856744],[-56.029604,-34.858056],[-56.029834,-34.859409],[-56.030061,-34.859253],[-56.030347,-34.859463],[-56.030165,-34.85977],[-56.030304,-34.860545],[-56.040374,-34.869846],[-56.039705,-34.870253],[-56.039708,-34.870405],[-56.04024,-34.870906],[-56.040644,-34.870642],[-56.04116,-34.870203],[-56.041322,-34.869917],[-56.041392,-34.869701],[-56.041365,-34.869179],[-56.041428,-34.869083],[-56.041977,-34.868688],[-56.042586,-34.868549],[-56.043845,-34.868602],[-56.045254,-34.868431],[-56.045843,-34.868136],[-56.046428,-34.867718],[-56.047249,-34.867531],[-56.047697,-34.867534],[-56.048075,-34.867633],[-56.050025,-34.868551],[-56.050695,-34.868788],[-56.051392,-34.869286],[-56.051816,-34.869471],[-56.052842,-34.869525],[-56.053661,-34.86938]]]]}}]}